gene_family,class,gene_length,Ls,Ls_keep,pi_s,thetaW_s,n_median,seg_s_sites,number_genomes
g000145,4fold,1698,282,71,0.0166929370515544,0.0346423422292648,250,15,251
g000145,2fold,1698,122,34,0.00833629902784328,0.019290594541297,250,4,251
g000150_3,4fold,1356,214,60,0.00344262295081967,0.00356135217345783,61,1,62
g000150_3,2fold,1356,182,67,0.0061748370784891,0.00954554597148807,62,3,62
g000150_4,4fold,1413,200,59,0.0553672316384181,0.0361926396100615,8,6,10
g000150_4,2fold,1413,144,47,0,0,5,0,10
g000168,4fold,3276,488,54,0.00420070806100218,0.0151284241109526,256,5,256
g000168,2fold,3276,435,65,0.00726102941176471,0.0100545834091254,256,4,256
g000200,4fold,2301,368,63,0.0202621999149616,0.023345985513649,255,9,256
g000200,2fold,2301,257,56,0.010318947953197,0.0350264607413139,255.5,12,256
g000214,4fold,1869,241,55,0.0228444464096215,0.0178126656406901,257,6,257
g000214,2fold,1869,251,54,0.0154628728923476,0.012095019879481,257,4,257
g000222,4fold,3066,528,57,0.0300102571142048,0.0324584311152944,215,11,215
g000222,2fold,3066,301,47,0.000982210157828776,0.00715717823432024,215,2,215
g000242_2,4fold,819,30,15,0.00821200510855683,0.0720957088028838,145,6,145
g000242_2,2fold,819,19,12,0.00346424010217112,0.0450786257236859,145,3,145
g000264,4fold,1005,129,61,0.0713625734263799,0.100231147065122,239,37,239
g000264,2fold,1005,114,47,0.0378057748515591,0.0703174234729435,239,20,239
g000290,4fold,2724,475,65,0.0181223810236456,0.0150722555421224,257,6,257
g000290,2fold,2724,259,43,0.00286173196995748,0.0189863684154643,257,5,257
g000314,4fold,969,148,67,0.0320420077658904,0.0469991404900106,235,19,235
g000314,2fold,969,97,40,0.0108937988725223,0.012431117445671,235,3,235
g000322,4fold,1899,202,39,0.0307577505066402,0.053122378514575,184,12,185
g000322,2fold,1899,290,70,0.00846318469982048,0.0222033423444377,184,9,185
g000332,4fold,1536,262,72,0.0324512840960209,0.035208357721536,209,15,209
g000332,2fold,1536,147,29,0.0016308555328519,0.0116551804871292,209,2,209
g000333_2,4fold,1536,206,60,0.0637969128723377,0.0742409578080738,34,19,58
g000333_2,2fold,1536,148,51,0.041218963332379,0.0462540611982705,43,10,58
g000371,4fold,3117,485,63,0.00226797302450716,0.0161149663049825,208,6,210
g000371,2fold,3117,304,43,0.0112314622918103,0.00786366647614729,208,2,210
g000374,4fold,1869,308,70,0.00813545226258628,0.0163431953455695,256,7,256
g000374,2fold,1869,212,53,0.00145787088420274,0.00924831964518611,256,3,256
g000378,4fold,1350,246,90,0.0189184594953519,0.0327844511911075,251,18,251
g000378,2fold,1350,136,42,0.0251899070385126,0.0234166116071217,251,6,251
g000382,4fold,1089,184,63,0.0215050027793219,0.0440604295609664,257,17,257
g000382,2fold,1089,113,49,0.014873094179306,0.0366553153490392,257,11,257
g000403,4fold,891,146,72,0.0323193755575283,0.0408496549493433,256,18,256
g000403,2fold,891,76,40,0.014344362745098,0.0163386980398288,256,4,256
g000406,4fold,2766,398,63,0.0459467433151644,0.0348730400289499,209,13,209
g000406,2fold,2766,359,48,0.01697836155073,0.017604178860768,209,5,209
g000421,4fold,1233,190,77,0.0208759978653936,0.0235201597312815,245,11,245
g000421,2fold,1233,105,30,0.0198635360305142,0.0109787764170915,245,2,245
g000439,4fold,1524,220,69,0.00282629218520739,0.0165968008762114,254,7,254
g000439,2fold,1524,195,50,0.00909277644642246,0.0032719407441674,254,1,254
g000441,4fold,1188,149,53,0.0112116900482387,0.0184887742318594,257,6,257
g000441,2fold,1188,165,49,0.0130678584663437,0.0129410204680429,257,3,257
g000462,4fold,1260,222,64,0.0196566451848249,0.0306155190699362,257,12,257
g000462,2fold,1260,116,41,0.00549403293157445,0.0119475196370483,257,3,257
g000468,4fold,630,91,67,0.0488239182815592,0.0778268840603268,215,31,215
g000468,2fold,630,43,31,0.0391527788489178,0.0705328371156398,215,13,215
g000485,4fold,1203,212,79,0.0119337925043435,0.0186137066276531,256,9,256
g000485,2fold,1203,71,29,0.00760437795807978,0.0169021014205126,256,3,256
g000516_1,4fold,894,111,59,0.00826122191089215,0.00956182119452556,115,3,116
g000516_1,2fold,894,138,64,0.0253803608064389,0.0146864464151509,114,5,116
g000516_2,4fold,894,115,56,0.0456045797412266,0.0294748484316348,72,8,75
g000516_2,2fold,894,132,63,0.0139545980674946,0.0130998359667634,72,4,75
g000516_3,4fold,894,90,42,0.0720730086906558,0.137309287238445,18,20,29
g000516_3,2fold,894,99,41,0.0407163177966621,0.0926003849249032,18,13,29
g000532,4fold,1137,161,65,0.00295083402653124,0.0100822184087324,252,4,252
g000532,2fold,1137,150,61,0.0220794386855389,0.0134287459290742,252,5,252
g000583,4fold,1209,214,81,0.00190442689421448,0.0161369857183494,256,8,256
g000583,2fold,1209,112,42,0.00165805905695612,0.015560664799837,256,4,256
g000634,4fold,1137,176,71,0.0249292118699537,0.0322186264812366,256,14,256
g000634,2fold,1137,118,45,0.0537150258178512,0.0326820518392916,256,9,256
g000645,4fold,882,124,53,0.0123870576646208,0.0340426808580033,250,11,250
g000645,2fold,882,54,29,0.0479158011355768,0.0226239759934066,250,4,250
g000647,4fold,663,82,48,0.0234140182310914,0.0476808522743996,165,13,165
g000647,2fold,663,63,39,0.0136638429321356,0.0406274717604351,165,9,165
g000730,4fold,654,102,70,0.0365964712578259,0.0374665785713947,251,16,251
g000730,2fold,654,67,47,0.0265084343477155,0.013950321808498,251,4,251
g000747,4fold,1398,222,72,0.0272858149598234,0.0352102663930303,209,15,209
g000747,2fold,1398,147,52,0.0506162759232201,0.0325026652881022,209,10,209
g000752,4fold,1563,273,77,0.031968031968032,0.0304938766085802,143,13,143
g000752,2fold,1563,131,38,0.0168371287718953,0.014259282381745,143,3,143
g000759,4fold,1521,266,65,0.0136473939839875,0.018279347550138,204,7,204
g000759,2fold,1521,145,42,0.00444545634345691,0.0121211596016339,204,3,204
g000814,4fold,873,143,87,0.0134217402356382,0.0272638054525378,206,14,206
g000814,2fold,873,84,37,0.00153599016966292,0.00457878562050873,206,1,206
g000817,4fold,894,111,51,0.0459989215856385,0.061027052813891,183,18,183
g000817,2fold,894,105,49,0.022544200530149,0.014113609535816,183,4,183
g000830,4fold,768,133,67,0.0212783994515782,0.0281076720381526,254,10,254
g000830,2fold,768,81,46,0.0315308171291116,0.0142351073386371,254,4,254
g000839_2,4fold,1983,204,39,0,0,2,0,2
g000839_2,2fold,1983,150,39,0.0256410256410256,0.0256410256410256,2,1,2
g000841,4fold,1671,270,71,0.00415746283464931,0.0209758580806039,237,9,237
g000841,2fold,1671,192,43,0.00977599044687153,0.00769656808125519,237,2,237
g000849_1,4fold,1479,260,70,0.032946420681077,0.0466942319159684,257,20,257
g000849_1,2fold,1479,158,40,0.0181113482559542,0.0245344276367765,253,6,257
g000849_2,4fold,1503,280,82,0.0627177700348432,0.0686908909905426,3,10,7
g000849_2,2fold,1503,172,49,0.0194363459669582,0.0219353047341386,7,2,7
g000872_2,4fold,618,95,62,0.0159795177477431,0.0214740504528966,229,8,229
g000872_2,2fold,618,96,67,0.0194431199552685,0.0149036320307417,229,6,229
g000874,4fold,570,89,68,0.0401144735017077,0.0245419822579112,149,9,149
g000874,2fold,570,34,29,0.0336696335307768,0.0309107023266875,149,5,149
g000911,4fold,1038,130,57,0.0123915244771926,0.0157973966408599,191,5,213
g000911,2fold,1038,118,40,0.00850495804729214,0.00940239564378285,191,2,213
g000916,4fold,858,161,80,0.000681295955882353,0.010211686274893,256,5,256
g000916,2fold,858,63,32,0.00713752297794118,0.010211686274893,256,2,256
g000935,4fold,1668,277,73,0.0222992187236441,0.0230717785318929,118,9,118
g000935,2fold,1668,197,42,0.0110615027330399,0.0267483265495879,118,6,118
g000936,4fold,1818,146,37,0.0310949490734081,0.0392206616955378,143,8,143
g000936,2fold,1818,93,27,0.0109363771335602,0.0133790797655879,143,2,143
g000945,4fold,1569,249,65,0.0157203796217249,0.0179792461394817,225,7,225
g000945,2fold,1569,202,52,0.015248778998779,0.0160494686049336,225,5,225
g000954,4fold,1134,116,44,0.0281823646872103,0.0629295509884864,182,16,183
g000954,2fold,1134,155,56,0.0490262390061192,0.0463602526054086,182,15,183
g000990,4fold,3027,463,64,0.00185085486512163,0.0133000676609,200,5,201
g000990,2fold,3027,401,57,0,0,200,0,201
g001028,4fold,876,137,66,0.00857710339207958,0.0148724579280336,254,6,254
g001028,2fold,876,94,52,0.0204158217680984,0.0157304843469586,254,5,254
g001037,4fold,2613,315,52,0.00531811288729357,0.0149610689055744,96,4,97
g001037,2fold,2613,403,59,0.000698780850431164,0.00329984602974838,96,1,97
g001058,4fold,1368,230,75,0.041659490393289,0.0473965192015043,118,19,119
g001058,2fold,1368,93,29,0.0626763975682737,0.0322651308970917,118,5,119
g001074,4fold,1221,226,75,0.0228207151964058,0.0230741482992329,182,10,182
g001074,2fold,1221,98,38,0.00445120450936095,0.0136623246508616,182,3,182
g001091,4fold,888,129,63,0.0262429971988795,0.0233426599710533,256,9,256
g001091,2fold,888,92,41,0.0365691991946497,0.0318855097560094,256,8,256
g001093,4fold,834,87,48,0.00455040732452868,0.0280543307699542,214,8,214
g001093,2fold,834,122,67,0.00108841078273238,0.00502465625730523,214,2,214
g001118,4fold,1671,278,69,0.0342885528055796,0.0284333452156614,255,12,255
g001118,2fold,1671,190,54,0.0216915695995517,0.0121104988881521,255,4,255
g001121,4fold,1839,286,65,0.00441925543532,0.0178474008151237,235,7,235
g001121,2fold,1839,241,64,0.00567262229496272,0.00517840902465782,235,2,235
g001134,4fold,1518,254,70,0.0332499688357018,0.031843442143539,192,13,192
g001134,2fold,1518,176,55,0.00591682532127558,0.0187052387416593,192,6,192
g001145,4fold,1158,172,65,0.0245754245754246,0.0197101457260332,133,7,133
g001145,2fold,1158,115,43,0.00136705399863294,0.00425634376143575,133,1,133
g001146,4fold,1158,178,73,0.0208981747895439,0.0498695438689548,237,22,237
g001146,2fold,1158,122,49,0.0206213152134459,0.0202647630799233,237,6,237
g001147,4fold,1155,138,51,0.0545492060522877,0.0575953749443946,184,17,184
g001147,2fold,1155,173,63,0.020786351226225,0.0191972393597556,184,7,184
g001150,4fold,1209,127,43,0.00325886914331022,0.0126663625926463,139,3,139
g001150,2fold,1209,189,69,0.009392863780809,0.00789353031135928,139,3,139
g001151,4fold,1194,208,74,0.00701537658059399,0.0411415641269904,208,18,208
g001151,2fold,1194,90,28,0.00171371502893243,0.0241625059158515,208,4,208
g001162,4fold,807,148,74,0.00266162648908284,0.0132575096237653,255,6,255
g001162,2fold,807,68,39,0.00274500634570715,0.0167737831896627,255,4,255
g001179,4fold,699,101,59,0.019705967561087,0.0201672523085126,202,7,202
g001179,2fold,699,73,46,0.00732133563778182,0.00369524188261566,202,1,202
g001192,4fold,2010,300,62,0.0196228210779403,0.0342229693123518,161,12,161
g001192,2fold,2010,266,57,0.0045412444153863,0.00620416402738542,161,2,161
g001206,4fold,1461,163,47,0.0135731351485483,0.0270294625980526,139,7,140
g001206,2fold,1461,191,54,0.00329012152596763,0.0134482368267603,139,4,140
g001217,4fold,1269,220,79,0.0327302200290829,0.0284259887397162,118,12,118
g001217,2fold,1269,137,49,0.0161538757180404,0.0190956897146053,118,5,118
g001227,4fold,1224,166,63,0.00969893957271235,0.040425520486389,93,13,93
g001227,2fold,1224,155,51,0.0342014318583909,0.0460960686089141,93,12,93
g001232,4fold,1200,207,78,0.0281123699728351,0.0172371501611067,216,8,216
g001232,2fold,1200,132,48,0.0415697674418605,0.0210077767588488,216,6,216
g001247,4fold,825,88,44,0.00946142985209922,0.0155696804610602,235,4,250
g001247,2fold,825,112,56,0.00190136666310552,0.0061422038522742,244,2,250
g001253,4fold,927,169,75,0.00954678362573099,0.0207670310138831,96,8,96
g001253,2fold,927,82,34,0,0,96,0,96
g001254,4fold,918,124,66,0.00764433927830224,0.00747712826774091,245.5,3,249
g001254,2fold,918,106,53,0.00137244420363236,0.0186098985812319,247,6,249
g001257,4fold,699,77,46,0.00289486814157131,0.0249205752214514,253,7,254
g001257,2fold,699,62,40,0.000986592411819271,0.0163703311961965,253,4,254
g001303,4fold,1086,193,78,0.00629071717965437,0.0150943053787908,215,7,215
g001303,2fold,1086,116,39,0.00343069232441108,0.017250634718618,215,4,215
g001308,4fold,1197,173,73,0.0109005674187483,0.0201436003230766,256,9,256
g001308,2fold,1197,154,56,0.00951779149159664,0.0116704985998777,256,4,256
g001310,4fold,1062,142,56,0.0152530929625695,0.0241699155695591,208,8,208
g001310,2fold,1062,147,62,0.011835270169568,0.0163703800322845,208,6,208
g001318,4fold,939,71,28,0.0179062268824138,0.0181072809866768,209.5,3,211
g001318,2fold,939,133,62,0.0228359835350208,0.0245236069908168,211,9,211
g001325,4fold,792,139,80,0.0102213306887847,0.0269087523544627,236,13,236
g001325,2fold,792,64,35,0.000242130750605325,0.00473120920518026,236,1,236
g001328,4fold,786,133,77,0.0344846402510848,0.030853860804159,204,14,204
g001328,2fold,786,79,41,0.0637932212413982,0.0372503929220944,204,9,204
g001339,4fold,747,110,62,0.0422816585641955,0.0316724793768537,254,12,254
g001339,2fold,747,67,38,0.0195807383864826,0.0172263120731388,254,4,254
g001350,4fold,474,61,54,0.014997883340539,0.0272137947288322,257,9,257
g001350,2fold,474,57,54,0.0130129521544891,0.0151187748493512,257,5,257
g001351,4fold,462,73,67,0.0259375502855075,0.0172171814686258,243,7,243
g001351,2fold,462,43,41,0.0120180203944678,0.00803868403064758,243,2,243
g001397,4fold,1233,179,59,0.0173044531003264,0.0209784868383626,161,7,161
g001397,2fold,1233,145,52,0.0041298375537506,0.0136014365215757,161,4,161
g001403,4fold,1077,190,78,0.0042865619924242,0.0251539246422943,255,12,255
g001403,2fold,1077,115,45,0.0104767296244832,0.0145325986657825,255,4,255
g001428,4fold,822,96,59,0.0193126795831385,0.019784574773491,226,7,227
g001428,2fold,822,121,70,0.0156373322138232,0.0190618198277086,226,8,227
g001430,4fold,789,122,61,0.00178905767307608,0.021701798524195,237,8,237
g001430,2fold,789,93,51,0.00197017947563778,0.0227124214946844,237,7,237
g001438,4fold,723,66,41,0.00862378601128876,0.0215490995416049,161,5,162
g001438,2fold,723,91,51,0.00202958752169192,0.0174451376857198,161,5,162
g001451,4fold,753,132,79,0.0120586275816123,0.0295733036590108,96,12,96
g001451,2fold,753,69,33,0.0176103136629452,0.0294986235992658,96,5,96
g001487,4fold,1539,201,50,0.0130887201901695,0.0141338552701196,162,4,162
g001487,2fold,1539,165,46,0.00709634830617817,0.00383966730960505,162,1,162
g001494,4fold,1269,179,61,0.052407563565681,0.0339158783741653,186,12,186
g001494,2fold,1269,195,77,0.00918337692531241,0.00895614104252851,186,4,186
g001500_2,4fold,1182,80,32,0.01171875,0.0282530229804216,16,3,16
g001500_2,2fold,1182,57,19,0.0131578947368421,0.0317226924692453,16,2,16
g001538,4fold,630,93,57,0.00759225655189908,0.0213277387078187,78,6,83
g001538,2fold,630,62,43,0.0110072084013426,0.0189855768634024,78,4,83
g001550,4fold,567,46,34,0.00406834245326038,0.0270669689267203,129,5,129
g001550,2fold,567,24,22,0.0353131606765328,0.0334646161275814,129,4,129
g001557,4fold,2487,395,73,0.0242491071904483,0.0380247542786422,257,17,257
g001557,2fold,2487,332,60,0.00077821011673152,0.0163282768372993,257,6,257
g001564,4fold,1641,301,67,0.0064536766111764,0.00774878114526478,182,3,182
g001564,2fold,1641,164,45,0.00655293141480987,0.00769138276641097,182,2,182
g001572,4fold,1317,156,48,0.0371615842404271,0.0241283631814291,43,5,43
g001572,2fold,1317,199,76,0.00445882147228537,0.00304106237066462,43,1,43
g001573,4fold,1287,258,80,0.0421607256079737,0.0347446331502765,255,17,255
g001573,2fold,1287,103,31,0.00556808956755168,0.010547853870326,255,2,255
g001574,4fold,1494,277,66,0.0174096921808592,0.0230579636311497,209,9,209
g001574,2fold,1494,117,31,0.0155205575409311,0.00545161667946364,209,1,209
g001588,4fold,1062,169,67,0.0150318981855143,0.0228655819642693,200,9,201
g001588,2fold,1062,112,38,0,0,201,0,201
g001590,4fold,1038,191,82,0.0035469899860981,0.0282520364933879,237,14,237
g001590,2fold,1038,88,30,0.00196190612410308,0.0220634951662649,237,4,237
g001598,4fold,933,162,74,0.00577342146428798,0.006671767698019,245,3,245
g001598,2fold,933,103,47,0.000864161499967969,0.0105044853117746,245,3,245
g001601,4fold,843,165,93,0.0197320952181384,0.0212636158230033,243,12,243
g001601,2fold,843,73,44,0.00992168393453977,0.0149811838752978,243,4,243
g001614,4fold,654,105,66,0.0497819640676784,0.0310652836491246,196,12,196
g001614,2fold,654,59,35,0.0299050609254691,0.0195267497223069,196,4,196
g001621,4fold,702,115,70,0.0296358219844358,0.0256587207443275,257,11,257
g001621,2fold,702,81,56,0.0115059581712062,0.0145788186047315,257,5,257
g001632,4fold,528,85,68,0.000973908629161528,0.00497870161608337,207,2,207
g001632,2fold,528,61,51,0.00366388288817708,0.00995740323216675,207,3,207
g001647,4fold,1794,173,44,0,0,86,0,86
g001647,2fold,1794,180,43,0.00111505051112046,0.0093108416570603,86,2,86
g001656,4fold,1581,225,62,0.00614311792958382,0.0192260865889655,86,6,87
g001656,2fold,1581,210,61,0.00855788382635845,0.00651626595860689,86,2,87
g001674,4fold,1080,154,64,0.0123133043516097,0.012834724542558,248,5,248
g001674,2fold,1080,146,64,0.00247169665012407,0.00769878012910893,248,3,248
g001688,4fold,882,150,71,0.0099865994385284,0.0164952957334,231,7,231
g001688,2fold,882,81,52,0.017546221894048,0.0063916489230569,231,2,231
g001694,4fold,876,95,54,0.0373470745027526,0.0540365399932752,117,15,121
g001694,2fold,876,38,19,0.000956937799043059,0.00998106291994894,110,1,121
g001695,4fold,831,128,60,0.0163068675746161,0.0254544351634312,204,9,204
g001695,2fold,831,100,47,0.00786286634976808,0.0216633490752606,204,6,204
g001699,4fold,810,136,74,0.0215391294909367,0.0199488436968889,250,9,250
g001699,2fold,810,76,42,0.00038095238095238,0.00781065837867607,250,2,250
g001706,4fold,894,106,52,0.0314838185841955,0.0430001227212807,117,12,133
g001706,2fold,894,130,69,0.0135657994886276,0.0161709536497211,117,6,133
g001714,4fold,675,81,60,0.0143770617388178,0.0423189637367087,207,15,207
g001714,2fold,675,92,62,0.0187275607420217,0.0218420457995916,207,8,207
g001743,4fold,2556,427,67,0.00877246420956442,0.00666429511797955,50,2,50
g001743,2fold,2556,331,61,0.0136768149882904,0.0109796993337204,50,3,50
g001745_2,4fold,1962,313,70,0,0,2,0,2
g001745_2,2fold,1962,272,73,0,0,2,0,2
g001751,4fold,1617,246,79,0.0107197795960071,0.0211299899320633,225,10,225
g001751,2fold,1617,223,66,0.0226206221946132,0.0227648363766908,225,9,225
g001811,4fold,660,105,73,0.0189823874755382,0.02385683336773,56,8,56
g001811,2fold,660,69,53,0.020681205586866,0.0246445589977966,56,6,56
g001826,4fold,624,109,77,0.00603372662196192,0.0213049722934054,136,9,136
g001826,2fold,624,65,46,0.0108648290233968,0.00396251900143047,136,1,136
g001827,4fold,627,62,43,0.0107240490025227,0.015521258329744,227,4,227
g001827,2fold,627,87,56,0.00555395284567636,0.0119092444347348,227,4,227
g001847,4fold,2577,345,56,0.0717740942530859,0.0595200994817997,51,15,52
g001847,2fold,2577,357,54,0.0402651886965613,0.0411432268696585,52,10,52
g001849,4fold,3135,461,73,0.00212381862588935,0.00543880714473726,87,2,87
g001849,2fold,3135,470,73,0.00828289264096846,0.00815821071710589,87,3,87
g001863,4fold,1419,254,76,0.00903046574139747,0.0172207407587758,254,8,254
g001863,2fold,1419,141,52,0.000745146671199389,0.00314609686939173,254,1,254
g001882,4fold,1140,161,68,0.0629141311697093,0.0890893537152478,30,24,30
g001882,2fold,1140,138,48,0.0270593869731801,0.0368112260142864,30,7,30
g001920,4fold,864,145,70,0.0214188657655725,0.0354591886600685,237,15,237
g001920,2fold,864,89,45,0.0109164302685006,0.0183862459718874,237,5,237
g001996,4fold,1263,231,84,0.0305156110722582,0.0289402118501156,72,12,108
g001996,2fold,1263,113,49,0.0162546051103867,0.0199516917366278,72,5,108
g002000,4fold,1161,166,55,0.0221685659341797,0.0297450370253102,255,10,255
g002000,2fold,1161,122,48,0.00897020225413,0.0102182334368783,255,3,255
g002002,4fold,1218,235,82,0.0105120179531093,0.0091142168237483,119,4,119
g002002,2fold,1218,91,32,0,0,119,0,119
g002008,4fold,1284,228,84,0.0163864107243898,0.0207114283527737,34,6,42
g002008,2fold,1284,75,29,0.0136569345989026,0.00801377952063901,26,1,42
g002014,4fold,1038,186,76,0.0214170802930839,0.0246233893688331,118,10,118
g002014,2fold,1038,115,46,0.000368459837877673,0.00406821215658982,118,1,118
g002015,4fold,1029,166,70,0.0144812702567938,0.004898991099006,192,2,192
g002015,2fold,1029,129,54,0.0161714024364306,0.0111550333780055,192,3,192
g002038,4fold,894,106,61,0.0361275657804105,0.0366980745695691,120,12,120
g002038,2fold,894,135,63,0.0125828109021386,0.0207276161920714,120,7,120
g002041,4fold,885,132,66,0.0271205553209383,0.0230726200877935,208,9,208
g002041,2fold,885,97,51,0.000560146020504077,0.00331642238060707,208,1,208
g002064,4fold,744,102,61,0.0213975208457788,0.0452986261297691,128,15,129
g002064,2fold,744,89,59,0.0138328880857276,0.0249701395041311,129,8,129
g002075,4fold,615,104,79,0.0720337911416351,0.0361736077390141,216,17,216
g002075,2fold,615,57,43,0.0669605678726547,0.0234535990432669,216,6,216
g002097,4fold,2568,327,51,0.0262863376084588,0.0273561707162839,86,7,86
g002097,2fold,2568,266,50,0.000465116279069768,0.00397951525384221,86,1,86
g002112,4fold,1419,236,70,0.0235157699443414,0.0186594518126174,56,6,56
g002112,2fold,1419,172,55,0.0295867768595041,0.0237483932160585,56,6,56
g002130,4fold,1566,236,69,0.0120938785103767,0.0104217008493763,147,4,147
g002130,2fold,1566,216,77,0.00222924964328375,0.00700203760292566,147,3,147
g002138,4fold,1500,276,73,0.0351894680661804,0.02385683336773,56,8,56
g002138,2fold,1500,153,48,0.0239853896103896,0.0136058502800335,56,3,56
g002156,4fold,1011,187,90,0.0139488467172083,0.0187137759203132,118,9,118
g002156,2fold,1011,105,49,0.0236277040151132,0.0190956897146053,118,5,118
g002158,4fold,999,144,58,0.0102745846157722,0.0200094961865828,234,7,235
g002158,2fold,999,134,55,0.000775005592830446,0.0120579754460958,234,4,235
g002164,4fold,972,136,55,0.0363872491145218,0.0197903276800488,56,5,56
g002164,2fold,972,137,69,0.0119612271786185,0.00946493932524072,56,3,56
g002185,4fold,927,150,65,0.0485045822572385,0.0266342092205442,182,10,182
g002185,2fold,927,116,52,0.00845542048261981,0.00998400647562962,182,3,182
g002190,4fold,690,115,69,0.0230963883137796,0.0278594458784387,6,5,36
g002190,2fold,690,50,28,0.00561224489795919,0.00861253152879059,6,1,36
g002196,4fold,645,77,56,0.0125,0.0215775459173017,81,6,81
g002196,2fold,645,91,61,0.00158874721716252,0.00660296487086829,81,2,81
g002198,4fold,642,75,53,0.0014621779619735,0.0100959917645337,153,3,154
g002198,2fold,642,79,58,0.00874039936203004,0.00615643645030637,153,2,154
g002203,4fold,630,102,72,0.0244244463954736,0.0260995619799211,68,9,68
g002203,2fold,630,70,52,0.0116583372729115,0.0160612689107207,68,4,68
g002218,4fold,594,96,71,0.0136865205978674,0.0337498145137429,194,14,194
g002218,2fold,594,59,39,0.0101901196928172,0.00877742428745695,194,2,194
g002242,4fold,2421,214,48,0.0260494324761476,0.015945259742352,106,4,106
g002242,2fold,2421,233,47,0.0344142112305754,0.028490055287086,106,7,106
g002260,4fold,1380,245,85,0.00287176369255713,0.0118632151108793,216,6,216
g002260,2fold,1380,135,46,0.000201288244766507,0.00365352639284327,216,1,216
g002289,4fold,1197,211,76,0.0134207171136511,0.00683116232543079,182,3,182
g002289,2fold,1197,135,51,0.0163150683137683,0.0101797713084851,182,3,182
g002293,4fold,1062,157,61,0.00796551004641143,0.00877533462343314,153,3,153
g002293,2fold,1062,131,61,0,0,153,0,153
g002327,4fold,897,163,78,0.0226845305429864,0.0272311633997147,256,13,256
g002327,2fold,897,83,37,0.0179633677795443,0.0132475930052666,256,3,256
g002337,4fold,663,93,60,0.0645166106756252,0.0650302434726318,95,20,95
g002337,2fold,663,69,43,0.0375218104638142,0.0453699373064873,95,10,95
g002399_1,4fold,2172,283,55,0.0366687857596948,0.0365484071816476,11,6,13
g002399_1,2fold,2172,254,53,0.0188679245283019,0.0182403901811602,13,3,13
g002399_2,4fold,3084,452,59,0.0213075060532688,0.0288896575579384,7,4,7
g002399_2,2fold,3084,449,61,0.00936768149882904,0.0133824021411843,7,2,7
g002399_3,4fold,2820,287,44,0.159090909090909,0.159090909090909,2,7,2
g002399_3,2fold,2820,246,33,0.0303030303030303,0.0303030303030303,2,1,2
g002403,4fold,2526,415,64,0.00130208333333333,0.00704151748740085,48,2,48
g002403,2fold,2526,333,64,0.00397550975177305,0.00352075874370043,48,1,48
g002405,4fold,2427,339,64,0.0247311827956989,0.0156446060905335,31,4,31
g002405,2fold,2427,356,68,0.015876027830487,0.0110432513580236,31,3,31
g002409,4fold,2022,329,61,0.014771652985333,0.0126018831353956,29,3,29
g002409,2fold,2022,269,54,0.0122240467068053,0.00943097121809729,29,2,29
g002413,4fold,1668,276,82,0.00307289513573102,0.0052303620492391,60,2,60
g002413,2fold,1668,210,56,0,0,60,0,60
g002421,4fold,1716,240,55,0.0108718070759956,0.0218227785319358,192,7,192
g002421,2fold,1716,229,56,0.00959957772375966,0.012247477747515,192,4,192
g002427,4fold,1446,238,77,0.00368368691350058,0.00539042250260264,70,2,70
g002427,2fold,1446,172,56,0.00100561963916001,0.00370591547053931,70,1,70
g002428,4fold,1395,264,85,0.00778851517778854,0.0176791809864223,225,9,225
g002428,2fold,1395,122,35,0.000509070294784581,0.00954152619150067,225,2,225
g002435,4fold,1545,241,70,0.0533737632984228,0.0557573341675159,204,23,204
g002435,2fold,1545,180,52,0.0349601379013144,0.0456874477292354,204,14,204
g002438,4fold,1296,243,89,0.0186360379770771,0.0275547867960764,255,15,255
g002438,2fold,1296,108,37,0.024722823796469,0.0220934777013585,255,5,255
g002443,4fold,1158,177,63,0.0242577651215525,0.0293486654184776,43,8,43
g002443,2fold,1158,148,44,0.019178495922682,0.0157582322843531,43,3,43
g002445,4fold,1167,140,53,0.0648359632821342,0.0910029154010934,36,20,37
g002445,2fold,1167,150,60,0.0450290626761215,0.0562696798225587,36,14,37
g002467,4fold,1014,126,59,0.106370543541788,0.0898443482382584,30,21,30
g002467,2fold,1014,154,67,0.049408131755018,0.045209522780872,30,12,30
g002469,4fold,1008,155,74,0.00402530189764233,0.0232338067573159,189,10,189
g002469,2fold,1008,124,56,0.00440448046831026,0.012280726428867,189,4,189
g002488,4fold,819,127,64,0.0132776401386187,0.0153077595349681,257,6,257
g002488,2fold,819,106,60,0.0154030885214008,0.0163282768372993,257,6,257
g002490,4fold,900,135,63,0.0594220594220594,0.032129522978046,79,10,79
g002490,2fold,900,100,53,0.0337185304942649,0.0190958485624236,79,5,79
g002491,4fold,804,82,44,0.0207130124777184,0.0252569854210204,51,5,51
g002491,2fold,804,81,44,0.000891265597147951,0.00505139708420409,51,1,51
g002496,4fold,903,158,78,0.00344809839946477,0.0104802394224393,255,5,255
g002496,2fold,903,97,55,0.00668491304897048,0.0118922225850642,255,4,255
g002517,4fold,771,137,82,0.00280907611456055,0.0126626423593351,182,6,182
g002517,2fold,771,81,37,0.000590718822763021,0.00467719222281748,182,1,182
g002554,4fold,483,64,54,0.0182747909199522,0.0171419383513678,125,5,125
g002554,2fold,483,60,56,0.00140092165898618,0.00661189050695615,125,2,125
g002579,4fold,2712,406,72,0.00913154533844189,0.010517493146939,30,3,30
g002579,2fold,2712,351,64,0,0,30,0,30
g002583,4fold,2082,265,58,0.0127586206896552,0.00913218764546938,25,2,25
g002583,2fold,2082,344,72,0.00111111111111111,0.00367824224609183,25,1,25
g002600,4fold,1368,252,83,0.00770959485610837,0.0206399637789647,193,10,193
g002600,2fold,1368,129,41,0.000758245924428154,0.0125350023925908,193,3,193
g002605,4fold,1287,156,55,0.0247486631016043,0.0483005264918471,52,12,52
g002605,2fold,1287,199,71,0.00262358464512566,0.00623371955274419,52,2,52
g002607,4fold,1260,229,79,0.0236730635705159,0.0230600500361419,79,9,79
g002607,2fold,1260,136,41,0.0152627037468038,0.00987395096398487,79,2,79
g002611,4fold,1128,168,65,0.0383255395495298,0.034954033316617,172,13,172
g002611,2fold,1128,152,54,0.0132145609501791,0.022655391964474,172,7,172
g002620,4fold,1185,216,78,0.021596384790153,0.0181655379914337,79,7,79
g002620,2fold,1185,123,49,0.0623439249117368,0.0289165706802414,79,7,79
g002622,4fold,1098,176,63,0.00568506450859391,0.0292093871135025,222,11,222
g002622,2fold,1098,133,64,0.00409112449553626,0.0104556328872196,222,4,222
g002630,4fold,1188,209,72,0.00491698595146871,0.00701166209795932,30,2,30
g002630,2fold,1188,123,45,0.00296296296296297,0.0112186593567349,30,2,30
g002647,4fold,996,181,75,0.00749270428015564,0.0217710357830657,257,10,257
g002647,2fold,996,99,47,0.00114998137263018,0.0104223043642336,257,3,257
g002650,4fold,981,128,63,0.0182171501524593,0.0288263105005615,140,10,140
g002650,2fold,981,141,68,0.00980895955504504,0.0106655516559457,140,4,140
g002655,4fold,960,158,78,0.0146733066883569,0.0390017888652346,209,18,209
g002655,2fold,960,113,52,0.0137955121947817,0.0227526585344461,209,7,209
g002657,4fold,951,150,71,0.0273130801343885,0.0290652700519496,189,12,189
g002657,2fold,951,118,59,0.00843927746199654,0.00582814135607245,189,2,189
g002664,4fold,873,140,64,0.066852319621307,0.0475235381105649,78,15,79
g002664,2fold,873,109,59,0.0270363977722914,0.0171896030655724,78,5,79
g002669,4fold,858,109,48,0.0157979608822305,0.00821591234920666,90,2,90
g002669,2fold,858,136,73,0.0043541463581482,0.00540224373646465,90,2,90
g002675,4fold,831,137,76,0.0276653171390013,0.02130694681702,79,8,79
g002675,2fold,831,90,46,0.0524674371674922,0.0484038248343171,79,11,79
g002685,4fold,894,186,97,0.00583191829041908,0.0173632972456514,118,9,118
g002685,2fold,894,57,22,0.00454347911975032,0.0170125235639211,118,2,118
g002691,4fold,906,183,83,0.0159845561176265,0.0219305825447813,237,11,237
g002691,2fold,906,65,32,0.00259019881284416,0.0206845267183733,237,4,237
g002699,4fold,639,91,61,0.00741120218579235,0.0401771263274479,256,15,256
g002699,2fold,639,86,59,0.00394130109670987,0.0276927085420827,256,10,256
g002701,4fold,633,108,82,0.00695164942248717,0.0105223496191013,185,5,185
g002701,2fold,633,70,50,0.00614101057579318,0.0103539920251957,185,3,185
g002724,4fold,621,83,61,0.00131775246890491,0.0121580165476642,124,4,124
g002724,2fold,621,75,57,0.00084889643463497,0.00975840801851995,124,3,124
g002733,4fold,537,55,42,0.0146533157425888,0.0201684604712885,206,5,206
g002733,2fold,537,83,63,0.0168337411529455,0.0188238964398692,206,7,206
g002737,4fold,546,59,43,0.00784162982894484,0.0129948134553432,121,3,121
g002737,2fold,546,86,66,0.000738792887553219,0.00282210595242301,121,1,121
g002749,4fold,465,65,59,0.049185994647636,0.0296986142677354,96,9,96
g002749,2fold,465,68,65,0.0228441295546559,0.014976224288858,96,5,96
g002760,4fold,2898,430,66,0.0526435526435526,0.0762192612877854,37,21,37
g002760,2fold,2898,380,61,0.0240732535814503,0.0314159016080802,37,8,37
g002766,4fold,2538,388,67,0.00267320115838719,0.0187566462245013,67,6,67
g002766,2fold,2538,368,73,0.0125152568415705,0.0114766693793752,67,4,67
g002784_1,4fold,1311,248,82,0.0119843420656429,0.0147358850166939,81,6,81
g002784_1,2fold,1311,118,36,0.0118998628257888,0.0111883571423046,81,2,81
g002785,4fold,1332,233,77,0.0256330373058314,0.0297067237087796,256,14,256
g002785,2fold,1332,132,40,0.00263327205882353,0.0122540235298716,256,3,256
g002787,4fold,1575,339,85,0.021505376344086,0.0206140692016441,31,7,31
g002787,2fold,1575,122,38,0.0292020373514431,0.0197616076933054,31,3,31
g002792,4fold,1287,166,43,0,0,86,0,86
g002792,2fold,1287,199,70,0,0,86,0,86
g002794,4fold,1263,223,68,0.0133592632690431,0.0207567454490687,163,8,163
g002794,2fold,1263,119,40,0.0117814133151557,0.0044108084079271,163,1,163
g002796,4fold,1257,220,71,0.00321777669843967,0.0316909957411501,182,13,182
g002796,2fold,1257,107,38,0.00728872755624718,0.0273290077023344,182,6,182
g002799,4fold,1254,191,65,0.0885741088180113,0.0755109672000024,41,21,41
g002799,2fold,1254,140,48,0.0459349593495935,0.0535618467738112,41,11,41
g002814_1,4fold,1095,233,91,0,0,37,0,37
g002814_1,2fold,1095,100,31,0,0,37,0,37
g002864,4fold,825,83,49,0.00078111901967658,0.00391201461038585,104,1,104
g002864,2fold,825,134,74,0.00607300728659952,0.00518077610564613,104,2,104
g002871,4fold,876,125,62,0.00669995084978141,0.0160093919986218,87,5,87
g002871,2fold,876,135,68,0.00161171124424108,0.00291935971739574,87,1,87
g002880,4fold,675,129,75,0.0391907389375744,0.0377843190221821,79,14,79
g002880,2fold,675,52,36,0.0175628403476505,0.0168679995634741,79,3,79
g002892,4fold,762,142,79,0.00948579359657057,0.0175246695943541,182,8,182
g002892,2fold,762,72,42,0.0139364713161083,0.00824076724972604,182,2,182
g002903,4fold,621,90,59,0.0103414695895419,0.0259125774645073,204,9,204
g002903,2fold,621,69,50,0.010679259754431,0.0101846135633609,204,3,204
g002916,4fold,510,98,84,0.00824762234419555,0.0113277056559756,108,5,108
g002916,2fold,510,39,33,0.00218173426896169,0.00576683197031487,108,1,108
g002922,4fold,483,81,74,0.00346076103651862,0.0133615964293196,243,6,243
g002922,2fold,483,59,57,0.00141052559978663,0.00867331698043554,243,3,243
g002924,4fold,477,88,80,0.0169154444498625,0.0236463000460536,189,11,189
g002924,2fold,477,38,34,0.0280906688916701,0.0151703091180121,189,3,189
g002959,4fold,2502,422,78,0.0107808857808858,0.0221125282702071,33,7,33
g002959,2fold,2502,305,57,0.00744284954811269,0.0302592492118623,33,7,33
g002965,4fold,2298,376,82,0.0141814486326681,0.0210338683545872,33,7,33
g002965,2fold,2298,301,58,0.00104493207941484,0.00424821971693634,33,1,33
g002966,4fold,1875,302,64,0.00388824884792627,0.00331572523172744,63,1,63
g002966,2fold,1875,260,60,0.000529100529100531,0.00353677358050927,63,1,63
g002967,4fold,1710,317,70,0.000996677740863789,0.00852753268680473,86,3,86
g002967,2fold,1710,167,47,0.0138836336117822,0.00846705373157916,86,2,86
g002971,4fold,1719,303,77,0.00399128058702527,0.0156300154549216,189,7,189
g002971,2fold,1719,196,47,0,0,189,0,189
g002985,4fold,1563,244,67,0.00362981013300843,0.0167369949207364,49,5,49
g002985,2fold,1563,207,43,0.0018984337921215,0.0104314293924589,49,2,49
g002999,4fold,1497,152,54,0.00220458553791887,0.00391655606847421,64,1,64
g002999,2fold,1497,288,87,0,0,64,0,64
g003000,4fold,1521,255,68,0.0281516696259809,0.0267903522478707,79,9,79
g003000,2fold,1521,178,56,0.00223721426253072,0.0108437140050905,79,3,79
g003002,4fold,1137,174,58,0.029720128482879,0.0206940141251115,192,7,192
g003002,2fold,1137,137,51,0.0303677753824043,0.0235343690050288,192,7,192
g003011,4fold,1098,183,77,0.0147235410393305,0.027818807149649,38,9,38
g003011,2fold,1098,130,54,0.0268953163690006,0.0308525453779029,38,7,38
g003017,4fold,1053,158,63,0.0636675305042652,0.0640787805536763,49,18,49
g003017,2fold,1053,134,56,0.02602648202138,0.0320393902768382,49,8,49
g003020,4fold,1044,183,81,0.000320639410193359,0.00220286177789885,153,1,153
g003020,2fold,1044,125,55,0,0,153,0,153
g003023,4fold,1017,157,57,0.000701609724166115,0.00339518499223485,99,1,99
g003023,2fold,1017,136,62,0.00505382993862257,0.00312137975092559,99,1,99
g003034,4fold,966,176,88,0.0255651932750607,0.026442063461942,98,12,98
g003034,2fold,966,106,50,0.00986324426677888,0.00775633861550298,98,2,98
g003042,4fold,858,86,46,0,0,93,0,93
g003042,2fold,858,157,73,0.000589188392988656,0.00536735045446261,93,2,93
g003077,4fold,630,90,56,0.0639206902273105,0.0871498522869492,42,21,42
g003077,2fold,630,74,54,0.0258527982105218,0.0344295712738565,42,8,42
g003089,4fold,768,146,77,0.0128821454788306,0.00674244593159403,182,3,182
g003089,2fold,768,80,48,0.00996827757877482,0.00360533567175514,182,1,182
g003103,4fold,735,118,72,0.00625850340136054,0.00620149684589763,50,2,50
g003103,2fold,735,88,47,0.0155275727312202,0.00950016538094957,50,2,50
g003106,4fold,720,124,79,0.00915004201549905,0.0103542428612892,254,5,254
g003106,2fold,720,77,51,0.0153770013809887,0.0256622803464109,254,8,254
g003109,4fold,702,119,71,0.00690981333756717,0.016102704432209,256,7,257
g003109,2fold,702,80,51,0.00941112096589608,0.0160101579194169,256,5,257
g003115,4fold,621,85,56,0.0129879332685455,0.0225899973723218,49,5,49
g003115,2fold,621,90,63,0.000647878198898607,0.00355993225298202,49,1,49
g003133,4fold,507,55,44,0.000924087998054638,0.0116460992496462,198.5,3,199
g003133,2fold,507,69,57,0.00279361407180956,0.00299752736965237,198,1,199
g003139,4fold,486,86,70,0.00250382528863541,0.0144582853401207,79,5,79
g003139,2fold,486,45,39,0.00877171081650147,0.0051901537118382,79,1,79
g003179,4fold,2616,445,80,0.0178571428571429,0.0230658349641087,15,6,15
g003179,2fold,2616,340,57,0.0116959064327485,0.0107910339013374,15,2,15
g003180,4fold,3645,531,62,0.0140762463343109,0.0220269130417681,11,4,11
g003180,2fold,3645,528,62,0,0,11,0,11
g003185,4fold,2397,337,57,0.00421052631578947,0.0139386021957164,25,3,25
g003185,2fold,2397,357,69,0.00869565217391304,0.00767633164401774,25,2,25
g003188,4fold,2148,361,71,0.00913365786808528,0.0111840259596006,87,4,87
g003188,2fold,2148,260,50,0.00091954022988506,0.0079406584313164,87,2,87
g003194,4fold,1746,251,57,0.00865946918578498,0.0164981141495724,40,4,40
g003194,2fold,1746,264,51,0,0,40,0,40
g003202,4fold,1350,167,50,0.00170598249027237,0.0195939322047592,257,6,257
g003202,2fold,1350,145,48,0.000808102302204927,0.0102051730233121,257,3,257
g003207,4fold,1554,223,64,0.0176282051282051,0.0251755385312889,13,5,13
g003207,2fold,1554,206,52,0,0,13,0,13
g003213,4fold,1290,187,57,0.00108879655278547,0.00683126020193524,96,2,97
g003213,2fold,1290,180,61,0.00262086791255645,0.00956850339836212,96,3,97
g003224,4fold,1236,168,56,0.0946115288220552,0.0970744556948883,19,19,19
g003224,2fold,1236,154,59,0.0539201110119933,0.0436445367263369,19,9,19
g003238,4fold,1023,161,60,0.0013871635610766,0.00345885443917003,70,1,70
g003238,2fold,1023,133,53,0.0121176608461268,0.0156627370830341,70,4,70
g003239,4fold,1020,187,78,0.0238974925209743,0.0368333588471453,209,17,209
g003239,2fold,1020,107,46,0.0247575650893729,0.0146956623533368,209,4,209
g003245,4fold,966,155,63,0.0144548082692413,0.0215885417544201,97,7,97
g003245,2fold,966,115,58,0.00105907097997393,0.00669989226861313,97,2,97
g003258,4fold,894,117,49,0.0107155644212572,0.00885104581434021,57,2,57
g003258,2fold,894,141,66,0,0,57,0,57
g003260,4fold,825,99,56,0.0177627604953186,0.0164203664548954,44,4,44
g003260,2fold,825,135,56,0.000811688311688312,0.00410509161372385,44,1,44
g003265,4fold,798,81,47,0.00115008625646923,0.00872973942145767,74,2,74
g003265,2fold,798,130,72,0.0111069974083673,0.0056985799001182,74,2,74
g003273_2,4fold,876,145,68,0,0,3,0,3
g003273_2,2fold,876,111,61,0,0,3,0,3
g003277,4fold,687,132,88,0.00385797736400147,0.0149112569047452,250,8,250
g003277,2fold,687,69,36,0.00625881302989737,0.0136686521626831,250,3,250
g003280,4fold,696,98,54,0.000740740740740742,0.00715362882286442,100,2,100
g003280,2fold,696,80,55,0.0035959595959596,0.00351178142213344,100,1,100
g003286,4fold,630,106,73,0.0687896578307537,0.090187866247053,22,24,22
g003286,2fold,630,59,45,0.0287638287638288,0.0304801585001614,22,5,22
g003299,4fold,759,108,49,0.000163920990082784,0.00334963152295841,249,1,249
g003299,2fold,759,115,74,0,0,249,0,249
g003306,4fold,735,86,53,0,0,49,0,49
g003306,2fold,735,113,60,0.00269153760795098,0.00749340485891158,49,2,49
g003322,4fold,567,92,76,0.00276377097217076,0.00867331698043554,243,4,243
g003322,2fold,567,73,52,0,0,243,0,243
g003329_2,4fold,552,96,79,0,0,4,0,4
g003329_2,2fold,552,66,56,0,0,4,0,4
g003342,4fold,489,68,61,0.0249640926031787,0.0393384965290556,127,13,127
g003342,2fold,489,58,53,0.0197805462996371,0.0243795907371651,127,7,127
g003345,4fold,477,73,68,0.0209842065589552,0.0216386119839776,255,9,255
g003345,2fold,477,56,50,0.0137619268179713,0.0261586775984085,255,8,255
g003390,4fold,2358,361,75,0.0434668940039784,0.0582840555033701,69,21,69
g003390,2fold,2358,290,50,0.0426086956521739,0.0499577618600315,69,12,69
g003391_1,4fold,2358,359,60,0.115689865689866,0.124955882074991,7,19,13
g003391_1,2fold,2358,284,52,0.0311355311355311,0.0392464678178964,7,5,13
g003391_2,4fold,2358,266,50,0.0171428571428571,0.0244897959183673,7,3,7
g003391_2,2fold,2358,211,41,0.0348432055749129,0.0497760079641613,7,5,7
g003417,4fold,1341,232,77,0.00487296298814623,0.0133608848154709,192,6,192
g003417,2fold,1341,127,35,0,0,192,0,192
g003419,4fold,1338,124,48,0.0240955687830688,0.0173869243220114,225,5,225
g003419,2fold,1338,126,44,0.000202020202020202,0.00379351076116612,225,1,225
g003420,4fold,1335,224,71,0.00708249496981891,0.0031444209359481,50,1,50
g003420,2fold,1335,166,61,0.00899185903869745,0.00733655112115053,50,2,50
g003421,4fold,1590,249,68,0.00452488687782805,0.00947784980001463,13,2,13
g003421,2fold,1590,221,64,0.00440705128205128,0.00503510770625777,13,1,13
g003424,4fold,1557,250,67,0.00816116462024851,0.00760108128025752,29,2,29
g003424,2fold,1557,215,69,0,0,29,0,29
g003436,4fold,1494,253,72,0.0347222222222222,0.0698402952688607,17,17,17
g003436,2fold,1494,188,50,0.0141176470588235,0.0354953030072327,17,6,17
g003437,4fold,1485,271,68,0.00322952710495963,0.00653710210897,51,2,51
g003437,2fold,1485,127,30,0,0,51,0,51
g003450,4fold,1170,211,79,0.00722677850828976,0.012473972867417,248,6,248
g003450,2fold,1170,115,42,0.00886754728011094,0.00391049149415057,248,1,248
g003452,4fold,1089,186,75,0.0133493927531868,0.040178190613205,82,15,82
g003452,2fold,1089,117,44,0.00277161862527717,0.0228285173938665,82,5,82
g003466,4fold,987,146,65,0.00868679059633834,0.0131088958071948,199,5,199
g003466,2fold,987,134,55,0.00906829833280267,0.00619693256340116,199,2,199
g003472,4fold,951,177,87,0.0346992088371399,0.0300267040662809,56,12,56
g003472,2fold,951,101,45,0,0,56,0,56
g003478,4fold,861,115,48,0.00818027210884354,0.0139533679032697,50,3,50
g003478,2fold,861,131,71,0.0076113825812015,0.00943326280784429,50,3,50
g003481,4fold,855,141,71,0.00594897234786823,0.00959882774218388,199,4,200
g003481,2fold,855,89,45,0.00044444444444444,0.00756754814286489,199,2,200
g003487,4fold,834,120,63,0.00849933363212648,0.0142634099318856,147,5,147
g003487,2fold,834,117,58,0.00824231440332392,0.0030986028472717,147,1,147
g003493,4fold,804,128,67,0.0142682812353328,0.0132247451825778,159,5,159
g003493,2fold,804,97,54,0.000922903637655651,0.00656339205357565,159,2,159
g003496,4fold,798,124,61,0.0157087677143485,0.014092636885585,189,5,189
g003496,2fold,798,98,61,0.00783961997774345,0.00563705475423401,189,2,189
g003497,4fold,798,128,66,0.0209535224748206,0.0180002366039325,204,7,204
g003497,2fold,798,96,57,0.0296273355316742,0.0297737599847047,204,10,204
g003499,4fold,789,135,71,0.0224979284974616,0.0146244601896547,182,6,182
g003499,2fold,789,94,49,0.0107920042523718,0.0105952721782192,182,3,182
g003500,4fold,903,118,57,0,0,144,0,144
g003500,2fold,903,98,41,0.004586714687457,0.0132334103904862,144,3,144
g003509,4fold,921,161,84,0.0110479797979798,0.00586658913291209,33,2,33
g003509,2fold,921,96,53,0.024442538593482,0.0185959806477213,33,4,33
g003512,4fold,915,170,87,0.0231202668161648,0.0197262935867362,191,10,191
g003512,2fold,915,96,52,0.00961273501918307,0.00660072131556173,191,2,191
g003515,4fold,690,123,76,0.00547159979155811,0.00760956457791948,101,3,101
g003515,2fold,690,72,34,0.0147350029120559,0.00566987164629294,101,1,101
g003519,4fold,684,89,57,0.0129824561403509,0.0139386021957164,25,3,25
g003519,2fold,684,96,66,0.00424242424242425,0.00401262790482746,25,1,25
g003542,4fold,762,116,53,0.0137114731044181,0.0133301657541006,162,4,162
g003542,2fold,762,94,53,0.00113575038376789,0.00333254143852514,162,1,162
g003564_2,4fold,546,65,55,0,0,4,0,4
g003564_2,2fold,546,91,74,0,0,4,0,4
g003577,4fold,495,72,65,0.00209684432278175,0.0136316604189648,159,5,159
g003577,2fold,495,66,59,0.000213196887325447,0.0030035861940092,159,1,159
g003581,4fold,492,68,58,0.00196338482342539,0.00763093255594548,52,2,52
g003581,2fold,492,67,61,0.0087283337042257,0.0108834611863485,52,3,52
g003583,4fold,489,61,55,0.0082849774339136,0.0122906487052815,48,3,48
g003583,2fold,489,73,67,0.00776701598391024,0.00672622565960679,48,2,48
g003586_2,4fold,480,84,81,0,0,2,0,2
g003586_2,2fold,480,57,49,0,0,2,0,2
g003641,4fold,2478,398,69,0.0528802825478017,0.077422127684086,35,22,35
g003641,2fold,2478,301,61,0.0264499242319879,0.0437879246737864,35,11,35
g003642_1,4fold,2472,406,79,0.0694933758224897,0.0956629887001841,55,18,66
g003642_1,2fold,2472,302,67,0.0435460614565092,0.0531992643254828,5,8,66
g003642_2,4fold,3438,359,52,0.118096646942801,0.142532279684835,13,23,13
g003642_2,2fold,3438,259,34,0.0852187028657617,0.114712412906014,13,10,13
g003645,4fold,3087,597,79,0.00383582662063675,0.0041916364151589,12,1,12
g003645,2fold,3087,310,46,0,0,12,0,12
g003662,4fold,1419,155,48,0.00368332168646634,0.00914361914549916,54,2,55
g003662,2fold,1419,213,66,0,0,54,0,55
g003663,4fold,1416,272,80,0.000625000000000001,0.00293872658289258,40,1,40
g003663,2fold,1416,131,34,0.00147058823529412,0.00691465078327665,40,1,40
g003664,4fold,1413,230,66,0.00173959660183609,0.00541982006537737,152,2,152
g003664,2fold,1413,133,35,0.0064781158193497,0.0153121294378254,152,3,152
g003673,4fold,1299,188,63,0.0155881155881156,0.0149268651829464,40,4,40
g003673,2fold,1299,194,65,0,0,40,0,40
g003679,4fold,1527,262,74,0.0308968058968059,0.0235344437276256,56,8,56
g003679,2fold,1527,173,50,0.0291168831168831,0.0174154883584429,56,4,56
g003682,4fold,1125,163,60,0.0186433862433862,0.0184904777420613,126,6,126
g003682,2fold,1125,178,71,0.00836664431030628,0.0104145997783539,126,4,126
g003686,4fold,1221,206,62,0.0011037242069138,0.00640375679944871,87,2,87
g003686,2fold,1221,149,55,0.000417972831765936,0.00360939019605291,87,1,87
g003699,4fold,1059,121,54,0.0882051282051282,0.0630878876357254,26,13,26
g003699,2fold,1059,146,72,0.0465811965811966,0.0400365440765181,26,11,26
g003701,4fold,1050,180,75,0.00185281385281385,0.00580516278614764,56,2,56
g003701,2fold,1050,134,46,0.000776397515527951,0.00473246966262036,56,1,56
g003714,4fold,954,187,82,0.00276655960822972,0.0136930067709609,118,6,118
g003714,2fold,954,77,36,0.00279266663447455,0.0155948132669276,118,3,118
g003716,4fold,864,144,68,0.000214684413911551,0.00267693975439742,137,1,137
g003716,2fold,864,104,63,0.00112453740620336,0.00288939529046071,137,1,137
g003718,4fold,855,149,80,0.0159604827466016,0.0223301887634953,152,10,152
g003718,2fold,855,103,53,0.00780957141072098,0.0101117835910167,152,3,152
g003726,4fold,822,115,56,0.125154607297464,0.0930733411344215,22,19,22
g003726,2fold,822,113,57,0.0325055061897167,0.0385012528423092,22,8,22
g003727,4fold,816,144,68,0.012635064482398,0.0131354051549972,152,5,152
g003727,2fold,816,96,61,0,0,152,0,152
g003731,4fold,810,141,72,0.00104158373802511,0.00984508808036347,159,4,159
g003731,2fold,810,94,54,0.00850663576561197,0.019690176160727,159,6,159
g003744,4fold,924,171,78,0.0175050508829692,0.0146535817770635,257,7,257
g003744,2fold,924,106,41,0.0181903649046218,0.015930026182731,257,4,257
g003774,4fold,765,136,80,0.0148008032128514,0.0164023825952198,250,8,250
g003774,2fold,765,71,41,0.0102779900088158,0.0240034867247118,250,6,250
g003780,4fold,744,143,87,0.0052497481019401,0.00587640156874248,199,3,199
g003780,2fold,744,60,32,0.00123724684026191,0.00532548892167287,199,1,199
g003783,4fold,741,103,63,0.0500830022569153,0.0410872699412526,185,15,185
g003783,2fold,741,98,55,0.00749706227967097,0.0282381600687155,185,9,185
g003786,4fold,738,126,80,0.0256734826355079,0.0328925991487746,79,13,79
g003786,2fold,738,83,47,0.0131209126630619,0.0215336164640095,79,5,79
g003789,4fold,699,103,60,0.00962072155411656,0.0113207019685263,47,3,47
g003789,2fold,699,97,58,0,0,47,0,47
g003794,4fold,612,104,80,0.0253733766233766,0.0136058502800335,56,5,56
g003794,2fold,612,75,55,0.0092443919716647,0.00395806553600975,56,1,56
g003860,4fold,447,39,39,0.0178494098494099,0.0142199343127524,56,3,126
g003860,2fold,447,74,74,0.0031984711984712,0.00838170750036289,56,3,126
g003874,4fold,435,75,75,0.0575452213672354,0.0394968647722725,245,18,245
g003874,2fold,435,36,36,0.000226757369614514,0.00457139638567968,245,1,245
g003894,4fold,2565,383,73,0.00108026961095079,0.00281025858088021,74,1,74
g003894,2fold,2565,383,78,0.000346500346500345,0.00263011380005456,74,1,74
g003895,4fold,2523,380,68,0.121434937611408,0.0827848191993884,12,17,12
g003895,2fold,2523,334,59,0.0554699537750385,0.0336751806912766,12,6,12
g003898,4fold,3336,588,75,0,0,12,0,12
g003898,2fold,3336,413,54,0.00308641975308642,0.00613220882958432,12,1,12
g003902,4fold,2160,266,46,0,0,55,0,55
g003902,2fold,2160,363,74,0,0,55,0,55
g003903,4fold,2127,297,52,0.0929487179487179,0.0636806301533757,12,10,12
g003903,2fold,2127,308,62,0.0525415444770284,0.0427276486190392,12,8,12
g003904,4fold,2118,241,45,0.0116194625998548,0.00646078874386859,18,1,18
g003904,2fold,2118,371,71,0,0,18,0,18
g003914,4fold,1608,265,85,0.0337244259983505,0.046818060085863,67,19,67
g003914,2fold,1608,177,54,0.00809085883712751,0.0193934459419998,67,5,67
g003915,4fold,1605,329,78,0.0121483889089523,0.0132254189003815,72,5,72
g003915,2fold,1605,164,52,0,0,72,0,72
g003918,4fold,1428,222,69,0.0232875015483711,0.0150401406076451,27,4,27
g003918,2fold,1428,196,57,0.00759734093067427,0.00910324299936411,27,2,27
g003919,4fold,1419,254,75,0.0102929208212966,0.00718875860567034,147,3,147
g003919,2fold,1419,131,41,0.000981882896827291,0.00438338939370143,147,1,147
g003921,4fold,1470,262,74,0.0126635347629823,0.00935438444563496,182,4,182
g003921,2fold,1470,168,57,0.0174011313877554,0.00607214428927181,182,2,182
g003927,4fold,1383,252,73,0.00740772156014532,0.00977708515122231,153,4,153
g003927,2fold,1383,116,37,0.0007019403304233,0.00482248118945425,153,1,153
g003932,4fold,1332,208,67,0.0132669983416252,0.0109831917939867,9,2,9
g003932,2fold,1332,180,70,0.00555555555555555,0.00525624178712221,9,1,9
g003939,4fold,1272,212,71,0.00283997466850598,0.0100643104286176,152,4,152
g003939,2fold,1272,159,56,0.00613547527759797,0.00957008089864085,152,3,152
g003940,4fold,1260,174,61,0.0807962529274005,0.101160637673305,8,16,8
g003940,2fold,1260,173,68,0.0430672268907563,0.0397018311456814,8,7,8
g003945,4fold,1143,161,60,0.0727053140096618,0.066947103421832,24,15,24
g003945,2fold,1143,171,65,0.00657748049052397,0.00823964349807163,24,2,24
g003948,4fold,1158,166,54,0.00411522633744856,0.00681364676108434,9,1,9
g003948,2fold,1158,151,58,0.00383141762452107,0.00634374008790611,9,1,9
g003949,4fold,1116,156,64,0.0153645833333333,0.0141265114902108,16,3,16
g003949,2fold,1116,162,59,0.00423728813559322,0.0102157823206044,16,2,16
g003959,4fold,1164,210,79,0.0035388593983939,0.00316852781580425,31,1,31
g003959,2fold,1164,123,44,0,0,31,0,31
g003962,4fold,1104,205,80,0.00399717514124294,0.00804168165070511,60,3,60
g003962,2fold,1104,122,55,0,0,60,0,60
g003967,4fold,1212,135,52,0.00270204479065238,0.00388266700660687,80,1,80
g003967,2fold,1212,215,72,0,0,80,0,80
g003974,4fold,1044,163,73,0.000342465753424657,0.00276573540196654,80,1,80
g003974,2fold,1044,123,46,0,0,80,0,80
g003980,4fold,1008,138,62,0.0259181678536517,0.0357476876153115,21,8,22
g003980,2fold,1008,137,58,0.0203911031497238,0.0191065226909424,21,4,22
g003988,4fold,945,88,41,0.01369331992289,0.0189557927599786,97,4,97
g003988,2fold,945,173,78,0.00446625253326284,0.00996394234819388,97,4,97
g003990,4fold,873,130,67,0.0124466659436907,0.013201262937588,161,5,161
g003990,2fold,873,117,55,0.00927865612648222,0.0128630967378168,161,4,161
g004003,4fold,825,160,88,0.00490334440656867,0.0161101441315039,159,8,159
g004003,2fold,825,75,47,0.00509174801437072,0.0150818370592802,159,4,159
g004005,4fold,798,139,83,0.000950116645775996,0.00247167320968982,74,1,74
g004005,2fold,798,89,42,0,0,74,0,74
g004016,4fold,882,155,73,0.00181100534014395,0.00881280180899191,60,3,60
g004016,2fold,882,98,48,0.0112405838041431,0.00893520183411679,60,2,60
g004017,4fold,882,159,79,0.073963762720278,0.0588831379188023,18,16,18
g004017,2fold,882,98,57,0.0314184153193441,0.0204024907701113,18,4,18
g004021,4fold,915,175,83,0.015024805102764,0.0236373592756703,255,12,255
g004021,2fold,915,70,28,0.00842762301771102,0.0116779810707181,255,2,255
g004022,4fold,909,141,72,0.0251221185051357,0.0279015212591701,82,10,82
g004022,2fold,909,118,54,0.0614997713763146,0.0334818255110041,82,9,82
g004028,4fold,663,70,42,0.0205749972952986,0.0194758377629012,254,5,254
g004028,2fold,663,85,59,0.0105215460648648,0.00831849341737473,254,3,254
g004030,4fold,657,96,61,0.0245901639344262,0.0180952586114043,9,3,9
g004030,2fold,657,82,55,0.00404040404040404,0.00668976227451917,9,1,9
g004032,4fold,651,69,47,0.00996185708325883,0.0128369927215969,17,2,17
g004032,2fold,651,55,40,0,0,17,0,17
g004050,4fold,771,164,90,0.00447583176396736,0.00953088195639125,60,4,60
g004050,2fold,771,53,26,0,0,60,0,60
g004051,4fold,768,95,46,0.0297156797629387,0.0675260349469283,185,18,185
g004051,2fold,768,100,58,0.00345435390412901,0.0208269954529798,185,7,185
g004055,4fold,765,123,57,0.00233918128654971,0.00539551695066871,15,1,15
g004055,2fold,765,97,58,0.00656814449917898,0.0106049815926937,15,2,15
g004058,4fold,741,111,67,0.00111898700477545,0.005048881833163,208,2,208
g004058,2fold,741,104,58,0.000165782493368702,0.00291616450708553,208,1,208
g004077,4fold,594,98,74,0.0086425702811245,0.0155157673198025,250,7,250
g004077,2fold,594,71,61,0.0129346237408651,0.0134445758977211,250,5,250
g004079,4fold,591,79,56,0.0217490842490842,0.0231764277928401,13,4,13
g004079,2fold,591,74,56,0.0283882783882784,0.0287720440357587,13,5,13
g004085,4fold,576,82,54,0.0108556832694764,0.0188619424361946,29,4,29
g004085,2fold,576,74,54,0.0107644590403211,0.0141464568271459,29,3,29
g004095,4fold,537,64,48,0.00056306306306306,0.00427393492508865,74,1,74
g004095,2fold,537,81,60,0.0066580278909046,0.0102574438202128,74,3,74
g004165,4fold,471,72,70,0.117830086580087,0.0844788835139341,33,24,33
g004165,2fold,471,51,48,0.0561868686868687,0.0410661239303846,33,8,33
g004169,4fold,462,82,80,0.00875231448511608,0.014013108366513,119,6,119
g004169,2fold,462,52,51,0.00756274593586188,0.0146542309715169,119,4,119
g004172,4fold,438,64,64,0.00112423882271246,0.0133718573129227,194,5,194
g004172,2fold,438,57,56,0,0,194,0,194
g004191,4fold,2925,471,76,0.113721804511278,0.10149340292881,8,20,8
g004191,2fold,2925,354,59,0.0605326876513317,0.0522949059158612,8,8,8
g004197,4fold,2634,321,36,0.0486111111111111,0.0599173553719008,7,4,8
g004197,2fold,2634,287,46,0.0745341614906832,0.0736016289375973,7,4,8
g004205,4fold,3462,447,47,0,0,6,0,6
g004205,2fold,3462,533,71,0,0,6,0,6
g004209,4fold,2031,256,66,0.00168350168350168,0.00440508323445586,18,1,18
g004209,2fold,2031,333,79,0.00140646976090014,0.00368019611992515,18,1,18
g004210,4fold,1998,194,44,0.00568181818181818,0.00876533934385174,8,1,8
g004210,2fold,1998,302,63,0.0107709750566893,0.012243648607285,8,2,8
g004214,4fold,2121,300,52,0.00545306880148509,0.00851142477393919,52,2,52
g004214,2fold,2121,298,62,0.00932953826691967,0.00713861432652964,52,2,52
g004215,4fold,1878,259,66,0.0346320346320346,0.0409049169379748,8,7,8
g004215,2fold,1878,251,50,0.0364285714285714,0.0308539944903581,8,4,8
g004217,4fold,1872,272,60,0.0428571428571429,0.0321395775941231,8,5,8
g004217,2fold,1872,244,46,0.046583850931677,0.033536950532998,8,4,8
g004220,4fold,1665,249,70,0.0976190476190476,0.0893561103810775,9,17,9
g004220,2fold,1665,219,49,0.0374149659863946,0.0450535010324761,9,6,9
g004223,4fold,1770,303,79,0.0410605201838907,0.0556763739195639,67,21,67
g004223,2fold,1770,222,56,0.0305130193189895,0.0523623040433994,67,14,67
g004224,4fold,1761,297,76,0.000305997552019584,0.00261810214068566,86,1,86
g004224,2fold,1761,238,53,0.000438788942518649,0.00375425967343604,86,1,86
g004226,4fold,1707,276,73,0.0865949119373777,0.0748892334019536,8,14,8
g004226,2fold,1707,219,54,0.0158730158730159,0.0142842567084991,8,2,8
g004228,4fold,1620,265,80,0.00266847580280416,0.00261811520216997,67,1,67
g004228,2fold,1620,215,60,0.00393487109905021,0.00349082026955996,67,1,67
g004240,4fold,1359,228,63,0.000396825396825396,0.0032047410213263,80,1,80
g004240,2fold,1359,142,51,0,0,80,0,80
g004246,4fold,1536,265,75,0.0297435897435897,0.0300763766987131,13,7,13
g004246,2fold,1536,156,43,0.0128205128205128,0.015195027209257,13,2,13
g004258,4fold,1272,220,80,0.0345238095238095,0.0306122448979592,7,6,7
g004258,2fold,1272,121,41,0,0,7,0,7
g004260,4fold,1260,246,95,0.00349609344046657,0.00845856644488526,82,4,82
g004260,2fold,1260,122,41,0,0,82,0,82
g004264,4fold,1134,192,67,0.0259781677692126,0.0289581766818959,12,6,14
g004264,2fold,1134,139,54,0.00752950752950753,0.011646377130285,12,2,14
g004271,4fold,1170,236,93,0,0,12,0,12
g004271,2fold,1170,122,54,0.00308641975308642,0.00613220882958432,12,1,12
g004275,4fold,1167,160,57,0.00318979266347688,0.00598977459907729,11,1,11
g004275,2fold,1167,172,61,0,0,11,0,11
g004276,4fold,1167,173,71,0.0346695557963163,0.0726190181860276,13,16,13
g004276,2fold,1167,155,57,0.0161943319838056,0.0339207256000524,13,6,13
g004279,4fold,1104,157,60,0.0169990503323837,0.0129721212740939,27,3,27
g004279,2fold,1104,164,60,0,0,27,0,27
g004280,4fold,1101,164,57,0.0043859649122807,0.0174251715976993,32,4,32
g004280,2fold,1101,162,75,0.0140322580645161,0.0264862608285029,32,8,32
g004283,4fold,1095,158,57,0.00921052631578947,0.0105742308230818,11,2,16
g004283,2fold,1095,102,38,0.0153508771929825,0.0158613462346227,16,2,16
g004284,4fold,1077,157,56,0.00173876756155237,0.00361457133503017,80,1,80
g004284,2fold,1077,126,46,0,0,80,0,80
g004289,4fold,1059,167,63,0.0090702947845805,0.0129575639779721,7,2,7
g004289,2fold,1059,127,51,0.0065359477124183,0.008587376556462,7,1,7
g004299,4fold,1026,175,67,0.00459242250287026,0.00961931024479097,13,2,13
g004299,2fold,1026,110,57,0.00562303193882141,0.0114629152631237,13,2,13
g004304,4fold,1005,198,85,0.00534759358288769,0.0161365545000855,22,5,22
g004304,2fold,1005,100,39,0.00466200466200465,0.014067765461613,22,2,22
g004305,4fold,996,162,77,0.0192509737023195,0.0183506177913592,162,8,162
g004305,2fold,996,128,55,0.00325686122787572,0.00321135811348786,162,1,162
g004311,4fold,981,138,67,0.0176078802876808,0.0178982372471321,193,7,193
g004311,2fold,981,130,57,0.000361709541556828,0.00300546840991942,193,1,193
g004315,4fold,969,169,72,0.0116747181964573,0.0111578505703053,24,3,24
g004315,2fold,969,109,46,0.00630119722747322,0.00582148725407235,24,1,24
g004320,4fold,954,135,63,0.0129071717321061,0.0140644115433764,159,5,159
g004320,2fold,954,113,55,0.028862785968112,0.0225542017841054,159,7,159
g004323,4fold,951,159,75,0.0398181818181818,0.0232206511445906,56,8,56
g004323,2fold,951,120,60,0.020551948051948,0.0145129069653691,56,4,56
g004324,4fold,948,163,75,0.0147887323943662,0.0247579841815141,72,9,72
g004324,2fold,948,103,44,0.00551287523118509,0.0046890121555898,72,1,72
g004329,4fold,936,145,69,0.024195185320505,0.0368904857441031,204,15,204
g004329,2fold,936,120,56,0.00721840460322059,0.0181817394024508,204,6,204
g004332,4fold,930,175,87,0.0011104617182934,0.00246488326458394,60,1,60
g004332,2fold,930,94,48,0.00136534839924671,0.0044676009170584,60,1,60
g004333,4fold,870,150,80,0.00944444444444444,0.0132557160892131,10,3,10
g004333,2fold,870,87,45,0.0103703703703704,0.00785523916397812,10,1,10
g004349,4fold,822,80,39,0.0156595541210926,0.0250162323897064,13,3,13
g004349,2fold,822,140,83,0.00365096750638919,0.00398962984093438,13,1,13
g004352,4fold,885,96,53,0.00969858953663765,0.00740065373528371,92,2,93
g004352,2fold,885,142,73,0.000890041367283966,0.005378892117934,93,2,93
g004353,4fold,810,153,90,0.00234765455687357,0.0137831233125089,159,7,159
g004353,2fold,810,69,42,0.0177306174440161,0.0295352642410904,159,7,159
g004356,4fold,786,119,65,0.00341880341880343,0.0148400543265315,36,4,36
g004356,2fold,786,102,53,0.00928421683138665,0.00910003331343912,36,2,36
g004365,4fold,915,146,63,0.0453470580052859,0.0546201890626782,79,17,79
g004365,2fold,915,124,59,0.0177248196986451,0.0308770161500883,79,9,79
g004368,4fold,732,50,31,0.0347394540942928,0.0311851832129514,13,3,13
g004368,2fold,732,137,79,0.0243427458617332,0.0203953729873733,13,5,13
g004373,4fold,666,106,68,0.00226244343891403,0.0130174731836717,52,4,52
g004373,2fold,666,81,56,0,0,52,0,52
g004379_2,4fold,648,97,67,0,0,6,0,6
g004379_2,2fold,648,89,60,0,0,6,0,6
g004412,4fold,714,100,53,0.00603720076393691,0.0161759140061519,192,5,192
g004412,2fold,714,103,59,0.00153721862336202,0.00581236232085457,192,2,192
g004415,4fold,708,131,75,0.00148148148148148,0.00387647324632115,18,1,18
g004415,2fold,708,82,51,0,0,18,0,18
g004420,4fold,627,89,60,0.00256410256410256,0.00537078155334163,13,1,13
g004420,2fold,627,87,58,0,0,13,0,13
g004426,4fold,609,115,78,0.0103114261830144,0.0209363603561605,256.5,10,257
g004426,2fold,609,69,50,0.00168328707942321,0.00653339497542562,256,2,257
g004436,4fold,573,81,68,0.010920902794631,0.0160403257451806,138,6,138
g004436,2fold,573,77,54,0.00664496083939647,0.0033664881193589,138,1,138
g004437,4fold,570,111,87,0.0167051266229444,0.0104176709625071,141,5,141
g004437,2fold,570,51,41,0.000345960906417574,0.00441658197887346,141,1,141
g004447,4fold,549,51,47,0.00633116357394994,0.0306401948455865,73,7,73
g004447,2fold,549,96,77,0.000355808574986658,0.00267177951343704,73,1,73
g004449,4fold,534,84,71,0.00980327932024431,0.00560495106174959,86,2,86
g004449,2fold,534,73,63,0,0,86,0,86
g004450,4fold,531,79,66,0.0252525252525253,0.0334488113725959,9,6,9
g004450,2fold,531,63,56,0.00694444444444444,0.00657030223390276,9,1,9
g004463,4fold,483,71,65,0.0025225353618128,0.0100610298455417,255,4,255
g004463,2fold,483,64,60,0.000392156862745094,0.00817458674950266,255,3,255
g004534,4fold,474,56,52,0.00236974904528096,0.00866648306141644,48,2,48
g004534,2fold,474,78,71,0.0125362101688143,0.0126945667378494,48,4,48
g004565,4fold,2775,451,75,0.00833333333333333,0.0331078260356286,32,10,32
g004565,2fold,2775,357,56,0.00446428571428571,0.0177363353762296,32,4,32
g004569,4fold,3567,455,51,0,0,8,0,8
g004569,2fold,3567,599,68,0,0,8,0,8
g004570,4fold,2535,413,82,0.00735294117647059,0.00721449248114487,17,2,17
g004570,2fold,2535,356,53,0.0124861265260821,0.0111620449708279,17,2,17
g004574,4fold,3372,573,80,0,0,66,0,66
g004574,2fold,3372,432,55,0.000550964187327825,0.00382029115752752,66,1,66
g004580,4fold,2160,261,55,0.0909090909090909,0.119442601194426,6,15,6
g004580,2fold,2160,343,62,0.0376344086021505,0.0494466682364022,6,7,6
g004581,4fold,2130,303,53,0.129380053908356,0.116430167888144,8,16,8
g004581,2fold,2130,306,72,0.0421626984126984,0.0374961738598102,8,7,8
g004584,4fold,2277,377,67,0.0422885572139303,0.0494243630729402,9,9,9
g004584,2fold,2277,288,42,0.00529100529100529,0.00876040297853701,9,1,9
g004585,4fold,1977,307,65,0.0502564102564103,0.047164514317799,6,7,6
g004585,2fold,1977,256,63,0.0455026455026455,0.0417101147028154,6,6,6
g004586,4fold,1941,333,71,0.0120892018779343,0.00848917122416424,16,2,16
g004586,2fold,1941,231,48,0,0,16,0,16
g004596,4fold,1764,221,54,0.0314574314574315,0.0202036586963136,11,3,11
g004596,2fold,1764,285,72,0.00347222222222222,0.00535659626568718,7.5,1,11
g004605,4fold,1425,253,85,0.0492997198879552,0.0624249699879952,7,13,7
g004605,2fold,1425,155,43,0.0199335548172758,0.0284765068818225,7,3,7
g004608,4fold,1395,201,59,0.096045197740113,0.106015724180939,9,17,9
g004608,2fold,1395,197,67,0.0339966832504146,0.0494243630729402,9,9,9
g004611,4fold,1362,231,80,0.0195652173913044,0.0155648449762651,70,6,70
g004611,2fold,1362,145,49,0.000583090379008744,0.00423533196633065,70,1,70
g004615,4fold,1341,234,66,0,0,86,0,86
g004615,2fold,1341,176,66,0.00198980226340008,0.00301478428321379,86,1,86
g004618,4fold,1548,276,61,0.0121899957965532,0.010565471908213,13,2,13
g004618,2fold,1548,179,43,0.0119260584376863,0.00749411379536041,13,1,13
g004623,4fold,1311,227,88,0.00929752066115701,0.0280556004376486,22,9,22
g004623,2fold,1311,139,55,0.0049586776859504,0.0149629869000792,22,3,22
g004632,4fold,1266,131,53,0.00638179800221976,0.0111620449708279,17,2,17
g004632,2fold,1266,185,62,0,0,17,0,17
g004635,4fold,1263,200,55,0.0262626262626263,0.0213423646286667,9,3,9
g004635,2fold,1263,149,45,0.00493827160493827,0.00817637611330121,9,1,9
g004638,4fold,1524,228,68,0.0072721396250808,0.0046242968017308,14,1,14
g004638,2fold,1524,226,61,0,0,14,0,14
g004641,4fold,1497,244,82,0.0733739837398374,0.0477774697555097,16,13,16
g004641,2fold,1497,155,45,0.0661111111111111,0.0401820771277107,16,6,16
g004644,4fold,1146,126,53,0.00221975582685904,0.00558102248541395,17,1,18
g004644,2fold,1146,191,79,0.00463307685943576,0.00368019611992515,17,1,18
g004645,4fold,1140,176,65,0.00884391015057556,0.00611526497653877,87,2,87
g004645,2fold,1140,165,63,0.00213826598090007,0.00630940037261937,87,2,87
g004647,4fold,1155,167,65,0.00872214980620323,0.0168711939843118,134,6,134
g004647,2fold,1155,177,61,0.00534244836461106,0.0059925005955206,134,2,134
g004652,4fold,1233,217,81,0.00359332875321518,0.0109389867559594,159,5,159
g004652,2fold,1233,153,57,0.000441354959726364,0.00621795036654535,159,2,159
g004657,4fold,1104,141,58,0.0181992337164751,0.0253749603516245,10,4,10
g004657,2fold,1104,177,70,0.00761904761904762,0.0050497966054145,10,1,10
g004662,4fold,1077,213,85,0.00713012477718359,0.0144939260930769,33,5,33
g004662,2fold,1077,87,35,0,0,33,0,33
g004663,4fold,1209,222,66,0.0014637904468413,0.0032491643033152,60,1,60
g004663,2fold,1209,114,36,0.00958882611424984,0.00595680122274453,60,1,60
g004669,4fold,1056,177,78,0,0,29,0,29
g004669,2fold,1056,142,58,0,0,29,0,29
g004672,4fold,1050,140,50,0.0890476190476191,0.0750413223140496,3,9,8
g004672,2fold,1050,159,65,0.0721611721611722,0.0679805043441407,3,10,8
g004674,4fold,1044,132,56,0,0,74,0,74
g004674,2fold,1044,173,75,0,0,74,0,74
g004682,4fold,1014,118,51,0,0,37,0,37
g004682,2fold,1014,148,68,0.00158730158730159,0.00354633651185495,36.5,1,37
g004684,4fold,1005,141,70,0.0888888888888889,0.0706071912722782,18,17,18
g004684,2fold,1005,133,60,0.104466230936819,0.0920662396001274,18,19,18
g004686,4fold,999,191,86,0.009391771019678,0.0190454839162053,12,5,13
g004686,2fold,999,94,43,0.0112755461592671,0.00770091341389659,12,1,13
g004689,4fold,978,119,62,0.0300179211469534,0.0356067992030859,9,6,9
g004689,2fold,978,150,65,0.0170940170940171,0.0113211361568786,9,2,9
g004690,4fold,969,154,74,0.0373230373230373,0.0386100386100386,7,7,7
g004690,2fold,969,127,56,0.00510204081632653,0.00728862973760933,7,1,7
g004692,4fold,966,170,73,0.0198303979125897,0.0228453942348823,21,6,21
g004692,2fold,966,108,51,0.011391223155929,0.0109000900597805,21,2,21
g004696,4fold,942,179,79,0,0,63,0,63
g004696,2fold,942,105,47,0,0,63,0,63
g004700,4fold,873,160,82,0.00440019027849853,0.00274790926337594,49,1,49
g004700,2fold,873,89,42,0.0125931324910917,0.0106797967589461,49,2,49
g004703,4fold,864,108,59,0.0590515275877793,0.0742576570766705,86,22,86
g004703,2fold,864,126,46,0.0280735145423184,0.047591310068486,86,11,86
g004704,4fold,864,146,62,0.0032258064516129,0.00570138326417767,10,1,10
g004704,2fold,864,103,60,0,0,10,0,10
g004706,4fold,879,93,54,0,0,42,0,43
g004706,2fold,879,146,83,0,0,42,0,43
g004710,4fold,831,143,74,0.0372235872235872,0.0235344437276256,56,8,56
g004710,2fold,831,103,63,0.0293135435992579,0.0138218161574944,56,4,56
g004716,4fold,807,139,75,0.00646464646464646,0.00441519035730071,12,1,12
g004716,2fold,807,102,60,0.00277777777777778,0.00551898794662589,12,1,12
g004721,4fold,786,122,59,0.0804194024533008,0.0649616948506065,37,16,37
g004721,2fold,786,88,48,0.0152652652652653,0.0149716406101007,37,3,37
g004724,4fold,903,78,34,0,0,55,0,56
g004724,2fold,903,161,75,0.00424977538185085,0.00582853951963355,55,2,56
g004725,4fold,879,148,73,0.00135438433557774,0.0058752012059946,60,2,60
g004725,2fold,879,108,55,0,0,60,0,60
g004739,4fold,684,91,56,0.00158299412030756,0.00748032914905706,67,2,67
g004739,2fold,684,103,60,0.000497512437810949,0.00349082026955996,67,1,67
g004742_2,4fold,753,134,79,0.0964436407474382,0.0826659777835185,7,16,7
g004742_2,2fold,753,76,41,0.0813008130081301,0.0696864111498258,7,7,7
g004752,4fold,648,108,67,0.00606855830736428,0.00938663231396102,14,2,14
g004752,2fold,648,87,55,0,0,14,0,14
g004759,4fold,639,93,66,0.012043512043512,0.00976505736971205,13,2,13
g004759,2fold,639,96,72,0,0,13,0,13
g004760,4fold,636,85,57,0.0584795321637427,0.0614675374567807,6,8,6
g004760,2fold,636,84,56,0.0583333333333333,0.0547445255474453,6,7,6
g004761,4fold,633,86,65,0.031163708086785,0.0495764451077689,13,10,13
g004761,2fold,633,87,56,0.0233516483516483,0.0402808616500622,13,7,13
g004788,4fold,759,135,72,0.0138208616780045,0.0155037421147441,50,5,50
g004788,2fold,759,85,44,0.00178107606679035,0.00507395196482534,50,1,50
g004793,4fold,747,120,72,0.00383141762452106,0.0141464568271459,29,4,29
g004793,2fold,747,104,68,0,0,29,0,29
g004798,4fold,735,117,63,0.00244200244200244,0.00511503005080155,13,1,13
g004798,2fold,735,98,63,0,0,13,0,13
g004803,4fold,708,135,89,0.00995678478824546,0.00588892987438059,26,2,26
g004803,2fold,708,70,43,0.00951699463327371,0.00609435766069619,26,1,26
g004805,4fold,705,119,65,0.00352020860495437,0.0131966057857725,60,4,60
g004805,2fold,705,81,52,0,0,60,0,60
g004815,4fold,612,95,67,0.0418161294368494,0.0471150939841419,35,13,35
g004815,2fold,612,77,56,0.021608643457383,0.0173445675655907,35,4,35
g004819_2,4fold,603,102,73,0.0091324200913242,0.0091324200913242,3,1,3
g004819_2,2fold,603,77,52,0.0128205128205128,0.0128205128205128,3,1,3
g004820,4fold,597,84,64,0.00724789915966386,0.00379412415497297,35,1,35
g004820,2fold,597,80,54,0.00407718643012761,0.0090258256701352,35,2,35
g004823,4fold,585,84,70,0.0707803121248499,0.0555026162098902,35,16,35
g004823,2fold,585,76,53,0.0646900269541779,0.0458158388525037,35,10,35
g004826,4fold,576,72,54,0.00455026455026455,0.00413433123059842,50,1,50
g004826,2fold,576,82,63,0.00487204405571753,0.0106311374501102,50,3,50
g004832,4fold,549,81,64,0.00758272058823529,0.00462178424573343,17,1,17
g004832,2fold,549,72,58,0.0136916835699797,0.0101997997147221,17,2,17
g004848,4fold,498,94,83,0.0931861901387061,0.0760653324563255,35,26,35
g004848,2fold,498,52,45,0.0485527544351074,0.0593569645577993,35,11,35
g004938,4fold,453,61,60,0.0546296296296296,0.0490582566798073,9,8,9
g004938,2fold,453,68,66,0.0572390572390572,0.0557480189543264,9,10,9
g004963,4fold,2745,408,66,0.0651624945103206,0.0568036029033726,24,14,24
g004963,2fold,2745,400,59,0.0264676983542127,0.0226939333633329,24,5,24
g004969,4fold,2649,409,57,0,0,3,0,6
g004969,2fold,2649,303,58,0.0114942528735632,0.0114942528735632,3,1,6
g004970,4fold,2640,371,63,0.019047619047619,0.0439349237411595,15,9,15
g004970,2fold,2640,388,67,0.00398009950248756,0.00918043182651093,15,2,15
g004972,4fold,2595,469,84,0.00566893424036281,0.00732248729019324,15,2,15
g004972,2fold,2595,331,61,0.00218579234972677,0.00504171256046092,15,1,15
g004973,4fold,2589,474,74,0.0115830115830116,0.0110314396028682,7,2,7
g004973,2fold,2589,305,51,0,0,7,0,7
g004980,4fold,2391,399,73,0.0931506849315068,0.0854794520547945,5,13,5
g004980,2fold,2391,295,67,0.0447761194029851,0.0429850746268657,5,6,5
g004983,4fold,3390,538,63,0.0399700943179204,0.0510073168928244,24,12,24
g004983,2fold,3390,445,51,0.0252202330207445,0.0210030128382218,24,4,24
g004984,4fold,3366,606,70,0,0,74,0,74
g004984,2fold,3366,414,50,0,0,74,0,74
g004996_2,4fold,2154,379,89,0,0,2,0,2
g004996_2,2fold,2154,270,60,0,0,2,0,2
g004996_3,4fold,2154,375,70,0,0,2,0,2
g004996_3,2fold,2154,274,53,0,0,2,0,2
g004999,4fold,1938,312,70,0.0163265306122449,0.0116618075801749,7,2,7
g004999,2fold,1938,252,55,0.00865800865800866,0.00742115027829314,7,1,7
g005005,4fold,1755,271,77,0.00371057513914657,0.00530082162735224,7,1,7
g005005,2fold,1755,244,56,0.00510204081632653,0.00728862973760933,7,1,7
g005007,4fold,1740,268,61,0.050021017234132,0.0686755674033847,13,13,13
g005007,2fold,1740,203,43,0.0214669051878354,0.0449646827721625,13,6,13
g005009,4fold,1719,305,80,0.00865384615384615,0.00805617233001244,13,2,13
g005009,2fold,1719,197,46,0,0,13,0,13
g005012,4fold,1635,238,69,0.0434782608695652,0.0417391304347826,5,6,5
g005012,2fold,1635,240,61,0.0311475409836066,0.032548435171386,5,4,5
g005017,4fold,1398,206,62,0,0,27,0,27
g005017,2fold,1398,212,68,0.0097201273671862,0.0114459893594946,27,3,27
g005023,4fold,1386,230,68,0.00712250712250712,0.00381532978649819,27,1,27
g005023,2fold,1386,147,47,0,0,12,0,27
g005024,4fold,1380,245,83,0,0,80,0,80
g005024,2fold,1380,131,49,0,0,80,0,80
g005025,4fold,1368,223,64,0.0078125,0.0310385869084018,32,8,32
g005025,2fold,1368,167,53,0.00589622641509434,0.0234253486101146,32,5,32
g005026,4fold,1368,202,72,0.070679012345679,0.0736428671622948,10,15,10
g005026,2fold,1368,170,51,0.0422657952069717,0.0485176536598648,10,7,10
g005029,4fold,1356,208,68,0.0248279839319095,0.0174687300141194,204,7,204
g005029,2fold,1356,85,29,0.00707274586410069,0.0117031885808879,204,2,204
g005034,4fold,1572,229,66,0.0362554112554113,0.0467484765005426,8,8,8
g005034,2fold,1572,228,67,0.0223880597014925,0.0230253690226553,8,4,8
g005036,4fold,1320,251,87,0.0383141762452107,0.0380624405274367,9,9,9
g005036,2fold,1320,113,42,0.0198412698412698,0.026281208935611,9,3,9
g005041,4fold,1281,204,62,0.00413745850325848,0.00941417269838854,96,3,97
g005041,2fold,1281,137,52,0.00716919181379301,0.00748053445278721,96,2,97
g005043,4fold,1269,240,85,0.00886345488421613,0.0182244624571404,52,7,52
g005043,2fold,1269,119,35,0,0,52,0,52
g005047,4fold,1260,164,56,0.0107142857142857,0.00857142857142857,5,1,5
g005047,2fold,1260,183,60,0.00666666666666666,0.008,5,1,5
g005055,4fold,1140,153,64,0,0,74,0,74
g005055,2fold,1140,173,70,0.000771906936290498,0.00293895746478075,73,1,74
g005059,4fold,1110,215,88,0.000315656565656564,0.0023445060777949,72,1,72
g005059,2fold,1110,112,47,0,0,72,0,72
g005068,4fold,1161,140,62,0,0,6,0,6
g005068,2fold,1161,205,70,0.00761904761904762,0.00625651720542232,6,1,6
g005072,4fold,1083,206,82,0.0398451202965218,0.0357596222735411,67,14,67
g005072,2fold,1083,113,43,0.0250544318576252,0.0243545600201858,67,5,67
g005078,4fold,1212,138,51,0,0,19,0,25
g005078,2fold,1212,199,74,0,0,25,0,25
g005079,4fold,1203,219,74,0.010977130977131,0.0106239478139163,26,3,26
g005079,2fold,1203,137,53,0,0,26,0,26
g005081,4fold,1065,115,51,0.0431372549019608,0.0376470588235294,5,4,5
g005081,2fold,1065,149,65,0.0369230769230769,0.0369230769230769,5,5,5
g005084,4fold,1029,209,86,0.0180045011252813,0.00873187316680938,31,3,31
g005084,2fold,1029,100,42,0.0109575012800819,0.0119196998785017,31,2,31
g005089,4fold,1020,158,76,0.0447368421052632,0.0345754898194391,6,6,6
g005089,2fold,1020,133,53,0.0125786163522013,0.0165266492218703,6,2,6
g005091,4fold,1017,178,76,0,0,31,0,31
g005091,2fold,1017,130,53,0,0,31,0,31
g005095,4fold,1008,165,71,0.0326665877618653,0.0547208892210185,35,16,35
g005095,2fold,1008,126,55,0.0111229946524064,0.0132449425046329,35,3,35
g005097_1,4fold,996,165,76,0.00239234449760766,0.00449233094930797,11,1,11
g005097_1,2fold,996,125,57,0,0,11,0,11
g005098,4fold,993,177,84,0.00142450142450143,0.00429770607878231,144,2,144
g005098,2fold,993,114,53,0.00102622744132178,0.00340357988268449,144,1,144
g005099,4fold,993,135,60,0.0682261208576998,0.085834255561796,19,18,19
g005099,2fold,993,145,62,0.0445199019053009,0.0646064289174809,19,14,19
g005101,4fold,987,143,66,0,0,17,0,17
g005101,2fold,987,148,63,0.00350140056022409,0.00469514590042761,17,1,17
g005103,4fold,984,152,62,0.00632400979991834,0.00325643039263802,80,1,80
g005103,2fold,984,126,52,0,0,80,0,80
g005105_2,4fold,972,160,82,0.00813008130081301,0.00813008130081301,3,1,3
g005105_2,2fold,972,135,50,0.0266666666666667,0.0266666666666667,3,2,3
g005110,4fold,954,125,56,0,0,11,0,11
g005110,2fold,954,154,61,0.00298062593144561,0.00559700249421976,11,1,11
g005120,4fold,864,118,66,0.0124777183600713,0.0089634603553618,17,2,17
g005120,2fold,864,135,64,0.0130974264705882,0.00924356849146686,17,2,17
g005121,4fold,891,110,60,0,0,74,0,74
g005121,2fold,891,143,72,0.00222139948167345,0.0085478698501773,74,3,74
g005122,4fold,861,99,48,0.0267857142857143,0.0241046831955923,8,3,8
g005122,2fold,861,148,62,0.0155529953917051,0.0124411268106283,8,2,8
g005128,4fold,843,129,58,0.0218020442498958,0.0147682499452937,193,5,193
g005128,2fold,843,117,64,0.00543940252590673,0.00267674530258449,193,1,193
g005130,4fold,843,172,87,0.0171455938697318,0.0207838329970918,16,6,16
g005130,2fold,843,82,43,0.0162790697674419,0.0210255054738021,16,3,16
g005131,4fold,840,145,76,0.00531658747775679,0.00705163855689326,152,3,152
g005131,2fold,840,112,59,0,0,152,0,152
g005135,4fold,834,115,65,0.0115384615384615,0.0178003814367451,8,3,8
g005135,2fold,834,113,56,0,0,8,0,8
g005138,4fold,825,144,80,0.0500342331768388,0.0386843502836158,72,15,72
g005138,2fold,825,93,48,0.0185837245696401,0.0128947834278719,72,3,72
g005139,4fold,954,121,50,0,0,9,0,9
g005139,2fold,954,46,17,0,0,9,0,9
g005146,4fold,795,150,83,0.0135170028666667,0.0104250670026655,182,5,182
g005146,2fold,795,85,45,0.0016959099832028,0.0115370741496164,182,3,182
g005148,4fold,792,137,76,0.00942775618595604,0.0139440549664605,162,6,162
g005148,2fold,792,97,51,0.00278758846533783,0.00692645867615029,162,2,162
g005153,4fold,900,154,80,0.00566553544494721,0.0110648522061209,52,4,52
g005153,2fold,900,110,57,0.0115635997988939,0.0116472128485484,52,3,52
g005155,4fold,894,130,60,0.0228737584272554,0.0217988979986737,255,8,255
g005155,2fold,894,127,53,0.0284979360931715,0.0185084983007607,255,6,255
g005161,4fold,882,125,55,0.00330578512396694,0.00620758458449828,11,1,11
g005161,2fold,882,125,61,0.00298062593144561,0.00559700249421976,11,1,11
g005162,4fold,876,148,81,0.00329218106995885,0.00759369052316337,15,2,15
g005162,2fold,876,116,59,0.00225988700564972,0.00521261807098502,15,1,15
g005164,4fold,921,180,85,0.014262443438914,0.00924908397917422,26,3,26
g005164,2fold,921,80,39,0,0,26,0,26
g005165,4fold,915,147,80,0.00547337922621122,0.0133981132580972,152,6,152
g005165,2fold,915,126,59,0.00485168753064612,0.00908346661565911,152,3,152
g005167,4fold,909,138,69,0.00798691355641233,0.0142817950221151,248,6,248
g005167,2fold,909,124,61,0,0,248,0,248
g005174,4fold,672,105,67,0.0211668928086839,0.0305746703415587,11,6,11
g005174,2fold,672,87,59,0.0135593220338983,0.0173601941769867,11,3,11
g005180,4fold,660,93,58,0.0103289369140315,0.00731746258036401,63,2,63
g005180,2fold,660,95,59,0.00746352851328248,0.00359671889543316,63,1,63
g005185,4fold,651,111,75,0.112222222222222,0.112833990363557,9,23,9
g005185,2fold,651,73,55,0.0181818181818182,0.0200692868235575,9,3,9
g005217,4fold,783,134,71,0,0,12,0,12
g005217,2fold,783,103,63,0,0,12,0,12
g005219,4fold,774,132,78,0.00854700854700855,0.00788575554328503,15,2,15
g005219,2fold,774,97,61,0,0,15,0,15
g005222,4fold,768,110,57,0.00373155109997216,0.00846143448442585,36,2,36
g005222,2fold,768,107,58,0,0,36,0,36
g005223,4fold,768,125,65,0.0378787878787879,0.022744314792213,33,6,33
g005223,2fold,768,100,55,0.00867768595041322,0.00447994079240559,33,1,33
g005227,4fold,762,134,69,0,0,26,0,26
g005227,2fold,762,79,39,0.0019723865877712,0.00671941998487016,26,1,26
g005257,4fold,618,82,60,0,0,11,0,11
g005257,2fold,618,94,62,0,0,11,0,11
g005260,4fold,606,94,66,0.0176767676767677,0.0167244056862979,9,3,9
g005260,2fold,606,83,59,0.0131826741996234,0.0124724381389341,9,2,9
g005263,4fold,603,65,53,0.0109555690809495,0.0120116838583334,63,3,64
g005263,2fold,603,94,69,0.00135823185437491,0.00614058612359657,63,2,64
g005266,4fold,594,125,90,0.00378787878787879,0.00547548319071795,33,2,33
g005266,2fold,594,50,37,0,0,33,0,33
g005267,4fold,594,94,62,0.0510752688172043,0.0415412657369336,9,7,9
g005267,2fold,594,81,59,0.0244821092278719,0.0187086572084011,9,3,9
g005272,4fold,582,79,67,0.0488518943742824,0.0807053270525723,40,23,40
g005272,2fold,582,84,61,0.00699873896595208,0.0154162705987807,40,4,40
g005276,4fold,579,106,85,0.0109718785750393,0.0123205421278587,67,5,67
g005276,2fold,579,65,45,0.00311573445901804,0.00465442702607995,67,1,67
g005284,4fold,555,80,59,0.0161420500403551,0.013836042891733,7,2,7
g005284,2fold,555,80,59,0.0129136400322841,0.013836042891733,7,2,7
g005285,4fold,552,78,62,0.00194176678515155,0.00569757084651072,162,2,162
g005285,2fold,552,83,64,0.00300015336247221,0.0082792826363359,162,3,162
g005287,4fold,549,60,47,0.0105369807497467,0.00591387864945536,21,1,21
g005287,2fold,549,91,71,0.004560697518444,0.00391482107780847,21,1,21
g005289,4fold,546,112,86,0.0116279069767442,0.0111627906976744,5,2,5
g005289,2fold,546,47,40,0,0,5,0,5
g005291,4fold,543,94,76,0.00946331345605392,0.0100514298508668,29,3,29
g005291,2fold,543,68,50,0.00591133004926109,0.00509272445777254,29,1,29
g005294,4fold,540,108,91,0.00427350427350427,0.00404326291317093,9,1,9
g005294,2fold,540,58,44,0.00505050505050505,0.00836220284314897,9,1,9
g005295,4fold,540,86,70,0.046031746031746,0.0367936925098555,9,7,9
g005295,2fold,540,69,51,0.0196078431372549,0.0144288990234727,9,2,9
g005299,4fold,534,55,43,0,0,74,0,74
g005299,2fold,534,98,81,0.000333667000333665,0.00253270217783031,74,1,74
g005301,4fold,531,80,65,0.00286751072981417,0.00798720518050369,182,3,182
g005301,2fold,531,74,58,0.0156649408887931,0.0119349042927067,182,4,182
g005305,4fold,519,106,91,0.0202147143636505,0.0148568281052853,48,6,48
g005305,2fold,519,51,42,0.0169284025667004,0.0160948971140591,48,3,48
g005307,4fold,516,95,80,0,0,15,0,15
g005307,2fold,516,59,49,0,0,15,0,15
g005319,4fold,483,56,50,0,0,5,0,5
g005319,2fold,483,77,68,0,0,5,0,5
g005432,4fold,471,77,68,0.00959118229292631,0.00501222486745682,199,2,199
g005432,2fold,471,59,52,0,0,199,0,199
g005434,4fold,465,74,71,0.00767331260289007,0.00613221421071934,56,2,56
g005434,2fold,465,50,47,0.0082240848198295,0.00465018455395391,56,1,56
g005436,4fold,459,83,80,0.0237132352941176,0.0258819917761072,17,7,17
g005436,2fold,459,42,41,0.00824964131994261,0.0144289849622897,17,2,17
g005476,4fold,3186,514,63,0,0,7,0,7
g005476,2fold,3186,453,47,0,0,7,0,7
g005478,4fold,2745,400,64,0,0,55,0,55
g005478,2fold,2745,421,77,0,0,55,0,55
g005479,4fold,2715,417,60,0.107777777777778,0.131386861313869,6,18,6
g005479,2fold,2715,370,61,0.0688524590163934,0.0861553188943401,6,12,6
g005480,4fold,2652,377,66,0.0114607614607615,0.019664847824228,13,4,13
g005480,2fold,2652,299,56,0.0196886446886447,0.0233352203570733,13,4,13
g005485,4fold,2493,391,78,0.00678733031674208,0.00379223322726846,17,1,17
g005485,2fold,2493,364,64,0,0,17,0,17
g005486,4fold,2478,414,76,0.087092731829574,0.0912996777658432,7,17,7
g005486,2fold,2478,323,57,0.0451127819548872,0.0429645542427497,7,6,7
g005487,4fold,2475,423,77,0.056198347107438,0.0886797797785469,11,20,11
g005487,2fold,2475,295,50,0.0276363636363636,0.0409700582576887,11,6,11
g005492,4fold,2352,394,77,0.00916730328495034,0.0230488980566446,17,6,17
g005492,2fold,2352,316,67,0.00329236172080773,0.00441483868249163,17,1,17
g005503,4fold,2082,384,91,0.00659340659340659,0.00527472527472528,5,1,5
g005503,2fold,2082,231,48,0,0,5,0,5
g005504,4fold,2076,365,76,0.0596491228070175,0.0749135612754514,6,13,6
g005504,2fold,2076,236,41,0.048780487804878,0.0640911518604237,6,6,6
g005508,4fold,2172,287,49,0.0204081632653061,0.0195918367346939,5,2,5
g005508,2fold,2172,361,73,0,0,5,0,5
g005509,4fold,2169,274,56,0.0107142857142857,0.00857142857142857,5,1,5
g005509,2fold,2169,366,76,0,0,5,0,5
g005511,4fold,2127,330,60,0,0,52,0,52
g005511,2fold,2127,297,68,0,0,52,0,52
g005514,4fold,2265,392,69,0,0,7,0,7
g005514,2fold,2265,280,51,0,0,7,0,7
g005522,4fold,1869,257,66,0,0,21,0,21
g005522,2fold,1869,302,57,0.00167084377610693,0.00487635607937547,21,1,21
g005525,4fold,1680,281,65,0.0271493212669683,0.033621777127145,35,9,35
g005525,2fold,1680,220,61,0.00727372916379667,0.0199036021244483,35,5,35
g005526,4fold,1677,312,76,0.0053394355453852,0.00547782476535433,69,2,69
g005526,2fold,1677,192,47,0,0,69,0,69
g005529,4fold,1857,307,69,0.0072463768115942,0.00383816582200887,25,1,25
g005529,2fold,1857,252,56,0.00285714285714286,0.00945833720423614,25,2,25
g005533,4fold,1806,327,75,0.0722424242424243,0.0637312017341824,11,14,11
g005533,2fold,1806,204,50,0.0276363636363636,0.0273133721717924,11,4,11
g005538,4fold,1602,296,99,0.0106700810926163,0.00625201620745307,72,3,72
g005538,2fold,1602,153,36,0,0,72,0,72
g005540,4fold,1434,256,85,0.0108996539792388,0.0243595216716303,17,7,17
g005540,2fold,1434,142,40,0.0147058823529412,0.0369742739658674,17,5,17
g005541,4fold,1428,257,86,0.0224252491694352,0.018461353405479,8,4,8
g005541,2fold,1428,168,39,0.0128205128205128,0.0197782015963834,8,2,8
g005543,4fold,1422,241,78,0.0119526627218935,0.0134388399697403,26,4,26
g005543,2fold,1422,141,43,0.00951699463327371,0.00609435766069619,26,1,26
g005545,4fold,1410,157,47,0,0,25,0,25
g005545,2fold,1410,270,94,0,0,25,0,25
g005546,4fold,1410,249,68,0.0196078431372549,0.0196078431372549,8,2,8
g005546,2fold,1410,165,52,0.0272435897435897,0.0350709896164442,8,4,8
g005549,4fold,1401,167,56,0.0187074829931973,0.0141756820792071,7,2,8
g005549,2fold,1401,240,81,0,0,7,0,8
g005556,4fold,1440,158,48,0.00694444444444444,0.00912408759124088,6,1,6
g005556,2fold,1440,252,74,0,0,6,0,6
g005557,4fold,1437,236,70,0.0118858706273207,0.019897576269211,86,7,86
g005557,2fold,1437,204,57,0.000815993472052225,0.0069816057084951,86,2,86
g005559,4fold,1395,160,57,0.00701754385964912,0.00842105263157895,5,1,5
g005559,2fold,1395,210,62,0,0,5,0,5
g005560,4fold,1392,200,63,0.0128249367379802,0.0127518292232061,24,3,24
g005560,2fold,1392,213,64,0.0105865036231884,0.0125525818915935,24,3,24
g005562,4fold,1386,219,70,0,0,16,0,16
g005562,2fold,1386,181,52,0.00240384615384615,0.00579549189341982,16,1,16
g005566,4fold,1359,245,77,0,0,24,0,24
g005566,2fold,1359,136,40,0,0,24,0,24
g005585,4fold,1302,255,73,0.0016116035455278,0.00405197522913616,17,1,17
g005585,2fold,1302,98,33,0,0,17,0,17
g005588,4fold,1287,230,64,0.028125,0.0225,5,3,5
g005588,2fold,1287,147,62,0,0,5,0,5
g005589,4fold,1281,196,72,0.00757575757575758,0.00474190489093619,11,1,11
g005589,2fold,1281,183,64,0.00852272727272728,0.00533464300230321,11,1,11
g005590,4fold,1278,158,43,0.0232558139534884,0.0223255813953488,5,2,5
g005590,2fold,1278,205,74,0,0,5,0,5
g005593,4fold,1272,246,100,0,0,25,0,25
g005593,2fold,1272,133,46,0.00173913043478261,0.00575724873301331,25,1,25
g005595,4fold,1269,190,70,0.00566352768316303,0.00839606963948079,93,3,93
g005595,2fold,1269,150,48,0,0,93,0,93
g005596,4fold,1269,182,59,0.00581113801452784,0.00521261807098502,15,1,15
g005596,2fold,1269,190,64,0,0,15,0,15
g005597,4fold,1263,181,65,0.00473372781065088,0.00991528902155377,13,2,13
g005597,2fold,1263,185,64,0.00240384615384615,0.00503510770625777,13,1,13
g005598,4fold,1251,221,69,0.0196952805648458,0.0186809793159709,13,4,13
g005598,2fold,1251,135,57,0.00269905533063428,0.0056534542666754,13,1,13
g005599,4fold,1509,241,66,0.00252525252525253,0.0050172617696599,11,1,12
g005599,2fold,1509,205,59,0.0270672829994864,0.0227985230150834,12,4,12
g005600,4fold,1506,264,71,0.0109546165884194,0.0103644204253114,9,2,9
g005600,2fold,1506,187,43,0,0,9,0,9
g005603,4fold,1497,287,91,0.00523286237571952,0.00448531060775959,7,1,7
g005603,2fold,1497,167,49,0,0,7,0,7
g005608,4fold,1134,185,71,0.0120724346076459,0.0114975567691865,7,2,7
g005608,2fold,1134,146,51,0,0,7,0,7
g005609,4fold,1128,159,57,0,0,25,0,25
g005609,2fold,1128,169,69,0,0,25,0,25
g005611,4fold,1119,114,48,0,0,5,0,5
g005611,2fold,1119,217,87,0.00459770114942528,0.00551724137931034,5,1,5
g005612,4fold,1248,272,102,0.00569136745607334,0.00640275307295696,56,3,56
g005612,2fold,1248,90,34,0.0160045836516425,0.0128055061459139,56,2,56
g005615,4fold,1239,180,65,0.0384615384615385,0.041958041958042,4,5,4
g005615,2fold,1239,179,62,0.0161290322580645,0.0175953079178886,4,2,4
g005617,4fold,1230,159,56,0.103571428571429,0.102857142857143,5,12,5
g005617,2fold,1230,187,71,0.0619718309859155,0.0676056338028169,5,10,5
g005619,4fold,1227,184,64,0.0511904761904762,0.0596428571428571,7,9,7
g005619,2fold,1227,151,49,0.0392614188532556,0.0347855060391504,7,4,7
g005623,4fold,1182,201,74,0.00225225225225225,0.00447485509185883,12,1,12
g005623,2fold,1182,125,52,0.0104895104895105,0.00636806301533757,12,1,12
g005624,4fold,1170,169,70,0,0,15,0,15
g005624,2fold,1170,177,71,0,0,15,0,15
g005625,4fold,1167,210,74,0,0,17,0,17
g005625,2fold,1167,133,37,0,0,17,0,17
g005626,4fold,1158,202,70,0,0,11,0,11
g005626,2fold,1158,136,51,0,0,11,0,11
g005628,4fold,1104,146,57,0.0127591706539075,0.0119795491981546,11,2,11
g005628,2fold,1104,165,66,0,0,11,0,11
g005629,4fold,1095,149,55,0.00606060606060606,0.0079628400796284,6,1,6
g005629,2fold,1095,188,75,0,0,6,0,6
g005633,4fold,1086,166,68,0.0784313725490196,0.072192513368984,4,9,4
g005633,2fold,1086,154,63,0,0,4,0,4
g005634,4fold,1083,209,75,0,0,86,0,86
g005634,2fold,1083,121,42,0,0,86,0,86
g005639,4fold,1209,212,73,0.0209534757479963,0.020148110899289,66,7,66
g005639,2fold,1209,132,47,0.0180032733224223,0.0134116604466392,66,3,66
g005642,4fold,1200,122,50,0.016,0.0192,5,2,5
g005642,2fold,1200,218,72,0.00833333333333333,0.00666666666666667,5,1,5
g005643,4fold,1191,155,67,0.00165837479270315,0.00433933572349383,18,1,18
g005643,2fold,1191,188,65,0,0,18,0,18
g005647,4fold,1059,164,61,0.00771456123432979,0.0193963404411108,17,4,17
g005647,2fold,1059,155,58,0.0058316430020284,0.0101997997147221,17,2,17
g005648,4fold,1059,159,58,0.0295566502463054,0.0211118930330753,7,3,7
g005648,2fold,1059,156,59,0,0,7,0,7
g005650,4fold,1050,132,59,0.0169491525423729,0.016271186440678,5,2,5
g005650,2fold,1050,176,78,0,0,5,0,5
g005653,4fold,1035,175,78,0.00366300366300366,0.00806287647481267,14,2,14
g005653,2fold,1035,145,58,0,0,14,0,14
g005658,4fold,1023,161,70,0.013757783039551,0.00989838465528418,181,4,182
g005658,2fold,1023,137,51,0.0173396458739325,0.0135795232828125,182,4,182
g005659,4fold,1017,142,52,0.00177838577291382,0.0114793709245448,86,3,86
g005659,2fold,1017,127,67,0.000686036302754355,0.00296978750286732,86,1,86
g005671,4fold,972,155,81,0.0518518518518518,0.0592592592592593,5,10,5
g005671,2fold,972,139,71,0.028169014084507,0.0338028169014084,5,5,5
g005674,4fold,960,158,69,0.015527950310559,0.016768475266499,8,3,8
g005674,2fold,960,120,56,0.0204081632653061,0.0137741046831956,8,2,8
g005675,4fold,957,143,64,0.000726744186046512,0.00361126156516424,43,1,43
g005675,2fold,957,130,60,0,0,43,0,43
g005676,4fold,954,138,68,0,0,60,0,60
g005676,2fold,954,134,58,0,0,60,0,60
g005678,4fold,948,146,62,0.000403225806451612,0.00325643039263802,80,1,80
g005678,2fold,948,129,66,0,0,80,0,80
g005681,4fold,939,114,55,0.000969337955639324,0.00372997957098646,74,1,74
g005681,2fold,939,115,51,0,0,74,0,74
g005682,4fold,933,174,80,0.0172727272727273,0.0170708576073703,11,4,11
g005682,2fold,933,107,46,0.00711462450592885,0.00742211200320447,11,1,11
g005686,4fold,870,161,79,0.0274848399496322,0.0347270255119412,192,16,192
g005686,2fold,870,98,46,0.000891569921845361,0.00372749322750456,192,1,192
g005689,4fold,864,117,51,0.00784313725490196,0.00941176470588235,5,1,5
g005689,2fold,864,134,59,0.00677966101694915,0.00813559322033898,5,1,5
g005691,4fold,852,120,58,0,0,9,0,9
g005691,2fold,852,126,62,0,0,9,0,9
g005692,4fold,852,118,57,0,0,6,0,6
g005692,2fold,852,114,66,0,0,6,0,6
g005693,4fold,849,110,49,0.0204081632653061,0.022526750516238,9,3,9
g005693,2fold,849,141,68,0.0065359477124183,0.0108216742676045,9,2,9
g005695,4fold,837,127,68,0,0,80,0,80
g005695,2fold,837,115,54,0,0,80,0,80
g005698,4fold,834,144,77,0.0135281385281385,0.0191997462531668,33,6,33
g005698,2fold,834,111,52,0,0,33,0,33
g005711,4fold,801,79,39,0.0165912518853695,0.0151689329090738,17,2,17
g005711,2fold,801,140,80,0.00477941176470588,0.00369742739658674,17,1,17
g005712,4fold,801,78,39,0,0,11,0,11
g005712,2fold,801,154,89,0,0,11,0,11
g005716,4fold,798,160,87,0.0277777777777778,0.0173198608309098,16,5,16
g005716,2fold,798,79,47,0.0423758865248227,0.0256481343368366,16,4,16
g005717,4fold,795,106,62,0,0,26,0,26
g005717,2fold,795,120,75,0,0,26,0,26
g005726,4fold,903,147,78,0.00537240537240537,0.00394287777164252,15,1,15
g005726,2fold,903,117,57,0,0,15,0,15
g005727,4fold,900,146,71,0.0422535211267606,0.0460947503201024,4,6,4
g005727,2fold,900,112,58,0.0517241379310345,0.0564263322884013,4,6,4
g005728,4fold,897,120,57,0.0307017543859649,0.0370098078807862,16,7,16
g005728,2fold,897,148,69,0.0201690821256039,0.021838085395495,16,5,16
g005729,4fold,894,158,84,0.022718253968254,0.0143507418313253,16,4,16
g005729,2fold,894,111,56,0.046875,0.0269076409337349,16,5,16
g005732,4fold,876,154,81,0.0104283576505799,0.00912580531786325,33,3,33
g005732,2fold,876,106,47,0.00491618310767247,0.0104849678120131,33,2,33
g005733,4fold,927,152,68,0,0,11,0,11
g005733,2fold,927,121,54,0,0,11,0,11
g005735,4fold,921,165,90,0.0102199617457833,0.00916962377093116,72,4,72
g005735,2fold,921,109,50,0.0102582159624413,0.0123789920907571,72,3,72
g005736,4fold,921,139,69,0.00554134697357204,0.00428687234386869,17,1,17
g005736,2fold,921,140,73,0,0,17,0,17
g005742,4fold,729,48,30,0,0,10,0,10
g005742,2fold,729,144,86,0.0116279069767442,0.00822059912509338,10,2,10
g005746,4fold,681,134,86,0.0044296788482835,0.00715219688809573,15,2,15
g005746,2fold,681,73,53,0.00251572327044025,0.00580272577713427,15,1,15
g005749,4fold,678,107,62,0.0014443909484834,0.0101346394922709,67,3,67
g005749,2fold,678,91,53,0.00112644325542102,0.00790374400655085,67,2,67
g005751,4fold,675,95,52,0.0141025641025641,0.0135956062453467,10,2,10
g005751,2fold,675,100,67,0.00696517412935324,0.00527590690117933,10,1,10
g005762,4fold,651,95,65,0,0,29,0,29
g005762,2fold,651,100,61,0.00113058224985867,0.00417436430964962,29,1,29
g005763,4fold,651,126,85,0,0,16,0,16
g005763,2fold,651,63,43,0.0104651162790698,0.0140170036492014,16,2,16
g005764,4fold,645,97,56,0.0020335057099763,0.00790346586151496,52,2,52
g005764,2fold,645,85,58,0,0,52,0,52
g005766,4fold,636,84,58,0.00907687268984233,0.0108335801469102,67,3,67
g005766,2fold,636,99,63,0.00047382136934376,0.00332459073291425,67,1,67
g005769,4fold,630,115,76,0.05,0.0505263157894737,5,8,5
g005769,2fold,630,59,40,0.02,0.024,5,2,5
g005791,4fold,765,63,31,0.0131927212572374,0.00758381053649697,40,1,40
g005791,2fold,765,111,62,0,0,40,0,40
g005799,4fold,753,145,79,0.0229406037000974,0.0165859100892365,26,5,26
g005799,2fold,753,79,45,0.00471794871794872,0.00582349732022081,26,1,26
g005804,4fold,738,124,73,0.00729188619599579,0.0215389626912276,26,6,26
g005804,2fold,738,90,53,0.00714078374455733,0.019777915427165,26,4,26
g005805,4fold,738,103,65,0.0268531468531469,0.0210102862859942,11,4,11
g005805,2fold,738,113,56,0.00779220779220779,0.0060967348597751,11,1,11
g005806,4fold,729,105,63,0.0045991045991046,0.0111951488872098,40,3,40
g005806,2fold,729,111,65,0.00299802761341223,0.00723378851173557,40,2,40
g005807_1,4fold,729,95,60,0,0,5,0,5
g005807_1,2fold,729,120,78,0.00512820512820513,0.00615384615384615,5,1,5
g005808,4fold,726,108,66,0.00631983802238206,0.0136150731167999,147,5,147
g005808,2fold,726,112,67,0.0124899683856368,0.00804711784216829,147,3,147
g005809,4fold,723,78,46,0,0,62.5,0,64
g005809,2fold,723,122,67,0.00431621653636579,0.00315662727906877,64,1,64
g005811,4fold,717,120,81,0.00352733686067019,0.00776425142018998,14,2,14
g005811,2fold,717,94,50,0.0145054945054945,0.0188671309510617,14,3,14
g005814,4fold,711,108,68,0.00452488687782805,0.00947784980001463,13,2,13
g005814,2fold,711,96,51,0.00301659125188537,0.00631856653334309,13,1,13
g005816,4fold,708,121,67,0.0099502487562189,0.0164747876909801,9,3,9
g005816,2fold,708,90,56,0,0,9,0,9
g005823,4fold,624,81,58,0.0175548589341693,0.0176595078696934,11,3,11
g005823,2fold,624,96,70,0.00623376623376624,0.00487738788782008,11,1,11
g005824,4fold,618,85,55,0.0006993006993007,0.00402358262040762,52,1,52
g005824,2fold,618,90,66,0.00268522327345857,0.00335298551700635,52,1,52
g005827,4fold,612,94,74,0.0183933933933934,0.0198884824377597,9,4,9
g005827,2fold,612,83,56,0,0,9,0,9
g005829,4fold,609,117,80,0,0,7,0,7
g005829,2fold,609,67,47,0,0,7,0,7
g005831,4fold,609,109,79,0,0,7,0,7
g005831,2fold,609,50,42,0.0226757369614512,0.0194363459669582,7,2,7
g005840,4fold,594,100,67,0.00746268656716419,0.0148271317969054,12,3,12
g005840,2fold,594,69,46,0.00889328063241107,0.0071986799303816,12,1,12
g005842,4fold,594,105,83,0.0406961178045515,0.0298120522488326,10,7,10
g005842,2fold,594,65,53,0.010062893081761,0.00666954268639651,10,1,10
g005848,4fold,579,106,77,0.0198624904507257,0.04993927912273,17,13,17
g005848,2fold,579,59,40,0.0088235294117647,0.0221845643795205,17,3,17
g005860,4fold,558,46,37,0,0,57,0,57
g005860,2fold,558,113,81,0,0,57,0,57
g005866,4fold,543,60,42,0,0,59,0,59
g005866,2fold,543,101,84,0.000403551251008877,0.00256222763186385,59,1,59
g005881,4fold,516,79,68,0.000397456279809219,0.00301689524123905,74,1,74
g005881,2fold,516,62,49,0,0,74,0,74
g005883,4fold,513,65,58,0.0357366771159875,0.0294325131161557,11,5,11
g005883,2fold,513,86,74,0.00982800982800983,0.00922749059857853,11,2,11
g005892,4fold,492,73,62,0.0354838709677419,0.0309677419354839,5,4,5
g005892,2fold,492,76,67,0,0,5,0,5
g005893,4fold,489,78,70,0.00913810500276666,0.0078474637898404,133,3,133
g005893,2fold,489,62,57,0.000523637642751216,0.00321092599546907,133,1,133
g005903,4fold,480,27,25,0.0157490196078431,0.0266713766045976,51,3,51
g005903,2fold,480,32,29,0.0383502366463827,0.0229925660384462,51,3,51
g005905,4fold,477,69,60,0.000877192982456138,0.0039667558343018,38,1,38
g005905,2fold,477,68,65,0.00420177262282526,0.00366162077012474,38,1,38
g006049,4fold,474,80,75,0,0,86,0,86
g006049,2fold,474,60,55,0.00310409153090412,0.00361774113985655,86,1,86
g006051,4fold,474,71,66,0.0882034632034632,0.0759662743133818,8,13,8
g006051,2fold,474,61,57,0.0557644110275689,0.0473635880334445,8,7,8
g006061,4fold,456,81,78,0.00295857988165681,0.0100791299773052,26,3,26
g006061,2fold,456,45,44,0.0051048951048951,0.011911699064088,26,2,26
g006071,4fold,441,69,67,0.0149253731343284,0.0192386204895819,13,4,13
g006071,2fold,441,61,59,0.0091264667535854,0.00546181174916098,13,1,13
g006073,4fold,441,74,73,0.00821917808219178,0.00657534246575342,5,1,5
g006073,2fold,441,45,43,0,0,5,0,5
g006122,4fold,2952,470,62,0.00124069478908189,0.00422673192596672,26,1,26
g006122,2fold,2952,400,64,0,0,26,0,26
g006123,4fold,2958,345,55,0.00330578512396694,0.00620758458449828,11,1,11
g006123,2fold,2958,336,58,0.00626959247648903,0.0117730052464623,11,2,11
g006130,4fold,2763,468,65,0.0615384615384615,0.0615384615384615,3,6,3
g006130,2fold,2763,350,61,0.0218579234972678,0.0218579234972678,3,2,3
g006132,4fold,2670,377,67,0,0,3,0,3
g006132,2fold,2670,372,60,0.0222222222222222,0.0222222222222222,3,2,3
g006138_2,4fold,2544,420,64,0,0,2,0,2
g006138_2,2fold,2544,353,57,0,0,2,0,2
g006144,4fold,2358,382,61,0.0590163934426229,0.0646164891707551,6,9,6
g006144,2fold,2358,301,49,0.0380952380952381,0.0446894086101594,6,5,6
g006147,4fold,3516,625,83,0.0863453815261044,0.0854326396495071,4,13,4
g006147,2fold,3516,416,47,0.0886524822695036,0.0928433268858801,4,8,4
g006151,4fold,3093,465,64,0.0160845588235294,0.032352489720134,17,7,17
g006151,2fold,3093,453,57,0.0121259029927761,0.0259468589234157,17,5,17
g006153,4fold,4974,602,50,0,0,3,0,3
g006153,2fold,4974,875,77,0,0,3,0,3
g006156,4fold,2088,334,78,0.000474833808167141,0.0028134212755382,54,1,54
g006156,2fold,2088,301,56,0,0,54,0,54
g006160,4fold,2034,376,75,0.00533333333333333,0.0064,5,1,5
g006160,2fold,2034,235,45,0,0,5,0,5
g006162,4fold,2007,325,68,0,0,4,0,4
g006162,2fold,2007,275,63,0.00793650793650794,0.00865800865800866,4,1,4
g006163,4fold,2001,172,42,0.0634920634920635,0.0634920634920635,3,4,3
g006163,2fold,2001,388,97,0.0756013745704467,0.0756013745704467,3,11,3
g006164,4fold,2196,304,73,0,0,3,0,3
g006164,2fold,2196,348,69,0,0,3,0,3
g006165,4fold,2166,280,56,0.00714285714285714,0.00857142857142857,5,1,5
g006165,2fold,2166,356,75,0.00533333333333333,0.0064,5,1,5
g006166,4fold,2163,316,66,0,0,4,0,4
g006166,2fold,2163,321,69,0.00966183574879227,0.00790513833992095,4,1,4
g006167,4fold,2154,279,52,0,0,9,0,10
g006167,2fold,2154,357,62,0,0,10,0,10
g006168,4fold,2136,357,60,0.0101757631822387,0.0264149712598948,47,7,47
g006168,2fold,2136,274,56,0.0108034888330911,0.0202155392295113,47,5,47
g006174,4fold,1986,296,66,0,0,3,0,3
g006174,2fold,1986,290,74,0.018018018018018,0.018018018018018,3,2,3
g006176,4fold,1983,316,68,0.0519607843137255,0.0662601975096608,6,10,6
g006176,2fold,1983,268,47,0.0425531914893617,0.0559093026867526,5,6,6
g006179,4fold,1962,194,46,0.0120772946859903,0.00768447309519598,11,1,11
g006179,2fold,1962,381,97,0.00187441424554827,0.00351976445512789,11,1,11
g006184,4fold,1935,296,64,0.00625,0.0075,5,1,5
g006184,2fold,1935,273,58,0,0,5,0,5
g006189,4fold,1677,196,54,0.0407407407407407,0.0720063590031327,10,11,10
g006189,2fold,1677,289,70,0.0171428571428571,0.030298779632487,10,6,10
g006203,4fold,1743,231,56,0,0,27,0,27
g006203,2fold,1743,291,75,0,0,27,0,27
g006207,4fold,1647,356,108,0.00617283950617284,0.00617283950617284,3,1,3
g006207,2fold,1647,135,36,0.0185185185185185,0.0185185185185185,3,1,3
g006212,4fold,1614,230,70,0,0,7,0,7
g006212,2fold,1614,264,73,0,0,7,0,7
g006215,4fold,1596,181,56,0,0,3,0,3
g006215,2fold,1596,278,80,0,0,3,0,3
g006216,4fold,1428,174,49,0.00680272108843537,0.00893788172203188,6,1,6
g006216,2fold,1428,217,68,0.00490196078431372,0.0064405324173465,6,1,6
g006222,4fold,1416,242,66,0,0,54,0,54
g006222,2fold,1416,182,48,0,0,54,0,54
g006225,4fold,1413,221,65,0.102564102564103,0.102564102564103,3,10,3
g006225,2fold,1413,185,59,0.0112994350282486,0.0112994350282486,3,1,3
g006227,4fold,1410,202,59,0.00354492079317603,0.00492772022837435,18,1,18
g006227,2fold,1410,220,68,0.00432525951557093,0.00427552196285421,18,1,18
g006228,4fold,1407,261,70,0.030952380952381,0.0311688311688312,4,4,4
g006228,2fold,1407,159,51,0.0228758169934641,0.0213903743315508,4,2,4
g006229,4fold,1404,211,59,0.0049864383091118,0.00743887659294847,54,2,54
g006229,2fold,1404,180,59,0,0,54,0,54
g006232,4fold,1398,194,67,0.0865671641791045,0.0716417910447761,5,10,5
g006232,2fold,1398,189,60,0.02,0.016,5,2,5
g006233,4fold,1398,190,63,0.113227513227513,0.139033715676051,6,20,6
g006233,2fold,1398,181,57,0.0643274853801169,0.0845178640030734,6,11,6
g006237,4fold,1461,190,56,0.00274725274725275,0.0158069317230299,52,4,52
g006237,2fold,1461,192,61,0.0012610340479193,0.00725564079089898,52,2,52
g006238,4fold,1458,184,53,0,0,5,0,5
g006238,2fold,1458,215,61,0.00983606557377049,0.00786885245901639,5,1,5
g006240,4fold,1455,240,81,0.00617283950617284,0.00673400673400673,4,1,4
g006240,2fold,1455,167,39,0,0,4,0,4
g006241,4fold,1452,208,67,0,0,74,0,74
g006241,2fold,1452,212,68,0,0,74,0,74
g006242,4fold,1434,266,88,0.0106951871657754,0.0268903810660854,17,8,17
g006242,2fold,1434,137,37,0.0119236883942766,0.0159888752284832,17,2,17
g006244,4fold,1386,259,87,0.0402298850574713,0.0438871473354232,4,7,4
g006244,2fold,1386,149,47,0.0531914893617021,0.0580270793036751,4,5,4
g006245,4fold,1383,254,72,0,0,54,0,54
g006245,2fold,1383,139,42,0,0,54,0,54
g006247,4fold,1383,207,58,0.111405835543767,0.0777837328414994,13,14,13
g006247,2fold,1383,202,63,0.0146520146520147,0.0102300601016031,13,2,13
g006249,4fold,1380,102,29,0,0,5,0,5
g006249,2fold,1380,75,25,0,0,5,0,5
g006250,4fold,1374,258,70,0.0214285714285714,0.0233766233766234,4,3,4
g006250,2fold,1374,148,44,0.0340909090909091,0.0371900826446281,4,3,4
g006253,4fold,1362,201,61,0.0109289617486339,0.00894187779433681,4,1,4
g006253,2fold,1362,195,61,0.0191256830601093,0.0178837555886736,4,2,4
g006255,4fold,1350,228,87,0.00675152619768547,0.00717783934770567,69,3,69
g006255,2fold,1350,177,52,0.00162305724965571,0.00400302579006663,69,1,69
g006256,4fold,1347,217,72,0.0123860398860399,0.0218766713717819,26,6,26
g006256,2fold,1347,172,52,0,0,26,0,26
g006259,4fold,1338,251,84,0,0,10,0,10
g006259,2fold,1338,155,49,0,0,10,0,10
g006260,4fold,1332,194,60,0.00416666666666667,0.00642791551882461,8,1,8
g006260,2fold,1332,196,64,0.00390625,0.00602617079889807,8,1,8
g006261,4fold,1332,200,73,0.0547945205479452,0.0529720920329585,13,12,13
g006261,2fold,1332,178,66,0.034965034965035,0.0341777007939922,13,7,13
g006263,4fold,1578,237,66,0,0,3,0,3
g006263,2fold,1578,238,60,0,0,3,0,3
g006264,4fold,1572,238,67,0.00814111261872456,0.00509577839025978,11,1,11
g006264,2fold,1572,230,63,0,0,11,0,11
g006266,4fold,1563,251,71,0.0563380281690141,0.0614596670934699,4,8,4
g006266,2fold,1563,217,59,0.0338983050847458,0.036979969183359,4,4,4
g006268,4fold,1542,269,78,0.0863247863247863,0.072992700729927,6,13,6
g006268,2fold,1542,181,44,0.096969696969697,0.079628400796284,6,8,6
g006269,4fold,1323,248,82,0.00152439024390244,0.00367518998119305,16,1,16
g006269,2fold,1323,120,32,0,0,16,0,16
g006276,4fold,1290,203,63,0.00297619047619048,0.0118242235841531,32,3,32
g006276,2fold,1290,182,70,0.00267857142857143,0.0106418012257378,32,3,32
g006277,4fold,1290,227,71,0.00256081946222792,0.00480869228376628,11,1,11
g006277,2fold,1290,133,40,0.0109090909090909,0.00853542880368514,11,1,11
g006278,4fold,1287,165,60,0,0,54,0,54
g006278,2fold,1287,215,66,0,0,54,0,54
g006279,4fold,1287,163,52,0,0,17,0,17
g006279,2fold,1287,214,73,0,0,17,0,17
g006280,4fold,1287,221,75,0.060952380952381,0.0489795918367347,7,9,7
g006280,2fold,1287,150,46,0.0248447204968944,0.0177462289263531,7,2,7
g006283,4fold,1278,212,87,0.0766283524904214,0.100679587213692,6,20,6
g006283,2fold,1278,137,38,0.0350877192982456,0.0461006530925855,6,4,6
g006284,4fold,1278,170,53,0.0150943396226415,0.0181132075471698,5,2,5
g006284,2fold,1278,184,60,0.02,0.024,5,3,5
g006286,4fold,1275,218,85,0.0156862745098039,0.0156862745098039,3,2,3
g006286,2fold,1275,171,65,0.0102564102564103,0.0102564102564103,3,1,3
g006288,4fold,1281,207,61,0.0262295081967213,0.0236065573770492,5,3,5
g006288,2fold,1281,160,56,0.0214285714285714,0.0171428571428571,5,2,5
g006290,4fold,1263,154,45,0,0,3,0,3
g006290,2fold,1263,204,70,0,0,3,0,3
g006291,4fold,1263,168,57,0.0456140350877193,0.0505263157894737,5,6,5
g006291,2fold,1263,188,70,0.0428571428571428,0.048,5,7,5
g006293,4fold,1257,224,89,0.00749063670411985,0.00612870275791624,4,1,4
g006293,2fold,1257,133,40,0,0,4,0,4
g006294,4fold,1254,153,50,0.0133333333333333,0.0133333333333333,3,1,3
g006294,2fold,1254,204,69,0.00966183574879227,0.00966183574879227,3,1,3
g006295,4fold,1530,268,61,0.00307377049180328,0.0122119030459286,32,3,32
g006295,2fold,1530,175,49,0.0102040816326531,0.0405401951456677,32,8,32
g006297,4fold,1524,192,57,0.0175438596491228,0.0191387559808612,4,2,4
g006297,2fold,1524,217,61,0,0,4,0,4
g006300,4fold,1497,261,72,0.0162037037037037,0.0151515151515152,4,2,4
g006300,2fold,1497,171,55,0,0,4,0,4
g006302,4fold,1485,272,69,0.0555555555555556,0.0553359683794467,4,7,4
g006302,2fold,1485,163,52,0.0769230769230769,0.0839160839160839,4,8,4
g006303,4fold,1482,276,86,0.00363372093023256,0.0144365520504194,32,5,32
g006303,2fold,1482,173,52,0.00600961538461539,0.023875836083386,32,5,32
g006305,4fold,1146,225,83,0.0140562248995984,0.0131434830230011,4,2,4
g006305,2fold,1146,113,47,0,0,4,0,4
g006310,4fold,1128,120,50,0,0,5,0,5
g006310,2fold,1128,201,86,0,0,5,0,5
g006311,4fold,1125,140,51,0.00980392156862745,0.0106951871657754,4,1,4
g006311,2fold,1125,189,75,0.00666666666666667,0.00727272727272727,4,1,4
g006312,4fold,1119,188,69,0.0821256038647343,0.0711462450592885,4,9,4
g006312,2fold,1119,145,58,0.0344827586206897,0.0376175548589342,4,4,4
g006313,4fold,1119,151,60,0.0533333333333333,0.0538978102189781,6,7,6
g006313,2fold,1119,134,61,0.00655737704918032,0.00786885245901639,6,1,6
g006314,4fold,1116,110,50,0,0,32,0,32
g006314,2fold,1116,199,89,0,0,32,0,32
g006317,4fold,1251,142,42,0.0476190476190476,0.0476190476190476,3,3,3
g006317,2fold,1251,223,71,0.028169014084507,0.028169014084507,3,3,3
g006319,4fold,1236,216,66,0.0606060606060606,0.0606060606060606,3,6,3
g006319,2fold,1236,142,50,0.0133333333333333,0.0133333333333333,3,1,3
g006320,4fold,1236,228,77,0.0132231404958678,0.013301966966782,11,3,11
g006320,2fold,1236,123,37,0,0,11,0,11
g006321,4fold,1233,154,53,0.0146750524109015,0.01388441226787,9,2,9
g006321,2fold,1233,192,73,0.00532724505327245,0.00504023185066513,9,1,9
g006322,4fold,1230,152,53,0,0,6,0,6
g006322,2fold,1230,189,73,0.0045662100456621,0.005999400059994,6,1,6
g006323,4fold,1227,181,54,0.121693121693122,0.0962201587853308,6,12,7
g006323,2fold,1227,165,51,0.0926237161531279,0.0755338631803086,6,9,7
g006324,4fold,1224,149,48,0,0,4,0,4
g006324,2fold,1224,201,73,0,0,4,0,4
g006326,4fold,1224,164,64,0,0,11,0,11
g006326,2fold,1224,201,74,0.00245700245700246,0.00461374529928926,11,1,11
g006329,4fold,1215,171,60,0.0411111111111111,0.0364963503649635,6,5,6
g006329,2fold,1215,185,68,0.00784313725490196,0.0064405324173465,6,1,6
g006330,4fold,1215,182,75,0.0213333333333333,0.0192,5,3,5
g006330,2fold,1215,175,58,0,0,5,0,5
g006334,4fold,1161,134,55,0,0,5,0,5
g006334,2fold,1161,207,87,0.00689655172413793,0.00551724137931034,5,1,5
g006335,4fold,1155,141,59,0.0915254237288136,0.0732203389830509,5,9,5
g006335,2fold,1155,189,64,0.025,0.0225,5,3,5
g006336,4fold,1155,144,56,0.00892857142857143,0.00974025974025974,4,1,4
g006336,2fold,1155,189,66,0.00757575757575758,0.00826446280991736,4,1,4
g006337,4fold,1098,104,45,0.00888888888888888,0.0106666666666667,5,1,5
g006337,2fold,1098,216,100,0.004,0.0048,5,1,5
g006340,4fold,1089,207,93,0.0395545314900154,0.0280894973523273,56,12,56
g006340,2fold,1089,86,36,0.0136724386724387,0.0120940891378076,56,2,56
g006343,4fold,1080,127,54,0,0,56,0,56
g006343,2fold,1080,185,75,0,0,56,0,56
g006349,4fold,1212,178,70,0,0,15,0,15
g006349,2fold,1212,163,54,0,0,15,0,15
g006350,4fold,1209,166,59,0.0847457627118644,0.0924499229583975,4,10,4
g006350,2fold,1209,180,65,0.0666666666666667,0.0671328671328672,4,8,4
g006358,4fold,1194,176,58,0.132183908045977,0.128526645768025,4,13,4
g006358,2fold,1194,167,57,0.0175438596491228,0.0191387559808612,4,2,4
g006360,4fold,1185,236,98,0.00476190476190476,0.00615031792771083,16,2,16
g006360,2fold,1185,120,40,0,0,16,0,16
g006363,4fold,1056,114,48,0,0,56,0,56
g006363,2fold,1056,199,93,0.000384024577572965,0.00234079144602727,56,1,56
g006365,4fold,1053,129,52,0.0034965034965035,0.00656571446437318,11,1,11
g006365,2fold,1053,170,74,0.00442260442260442,0.00461374529928926,11,1,11
g006366,4fold,1053,160,75,0,0,3,0,3
g006366,2fold,1053,153,69,0,0,3,0,3
g006367,4fold,1050,161,67,0.0597014925373134,0.0597014925373134,3,6,3
g006367,2fold,1050,156,64,0.0104166666666667,0.0104166666666667,3,1,3
g006368,4fold,1050,145,63,0,0,2,0,2
g006368,2fold,1050,154,70,0,0,2,0,2
g006371,4fold,1041,114,46,0,0,11,0,11
g006371,2fold,1041,183,76,0,0,11,0,11
g006373,4fold,1035,164,67,0.00198514815087126,0.00380054064012876,29,1,29
g006373,2fold,1035,137,61,0,0,29,0,29
g006374,4fold,1035,96,43,0.0271317829457364,0.025369978858351,4,2,4
g006374,2fold,1035,186,88,0,0,4,0,4
g006375,4fold,1035,137,58,0.100574712643678,0.0961337513061651,4,10,4
g006375,2fold,1035,160,73,0.0684931506849315,0.0689082606890826,4,9,4
g006376,4fold,1032,153,64,0.0078125,0.00852272727272727,4,1,4
g006376,2fold,1032,138,63,0,0,4,0,4
g006377,4fold,1032,133,50,0.00617647058823529,0.00591588383453879,17,1,17
g006377,2fold,1032,175,68,0.00908304498269896,0.0086998291684394,17,2,17
g006379,4fold,1026,125,50,0,0,4,0,4
g006379,2fold,1026,156,62,0,0,4,0,4
g006381,4fold,1017,115,51,0.00784313725490196,0.00941176470588235,5,1,5
g006381,2fold,1017,171,75,0,0,5,0,5
g006383,4fold,1014,99,42,0,0,10,0,10
g006383,2fold,1014,181,76,0,0,10,0,10
g006384,4fold,1011,125,59,0,0,6,0,6
g006384,2fold,1011,182,82,0,0,6,0,6
g006385,4fold,1011,118,43,0,0,10,0,10
g006385,2fold,1011,160,62,0,0,10,0,10
g006386,4fold,1011,126,50,0.01,0.0109090909090909,4,1,4
g006386,2fold,1011,165,73,0,0,4,0,4
g006387,4fold,1011,144,57,0,0,10,0,10
g006387,2fold,1011,137,53,0,0,10,0,10
g006388_1,4fold,1011,174,80,0,0,5,0,5
g006388_1,2fold,1011,129,68,0,0,5,0,5
g006388_2,4fold,1011,174,81,0,0,5,0,5
g006388_2,2fold,1011,128,60,0,0,5,0,5
g006390,4fold,1008,142,55,0.0858066834351419,0.0591148355092131,23,12,23
g006390,2fold,1008,151,72,0.0624725516029864,0.048920263181814,23,13,23
g006391,4fold,1008,152,68,0,0,17,0,17
g006391,2fold,1008,141,60,0,0,17,0,17
g006392,4fold,1008,110,46,0,0,9,0,9
g006392,2fold,1008,165,68,0,0,9,0,9
g006394,4fold,1005,131,61,0.0109289617486339,0.0109289617486339,3,1,3
g006394,2fold,1005,145,63,0,0,3,0,3
g006395,4fold,1005,115,55,0.00727272727272727,0.00872727272727273,5,1,5
g006395,2fold,1005,178,79,0.0050632911392405,0.00607594936708861,5,1,5
g006396,4fold,1002,97,51,0,0,5,0,5
g006396,2fold,1002,188,94,0.00638297872340426,0.0051063829787234,5,1,5
g006398,4fold,996,184,68,0.00326797385620915,0.00541083713380227,9,1,9
g006398,2fold,996,112,44,0,0,9,0,9
g006401,4fold,993,149,67,0.0825870646766169,0.0849765769691688,6,13,6
g006401,2fold,993,138,49,0.0326530612244898,0.0357515268881275,6,4,6
g006404,4fold,987,190,91,0.0106508875739645,0.00863925426626164,26,3,26
g006404,2fold,987,102,41,0,0,26,0,26
g006405,4fold,987,102,48,0.0128787878787879,0.0142257146728086,11,2,11
g006405,2fold,987,187,75,0,0,11,0,11
g006406,4fold,987,171,76,0.037719298245614,0.0345754898194391,6,6,6
g006406,2fold,987,112,52,0.0615384615384615,0.0505334081976418,6,6,6
g006407,4fold,984,92,41,0,0,52,0,52
g006407,2fold,984,191,96,0,0,52,0,52
g006408,4fold,984,167,71,0.00621375310687656,0.00833223075287154,17,2,17
g006408,2fold,984,126,51,0,0,17,0,17
g006409,4fold,984,141,63,0,0,11,0,11
g006409,2fold,984,139,59,0.00308166409861325,0.00578673139232891,11,1,11
g006412,4fold,978,84,41,0,0,4,0,4
g006412,2fold,978,192,84,0.00595238095238095,0.00649350649350649,4,1,4
g006413,4fold,978,105,42,0.0142857142857143,0.0114285714285714,5,1,5
g006413,2fold,978,158,59,0.0101694915254237,0.00813559322033898,5,1,5
g006415,4fold,969,131,51,0.104575163398693,0.136054421768707,7,17,7
g006415,2fold,969,137,61,0.0640124902419985,0.0869856139176982,7,13,7
g006420,4fold,966,128,57,0.00233918128654971,0.00539551695066871,15,1,15
g006420,2fold,966,163,73,0,0,15,0,15
g006421,4fold,966,80,33,0.0151515151515152,0.0165289256198347,4,1,4
g006421,2fold,966,187,98,0,0,4,0,4
g006424,4fold,963,151,71,0.0137071443634225,0.0242155169019912,189,10,189
g006424,2fold,963,130,62,0.00215707422296304,0.00831920177439374,189,3,189
g006427,4fold,954,106,46,0,0,32,0,32
g006427,2fold,954,175,77,0,0,32,0,32
g006428,4fold,954,102,54,0.0211640211640212,0.0142842567084991,8,2,8
g006428,2fold,954,172,66,0,0,8,0,8
g006430,4fold,954,125,59,0,0,3,0,3
g006430,2fold,954,162,70,0.0380952380952381,0.0380952380952381,3,4,3
g006431,4fold,951,151,67,0.0139031229353407,0.00799887358692369,152,3,152
g006431,2fold,951,131,53,0.0109284676141184,0.00674118906067783,152,2,152
g006432,4fold,951,166,73,0.00888763630156833,0.0232460595099828,204,10,204
g006432,2fold,951,116,54,0.00269022040489248,0.00314252285968286,204,1,204
g006434,4fold,948,137,59,0,0,32,0,32
g006434,2fold,948,152,67,0,0,32,0,32
g006436,4fold,948,94,51,0.0130718954248366,0.0130718954248366,3,1,3
g006436,2fold,948,159,77,0,0,3,0,3
g006438,4fold,942,149,65,0.0962637362637363,0.0435387208961073,56,13,56
g006438,2fold,942,131,59,0.0362976007043804,0.0221383326590376,56,6,56
g006442,4fold,930,147,65,0.00683760683760684,0.0113211361568786,9,2,9
g006442,2fold,930,130,63,0,0,9,0,9
g006446,4fold,858,95,46,0,0,10,0,10
g006446,2fold,858,152,84,0,0,10,0,10
g006452,4fold,846,119,56,0,0,93,0,93
g006452,2fold,846,126,62,0.00034686090877558,0.00315981115464331,93,1,93
g006459,4fold,840,117,61,0,0,3,0,3
g006459,2fold,840,129,64,0.0104166666666667,0.0104166666666667,3,1,3
g006460,4fold,837,102,55,0.0051948051948052,0.00742115027829314,7,1,7
g006460,2fold,837,144,66,0,0,7,0,7
g006466,4fold,828,138,69,0.0595813204508857,0.042659353634615,9,8,9
g006466,2fold,828,103,60,0.037037037037037,0.0245291283399036,9,4,9
g006467,4fold,828,130,69,0.0289855072463768,0.0316205533596838,4,4,4
g006467,2fold,828,109,59,0.0423728813559322,0.0462249614791988,4,5,4
g006472,4fold,810,164,96,0.00285443722943723,0.00680292514001677,56,3,56
g006472,2fold,810,80,47,0,0,56,0,56
g006479,4fold,798,126,64,0,0,18,0,18
g006479,2fold,798,108,60,0,0,18,0,18
g006482,4fold,795,101,46,0.159420289855072,0.159420289855072,3,11,3
g006482,2fold,795,121,71,0.0938967136150235,0.0938967136150235,3,10,3
g006484,4fold,792,120,67,0.109452736318408,0.109452736318408,3,11,3
g006484,2fold,792,118,66,0.0404040404040404,0.0404040404040404,3,4,3
g006488,4fold,900,97,48,0.0181818181818182,0.0142257146728086,11,2,11
g006488,2fold,900,164,77,0,0,11,0,11
g006494,4fold,906,80,37,0,0,3,0,3
g006494,2fold,906,171,89,0,0,3,0,3
g006497,4fold,888,121,59,0.0258859784283513,0.0173601941769867,11,3,11
g006497,2fold,888,135,75,0.00727272727272728,0.00455222869529874,11,1,11
g006498,4fold,885,144,82,0,0,57,0,57
g006498,2fold,885,115,57,0,0,57,0,57
g006499,4fold,885,81,46,0.0108695652173913,0.0118577075098814,4,1,4
g006499,2fold,885,173,100,0,0,4,0,4
g006500,4fold,885,117,65,0,0,4,0,4
g006500,2fold,885,139,73,0,0,4,0,4
g006501,4fold,882,155,69,0.0579710144927536,0.0579710144927536,3,6,3
g006501,2fold,882,94,42,0.0158730158730159,0.0158730158730159,3,1,3
g006502,4fold,882,157,80,0.0395833333333333,0.0409090909090909,4,6,4
g006502,2fold,882,107,58,0.028735632183908,0.0282131661442006,4,3,4
g006504,4fold,873,80,43,0.00314104500151012,0.00506264196466364,56,1,56
g006504,2fold,873,174,90,0.0015007215007215,0.00241881782756152,56,1,56
g006505,4fold,873,99,42,0.0119047619047619,0.012987012987013,4,1,4
g006505,2fold,873,157,81,0.00823045267489712,0.00673400673400673,4,1,4
g006507,4fold,927,126,63,0.00768791231624331,0.00310965542202992,93,1,93
g006507,2fold,927,144,67,0.00722893247646759,0.00292400435205799,93,1,93
g006509,4fold,933,131,54,0.00279624353698428,0.00965740379429284,26,2,27
g006509,2fold,933,128,65,0.00227920227920229,0.00798284386098084,27,2,27
g006510,4fold,924,169,74,0.0176299376299376,0.0141652637518885,26,4,26
g006510,2fold,924,103,53,0.0110304789550073,0.0098889577135825,26,2,26
g006512,4fold,921,160,70,0.00610350240892113,0.0184003346783679,28,5,29
g006512,2fold,921,96,48,0,0,28,0,29
g006513,4fold,921,116,58,0,0,15,0,15
g006513,2fold,921,150,72,0.0153439153439153,0.0170858036771176,15,4,15
g006517,4fold,918,111,45,0.0133333333333333,0.0106666666666667,5,1,5
g006517,2fold,918,159,76,0.00526315789473684,0.00631578947368421,5,1,5
g006519,4fold,915,126,67,0.0161861499953648,0.0154874079365822,70,5,70
g006519,2fold,915,143,74,0.000386100386100385,0.00280447657230002,70,1,70
g006521,4fold,912,140,58,0.00344827586206896,0.00609458210998302,10,1,10
g006521,2fold,912,127,62,0,0,10,0,10
g006528,4fold,690,119,75,0,0,69,0,69
g006528,2fold,690,81,49,0.000591540964211772,0.00424810900170336,69,1,69
g006533_1,4fold,684,111,77,0,0,5,0,5
g006533_1,2fold,684,92,60,0.00666666666666666,0.008,5,1,5
g006534,4fold,681,102,64,0.00954861111111111,0.0114980289093298,9,2,9
g006534,2fold,681,97,67,0.0116086235489221,0.0109831917939867,9,2,9
g006536,4fold,681,83,57,0,0,3,0,3
g006536,2fold,681,81,49,0.0136054421768707,0.0136054421768707,3,1,3
g006538_1,4fold,678,117,77,0,0,5,0,5
g006538_1,2fold,678,79,49,0,0,5,0,5
g006538_2,4fold,678,117,76,0,0,5,0,5
g006538_2,2fold,678,78,49,0,0,5,0,5
g006544,4fold,669,117,67,0,0,74,0,74
g006544,2fold,669,84,52,0,0,74,0,74
g006547,4fold,669,76,51,0,0,5,0,5
g006547,2fold,669,107,72,0,0,5,0,5
g006549,4fold,663,127,71,0.00938967136150235,0.00768245838668374,4,1,4
g006549,2fold,663,73,48,0,0,4,0,4
g006557,4fold,651,109,77,0,0,11,0,11
g006557,2fold,651,92,52,0,0,11,0,11
g006558,4fold,651,97,75,0.00266666666666667,0.00471314349838687,10,1,10
g006558,2fold,651,101,70,0.00285714285714286,0.0050497966054145,10,1,10
g006559,4fold,645,112,73,0,0,6,0,6
g006559,2fold,645,79,46,0,0,6,0,6
g006560,4fold,645,94,65,0.0174358974358974,0.0134755755193711,6,2,6
g006560,2fold,645,88,54,0,0,6,0,6
g006567,4fold,633,104,74,0.00720720720720721,0.00415600629983941,15,1,15
g006567,2fold,633,78,58,0,0,15,0,15
g006622,4fold,774,127,74,0.00565968445225411,0.00723372178418137,153,3,153
g006622,2fold,774,100,50,0.0100584795321637,0.00713727216039229,153,2,153
g006626,4fold,771,113,70,0,0,63,0,63
g006626,2fold,771,114,58,0,0,63,0,63
g006627,4fold,771,118,74,0.0873873873873874,0.0938054843164332,2,12,6
g006627,2fold,771,103,56,0.00595238095238095,0.00782064650677789,2,1,6
g006631,4fold,765,118,71,0.00469483568075118,0.00932786695204376,12,2,12
g006631,2fold,765,107,62,0,0,12,0,12
g006636,4fold,756,138,71,0.0563380281690141,0.0563380281690141,3,6,3
g006636,2fold,756,88,55,0.0484848484848485,0.0484848484848485,3,4,3
g006640,4fold,747,85,42,0.0317460317460317,0.025974025974026,4,2,4
g006640,2fold,747,120,77,0.0173160173160173,0.0141676505312869,4,2,4
g006643,4fold,744,120,70,0,0,15,0,15
g006643,2fold,744,96,62,0,0,15,0,15
g006646,4fold,744,130,77,0,0,3,0,3
g006646,2fold,744,88,53,0,0,3,0,3
g006649,4fold,738,102,67,0.0341151385927505,0.0304599451720987,7,5,7
g006649,2fold,738,111,69,0.0289855072463768,0.0354924578527063,7,6,7
g006650_2,4fold,735,138,86,0,0,2,0,2
g006650_2,2fold,735,88,49,0,0,2,0,2
g006655,4fold,729,76,41,0.032520325203252,0.032520325203252,3,2,3
g006655,2fold,729,132,76,0.0087719298245614,0.0087719298245614,3,1,3
g006662,4fold,717,120,69,0,0,3,0,3
g006662,2fold,717,73,44,0,0,3,0,3
g006663_1,4fold,714,132,83,0,0,4,0,4
g006663_1,2fold,714,90,58,0,0,4,0,4
g006671,4fold,699,125,75,0,0,9,0,9
g006671,2fold,699,84,51,0,0,9,0,9
g006672,4fold,699,128,79,0,0,12,0,12
g006672,2fold,699,83,58,0,0,12,0,12
g006674,4fold,696,120,72,0.0138888888888889,0.0151515151515152,3,2,4
g006674,2fold,696,84,60,0,0,3,0,4
g006675,4fold,627,115,77,0,0,10,0,10
g006675,2fold,627,75,52,0,0,10,0,10
g006680,4fold,621,93,71,0.107981220657277,0.107554417413572,4,14,4
g006680,2fold,621,86,55,0.0363636363636364,0.0396694214876033,4,4,4
g006684,4fold,606,78,60,0.00666666666666666,0.008,5,1,5
g006684,2fold,606,96,69,0.0231884057971014,0.0208695652173913,5,3,5
g006689,4fold,603,58,42,0.00952380952380952,0.0219674618705797,15,3,15
g006689,2fold,603,106,73,0.00652315720808871,0.00842587578597579,15,2,15
g006694,4fold,597,88,69,0.00579710144927536,0.010245964126928,10,2,10
g006694,2fold,597,81,59,0,0,10,0,10
g006704,4fold,585,62,48,0,0,4,0,4
g006704,2fold,585,102,82,0,0,4,0,4
g006705,4fold,585,110,83,0.0120481927710843,0.0131434830230011,4,2,4
g006705,2fold,585,45,33,0.0151515151515152,0.0165289256198347,4,1,4
g006711,4fold,573,104,77,0,0,3,0,3
g006711,2fold,573,52,40,0,0,3,0,3
g006720,4fold,561,78,59,0.0875706214689266,0.0924499229583975,4,10,4
g006720,2fold,561,76,58,0.0258620689655172,0.0282131661442006,4,3,4
g006724,4fold,555,82,69,0.0072463768115942,0.00790513833992095,4,1,4
g006724,2fold,555,79,62,0.021505376344086,0.0175953079178886,4,2,4
g006726,4fold,555,82,66,0,0,3,0,3
g006726,2fold,555,83,57,0.0116959064327485,0.0116959064327485,3,1,3
g006736,4fold,543,84,69,0.0231884057971014,0.0278260869565217,5,4,5
g006736,2fold,543,71,60,0.02,0.024,5,3,5
g006738,4fold,540,75,60,0.02,0.0170708576073703,11,3,11
g006738,2fold,540,82,65,0.00671328671328671,0.00525257157149855,11,1,11
g006739,4fold,537,91,67,0,0,71,0,71
g006739,2fold,537,71,57,0.000494193229552755,0.0036301370248841,71,1,71
g006743,4fold,534,71,56,0.00061576354679803,0.00385765648744916,58,1,58
g006743,2fold,534,83,66,0.00052246603970742,0.00327316308025989,58,1,58
g006745,4fold,534,58,41,0,0,6,0,6
g006745,2fold,534,100,80,0.0108333333333333,0.0109489051094891,6,2,6
g006751,4fold,531,97,80,0.0729166666666667,0.075,4,11,4
g006751,2fold,531,56,47,0.0460992907801418,0.04642166344294,4,4,4
g006753,4fold,528,99,87,0,0,4,0,4
g006753,2fold,528,63,55,0,0,4,0,4
g006754,4fold,525,87,73,0,0,14,0,14
g006754,2fold,525,65,50,0.00285714285714286,0.00628904365035389,14,1,14
g006760,4fold,522,118,100,0.0166666666666667,0.0163636363636364,4,3,4
g006760,2fold,522,39,32,0,0,4,0,4
g006764,4fold,516,89,79,0.0675105485232067,0.0621403912543153,4,9,4
g006764,2fold,516,60,52,0.0480769230769231,0.0524475524475525,4,5,4
g006766,4fold,513,69,61,0.011558205000828,0.0449882559013182,45,12,45
g006766,2fold,513,76,64,0.0102588383838384,0.0357328595049533,45,10,45
g006770,4fold,501,76,67,0.0068886337543054,0.00480965512239549,13,1,13
g006770,2fold,501,72,64,0,0,13,0,13
g006773,4fold,498,105,93,0,0,7,0,7
g006773,2fold,498,49,45,0,0,7,0,7
g006779,4fold,492,67,61,0.000607057476780051,0.00312532011347094,107,1,107
g006779,2fold,492,74,61,0.000306419488279456,0.00312532011347094,107,1,107
g006780,4fold,489,30,29,0,0,6,0,6
g006780,2fold,489,48,42,0,0,6,0,6
g006784,4fold,486,72,63,0.00519480519480519,0.00541931987535564,11,1,11
g006784,2fold,486,72,67,0,0,11,0,11
g006787,4fold,483,51,45,0,0,19,0,19
g006787,2fold,483,83,71,0,0,19,0,19
g006790,4fold,480,86,74,0.011744884419303,0.018168888007653,216,8,216
g006790,2fold,480,57,54,0.00520863240501484,0.00933678967059946,216,3,216
g007006,4fold,474,91,83,0.0133868808567604,0.0132989250035622,9,3,9
g007006,2fold,474,54,48,0.0115740740740741,0.00766535260621989,9,1,9
g007011,4fold,468,83,77,0.000169764875647227,0.00231729615597152,152,1,153
g007011,2fold,468,56,52,0.00787296758172038,0.0103022081581872,152,3,153
g007016,4fold,465,61,53,0.039832285115304,0.0555376490714799,9,8,9
g007016,2fold,465,68,64,0.0138888888888889,0.0229960578186597,9,4,9
g007018_1,4fold,462,70,64,0.00148809523809524,0.00434300463319378,21,1,21
g007018_1,2fold,462,67,61,0,0,21,0,21
g007018_2,4fold,462,72,71,0,0,3,0,3
g007018_2,2fold,462,66,59,0,0,3,0,3
g007027,4fold,453,76,73,0,0,6,0,6
g007027,2fold,453,59,55,0.00606060606060606,0.0079628400796284,6,1,6
g007034,4fold,444,76,74,0.0923423423423423,0.0884520884520885,4,12,4
g007034,2fold,444,54,52,0.0320512820512821,0.0314685314685315,4,3,4
g007042,4fold,438,84,83,0.0255421686746988,0.0252585425937288,26,8,26
g007042,2fold,438,46,45,0.0225641025641026,0.0116469946404416,26,2,26
g007043,4fold,438,94,92,0.0355072463768116,0.0380831482069184,6,8,6
g007043,2fold,438,39,39,0.00854700854700855,0.0112296462661426,6,1,6
g007106,4fold,3045,473,69,0.0386473429951691,0.0386473429951691,3,4,3
g007106,2fold,3045,397,53,0.0377358490566038,0.0377358490566038,3,3,3
g007107,4fold,3021,430,77,0.038961038961039,0.038961038961039,2,3,2
g007107,2fold,3021,457,62,0,0,2,0,2
g007109,4fold,2997,497,71,0.028169014084507,0.028169014084507,2,2,2
g007109,2fold,2997,387,60,0.05,0.05,2,3,2
g007113,4fold,2940,434,70,0,0,2,0,2
g007113,2fold,2940,449,63,0,0,2,0,2
g007114,4fold,2937,568,73,0.123287671232877,0.134495641344956,4,18,4
g007114,2fold,2937,282,41,0.0609756097560976,0.0665188470066519,4,5,4
g007116,4fold,2928,519,86,0.0465116279069768,0.0465116279069768,3,6,3
g007116,2fold,2928,356,43,0.0465116279069768,0.0465116279069768,3,3,3
g007117,4fold,2922,608,72,0,0,3,0,3
g007117,2fold,2922,291,44,0,0,3,0,3
g007119,4fold,2883,474,73,0.0639269406392694,0.0639269406392694,3,7,3
g007119,2fold,2883,387,54,0.0493827160493827,0.0493827160493827,3,4,3
g007120,4fold,2880,479,62,0,0,3,0,3
g007120,2fold,2880,398,62,0,0,3,0,3
g007122,4fold,2832,463,78,0.102564102564103,0.123076923076923,5,20,5
g007122,2fold,2832,392,58,0.0206896551724138,0.0248275862068966,5,3,5
g007124,4fold,2799,449,78,0.0128205128205128,0.0128205128205128,2,1,2
g007124,2fold,2799,385,64,0.015625,0.015625,2,1,2
g007125,4fold,2787,422,64,0,0,5,0,5
g007125,2fold,2787,406,66,0,0,5,0,5
g007127,4fold,2766,449,60,0.1,0.12,5,15,5
g007127,2fold,2766,343,56,0.0357142857142857,0.0428571428571429,5,5,5
g007129,4fold,2754,492,86,0,0,2,0,3
g007129,2fold,2754,349,63,0,0,2,0,3
g007132,4fold,2715,429,71,0.0704225352112676,0.0704225352112676,2,5,2
g007132,2fold,2715,391,65,0.0461538461538462,0.0461538461538462,2,3,2
g007136,4fold,2610,420,62,0,0,5,0,5
g007136,2fold,2610,360,54,0,0,5,0,5
g007138,4fold,2607,473,72,0,0,3,0,3
g007138,2fold,2607,337,59,0,0,3,0,3
g007141,4fold,4041,567,53,0,0,5,0,5
g007141,2fold,4041,655,75,0,0,5,0,5
g007142,4fold,3903,495,40,0,0,2,0,2
g007142,2fold,3903,496,51,0,0,2,0,2
g007144,4fold,3852,419,43,0,0,3,0,3
g007144,2fold,3852,725,75,0,0,3,0,3
g007145,4fold,3825,549,65,0,0,2,0,2
g007145,2fold,3825,614,63,0,0,2,0,2
g007146,4fold,3645,745,91,0,0,3,0,3
g007146,2fold,3645,366,55,0,0,3,0,3
g007147,4fold,3609,634,82,0.032520325203252,0.032520325203252,3,4,3
g007147,2fold,3609,476,50,0.0133333333333333,0.0133333333333333,3,1,3
g007148_1,4fold,3582,662,78,0,0,2,0,2
g007148_1,2fold,3582,421,52,0,0,2,0,2
g007155,4fold,2499,402,79,0.0112517580872011,0.0186297177265091,9,4,9
g007155,2fold,2499,365,60,0.0037037037037037,0.00613228208497591,9,1,9
g007157,4fold,2475,303,55,0,0,3,0,3
g007157,2fold,2475,423,64,0,0,3,0,3
g007159,4fold,2463,415,72,0,0,4,0,4
g007159,2fold,2463,318,59,0,0,4,0,4
g007163,4fold,2451,422,81,0,0,4,0,4
g007163,2fold,2451,325,55,0,0,4,0,4
g007165,4fold,2439,297,57,0,0,2,0,2
g007165,2fold,2439,438,67,0,0,2,0,2
g007166,4fold,2439,425,84,0.0595238095238095,0.0595238095238095,2,5,2
g007166,2fold,2439,299,52,0,0,2,0,2
g007168,4fold,2412,403,72,0.0277777777777778,0.0333333333333333,5,5,5
g007168,2fold,2412,315,61,0,0,5,0,5
g007171,4fold,2340,422,75,0,0,3,0,3
g007171,2fold,2340,282,46,0,0,3,0,3
g007173,4fold,2322,408,79,0,0,53,0,53
g007173,2fold,2322,302,49,0,0,53,0,53
g007174,4fold,2322,349,73,0.136986301369863,0.136986301369863,2,10,2
g007174,2fold,2322,334,75,0.0933333333333333,0.0933333333333333,2,7,2
g007178,4fold,3507,663,71,0,0,4,0,4
g007178,2fold,3507,406,42,0,0,4,0,4
g007180,4fold,3450,616,72,0.0138888888888889,0.0138888888888889,2,1,2
g007180,2fold,3450,428,55,0,0,2,0,2
g007183,4fold,3360,554,71,0.0469483568075117,0.0469483568075117,3,5,3
g007183,2fold,3360,469,70,0.0380952380952381,0.0380952380952381,3,4,3
g007185,4fold,3327,527,63,0.0158730158730159,0.0158730158730159,2,1,2
g007185,2fold,3327,473,61,0,0,2,0,2
g007188,4fold,3267,541,82,0,0,3,0,3
g007188,2fold,3267,464,58,0,0,3,0,3
g007196,4fold,3078,587,68,0.0882352941176471,0.0882352941176471,2,6,2
g007196,2fold,3078,338,55,0.0363636363636364,0.0363636363636364,2,2,2
g007198,4fold,8583,1462,70,0,0,2,0,2
g007198,2fold,8583,1116,59,0,0,2,0,2
g007203,4fold,2100,362,78,0.00560897435897436,0.0222841136778269,32,7,32
g007203,2fold,2100,259,58,0.0021551724137931,0.00856236880231774,32,2,32
g007208,4fold,2082,386,71,0,0,4,0,4
g007208,2fold,2082,239,60,0,0,4,0,4
g007209,4fold,2079,286,56,0.0178571428571429,0.0178571428571429,2,1,2
g007209,2fold,2079,296,65,0,0,2,0,2
g007210,4fold,2079,360,67,0,0,2,0,2
g007210,2fold,2079,264,56,0,0,2,0,2
g007223,4fold,2190,338,73,0,0,4,0,4
g007223,2fold,2190,330,73,0,0,4,0,4
g007224,4fold,2175,278,50,0,0,4,0,4
g007224,2fold,2175,362,77,0,0,4,0,4
g007225,4fold,2172,300,62,0,0,2,0,2
g007225,2fold,2172,340,50,0,0,2,0,2
g007226,4fold,2172,260,59,0,0,3,0,3
g007226,2fold,2172,371,78,0.00854700854700855,0.00854700854700855,3,1,3
g007228,4fold,2169,286,53,0.00754716981132075,0.00905660377358491,5,1,5
g007228,2fold,2169,344,61,0,0,5,0,5
g007229,4fold,2169,288,65,0,0,5,0,5
g007229,2fold,2169,355,76,0,0,5,0,5
g007230,4fold,2166,292,71,0,0,2,0,2
g007230,2fold,2166,350,64,0,0,2,0,2
g007231,4fold,2166,276,49,0,0,6,0,6
g007231,2fold,2166,359,83,0,0,6,0,6
g007232,4fold,2166,272,54,0,0,5,0,5
g007232,2fold,2166,365,89,0,0,5,0,5
g007233,4fold,2166,276,53,0.0125786163522013,0.0125786163522013,3,1,3
g007233,2fold,2166,367,69,0,0,3,0,3
g007234,4fold,2163,296,52,0,0,4,0,4
g007234,2fold,2163,343,77,0,0,4,0,4
g007235,4fold,2163,280,61,0.0163934426229508,0.0163934426229508,2,1,2
g007235,2fold,2163,365,74,0,0,2,0,2
g007237,4fold,2160,350,69,0,0,6,0,6
g007237,2fold,2160,311,58,0,0,6,0,6
g007238,4fold,2160,284,54,0,0,3,0,3
g007238,2fold,2160,355,62,0,0,3,0,3
g007239,4fold,2157,291,68,0,0,3,0,3
g007239,2fold,2157,349,68,0,0,3,0,3
g007240,4fold,2157,272,68,0,0,4,0,4
g007240,2fold,2157,365,89,0,0,4,0,4
g007241,4fold,2151,275,55,0,0,2,0,2
g007241,2fold,2151,359,64,0,0,2,0,2
g007243,4fold,2145,266,59,0,0,5,0,5
g007243,2fold,2145,360,78,0,0,5,0,5
g007244,4fold,2145,327,68,0.102941176470588,0.102941176470588,2,7,2
g007244,2fold,2145,305,60,0.05,0.05,2,3,2
g007246,4fold,2223,343,77,0,0,6,0,6
g007246,2fold,2223,324,50,0,0,6,0,6
g007253,4fold,2256,401,78,0.0384615384615385,0.0384615384615385,2,3,2
g007253,2fold,2256,281,45,0.0222222222222222,0.0222222222222222,2,1,2
g007256,4fold,2244,257,55,0,0,2,0,2
g007256,2fold,2244,412,87,0.0229885057471264,0.0229885057471264,2,2,2
g007261_1,4fold,1962,355,79,0,0,2,0,2
g007261_1,2fold,1962,241,69,0,0,2,0,2
g007262,4fold,2217,208,45,0,0,2,0,2
g007262,2fold,2217,436,81,0,0,2,0,2
g007270,4fold,1962,324,69,0,0,54,0,54
g007270,2fold,1962,280,56,0,0,54,0,54
g007273,4fold,1953,357,68,0,0,2,0,2
g007273,2fold,1953,220,43,0,0,2,0,2
g007274,4fold,1950,245,51,0.0392156862745098,0.0392156862745098,2,2,2
g007274,2fold,1950,322,59,0,0,2,0,2
g007275,4fold,1947,199,38,0.0175438596491228,0.0143540669856459,4,1,4
g007275,2fold,1947,367,82,0.016260162601626,0.0133037694013304,4,2,4
g007283,4fold,1911,344,82,0.048780487804878,0.0585365853658537,5,10,5
g007283,2fold,1911,229,44,0.00909090909090909,0.0109090909090909,5,1,5
g007284,4fold,1911,256,60,0,0,2,0,2
g007284,2fold,1911,306,76,0,0,2,0,2
g007286,4fold,1908,301,74,0,0,17,0,17
g007286,2fold,1908,229,47,0,0,17,0,17
g007287,4fold,1992,247,55,0.0181818181818182,0.0181818181818182,2,1,2
g007287,2fold,1992,226,37,0,0,2,0,2
g007288,4fold,1899,255,48,0.0208333333333333,0.0208333333333333,2,1,2
g007288,2fold,1899,307,62,0,0,2,0,2
g007289,4fold,1884,305,61,0.0983606557377049,0.0983606557377049,2,6,2
g007289,2fold,1884,227,48,0.0208333333333333,0.0208333333333333,2,1,2
g007291,4fold,1701,189,55,0.0242424242424242,0.0242424242424242,3,2,3
g007291,2fold,1701,135,39,0,0,3,0,3
g007292,4fold,1683,280,82,0.0439024390243902,0.0480683638953178,6,9,6
g007292,2fold,1683,214,63,0.0465608465608466,0.048661800486618,6,7,6
g007295,4fold,1677,314,77,0,0,3,0,3
g007295,2fold,1677,193,45,0,0,3,0,3
g007298,4fold,1668,306,93,0.00716845878136201,0.00586510263929619,4,1,4
g007298,2fold,1668,194,58,0,0,4,0,4
g007303,4fold,1650,191,58,0.0114942528735632,0.0114942528735632,3,1,3
g007303,2fold,1650,292,78,0.0256410256410256,0.0256410256410256,3,3,3
g007304,4fold,1866,290,71,0,0,54,0,54
g007304,2fold,1866,275,67,0,0,54,0,54
g007308,4fold,1845,341,79,0.00632911392405063,0.00690448791714615,4,1,4
g007308,2fold,1845,215,49,0,0,4,0,4
g007309,4fold,1842,202,42,0,0,5,0,5
g007309,2fold,1842,334,78,0.00512820512820513,0.00615384615384615,5,1,5
g007310,4fold,1833,257,62,0.0645161290322581,0.0645161290322581,2,4,2
g007310,2fold,1833,298,63,0.0158730158730159,0.0158730158730159,2,1,2
g007313,4fold,1821,184,44,0,0,2,0,2
g007313,2fold,1821,350,75,0.0133333333333333,0.0133333333333333,2,1,2
g007316,4fold,1806,229,62,0.0161290322580645,0.0161290322580645,2,1,2
g007316,2fold,1806,316,75,0,0,2,0,2
g007320,4fold,1782,311,83,0.0160642570281124,0.0131434830230011,4,2,4
g007320,2fold,1782,215,48,0,0,4,0,4
g007321,4fold,1770,216,62,0,0,6,0,6
g007321,2fold,1770,295,69,0,0,6,0,6
g007323,4fold,1770,281,68,0,0,4,0,4
g007323,2fold,1770,243,55,0,0,4,0,4
g007324,4fold,1764,178,51,0,0,4,0,4
g007324,2fold,1764,346,79,0,0,4,0,4
g007325,4fold,1764,180,33,0.0202020202020202,0.0202020202020202,3,1,3
g007325,2fold,1764,331,78,0.00854700854700855,0.00854700854700855,3,1,3
g007326,4fold,1758,213,60,0.0166666666666667,0.0166666666666667,2,1,2
g007326,2fold,1758,283,64,0.015625,0.015625,2,1,2
g007329,4fold,1749,220,55,0,0,3,0,3
g007329,2fold,1749,298,71,0,0,3,0,3
g007330,4fold,1749,216,64,0.015625,0.015625,2,1,2
g007330,2fold,1749,302,75,0,0,2,0,2
g007333,4fold,1740,204,50,0,0,5,0,5
g007333,2fold,1740,298,73,0,0,5,0,5
g007334,4fold,1731,282,67,0.104477611940299,0.104477611940299,2,7,2
g007334,2fold,1731,214,45,0.0444444444444444,0.0444444444444444,2,2,2
g007340,4fold,1647,147,47,0.0141843971631206,0.0141843971631206,3,1,3
g007340,2fold,1647,329,104,0.0256410256410256,0.0256410256410256,3,4,3
g007344,4fold,1635,208,43,0,0,6,0,6
g007344,2fold,1635,268,77,0,0,6,0,6
g007348,4fold,1623,285,72,0,0,31,0,31
g007348,2fold,1623,212,62,0,0,31,0,31
g007350,4fold,1614,267,62,0.0967741935483871,0.0967741935483871,2,6,2
g007350,2fold,1614,211,52,0.0192307692307692,0.0192307692307692,2,1,2
g007353,4fold,1431,189,57,0.0175438596491228,0.0175438596491228,2,1,2
g007353,2fold,1431,220,55,0,0,2,0,2
g007354,4fold,1431,181,47,0.0212765957446809,0.0212765957446809,2,1,2
g007354,2fold,1431,225,63,0,0,2,0,2
g007355,4fold,1428,189,69,0,0,16,0,16
g007355,2fold,1428,209,65,0,0,16,0,16
g007356,4fold,1428,184,46,0,0,2,0,2
g007356,2fold,1428,213,59,0,0,2,0,2
g007357,4fold,1428,178,44,0,0,2,0,2
g007357,2fold,1428,224,69,0,0,2,0,2
g007358,4fold,1428,204,61,0.00655737704918032,0.00786885245901639,5,1,5
g007358,2fold,1428,195,65,0.00923076923076923,0.00738461538461538,5,1,5
g007359,4fold,1428,181,62,0,0,3,0,3
g007359,2fold,1428,220,68,0,0,3,0,3
g007363,4fold,1422,244,61,0.00922131147540984,0.0366357091377857,32,9,32
g007363,2fold,1422,180,57,0.0043859649122807,0.0174251715976993,32,4,32
g007364,4fold,1422,186,55,0,0,4,0,4
g007364,2fold,1422,220,73,0,0,4,0,4
g007365,4fold,1422,201,71,0.0422535211267606,0.0422535211267606,2,3,2
g007365,2fold,1422,123,38,0,0,2,0,2
g007366,4fold,1419,217,65,0.0205128205128205,0.0205128205128205,3,2,3
g007366,2fold,1419,197,57,0.0233918128654971,0.0233918128654971,3,2,3
g007367,4fold,1419,182,57,0,0,2,0,2
g007367,2fold,1419,215,66,0,0,2,0,2
g007368,4fold,1416,234,68,0,0,4,0,4
g007368,2fold,1416,196,56,0,0,4,0,4
g007369,4fold,1416,214,50,0.04,0.04,3,3,3
g007369,2fold,1416,192,50,0.0266666666666667,0.0266666666666667,3,2,3
g007370,4fold,1416,220,69,0.0177133655394525,0.0159972576129806,9,3,9
g007370,2fold,1416,197,63,0,0,9,0,9
g007371,4fold,1416,226,62,0,0,2,0,2
g007371,2fold,1416,195,53,0,0,2,0,2
g007375,4fold,1404,170,61,0.0327868852459016,0.0327868852459016,2,2,2
g007375,2fold,1404,237,72,0.0277777777777778,0.0277777777777778,2,2,2
g007377,4fold,1401,183,58,0,0,3,0,3
g007377,2fold,1401,201,66,0,0,3,0,3
g007380,4fold,1401,215,74,0,0,3,0,4
g007380,2fold,1401,205,70,0,0,3,0,4
g007382,4fold,1398,199,66,0,0,5,0,5
g007382,2fold,1398,195,65,0,0,5,0,5
g007383,4fold,1398,193,66,0,0,4,0,4
g007383,2fold,1398,198,52,0,0,4,0,4
g007384,4fold,1398,194,64,0,0,6,0,6
g007384,2fold,1398,200,70,0,0,6,0,6
g007385,4fold,1398,175,73,0.125861353258614,0.131946464678315,11,28,11
g007385,2fold,1398,199,66,0.0359963269054178,0.0367594832685859,11,7,11
g007387,4fold,1473,225,72,0,0,6,0,6
g007387,2fold,1473,205,63,0,0,6,0,6
g007389,4fold,1470,214,52,0,0,2,0,2
g007389,2fold,1470,221,81,0,0,2,0,2
g007390,4fold,1467,265,80,0.0375,0.0375,2,3,2
g007390,2fold,1467,184,53,0.0188679245283019,0.0188679245283019,2,1,2
g007391,4fold,1467,203,73,0,0,9,0,9
g007391,2fold,1467,209,61,0,0,9,0,9
g007392,4fold,1572,208,58,0.149425287356322,0.149425287356322,3,13,3
g007392,2fold,1572,223,68,0.0686274509803922,0.0686274509803922,3,7,3
g007393,4fold,1458,140,38,0,0,2,0,2
g007393,2fold,1458,271,77,0.012987012987013,0.012987012987013,2,1,2
g007395,4fold,1458,152,45,0.0222222222222222,0.0222222222222222,2,1,2
g007395,2fold,1458,212,48,0,0,2,0,2
g007397,4fold,1452,206,57,0,0,2,0,2
g007397,2fold,1452,196,61,0,0,2,0,2
g007398,4fold,1449,231,76,0.0131578947368421,0.0143540669856459,4,2,4
g007398,2fold,1449,190,57,0.0116959064327485,0.00956937799043062,4,1,4
g007401,4fold,1434,191,57,0.00623781676413255,0.00620150460314062,10,1,10
g007401,2fold,1434,206,70,0,0,10,0,10
g007403,4fold,1395,181,65,0.0153846153846154,0.0147692307692308,5,2,5
g007403,2fold,1395,199,61,0,0,5,0,5
g007404,4fold,1395,225,71,0.028169014084507,0.028169014084507,3,3,3
g007404,2fold,1395,157,53,0.0125786163522013,0.0125786163522013,3,1,3
g007405,4fold,1392,187,60,0,0,5,0,5
g007405,2fold,1392,201,56,0,0,5,0,5
g007406,4fold,1392,229,69,0.0144927536231884,0.0144927536231884,2,1,2
g007406,2fold,1392,173,58,0,0,2,0,2
g007409,4fold,1389,229,73,0,0,10,0,10
g007409,2fold,1389,153,51,0,0,10,0,10
g007411,4fold,1383,213,58,0,0,2,0,2
g007411,2fold,1383,204,50,0,0,2,0,2
g007412,4fold,1380,218,77,0,0,9,0,9
g007412,2fold,1380,194,56,0.00694444444444444,0.00657030223390276,9,1,9
g007413,4fold,1377,184,59,0,0,4,0,4
g007413,2fold,1377,221,54,0,0,4,0,4
g007414,4fold,1377,232,74,0,0,5,0,5
g007414,2fold,1377,156,53,0,0,5,0,5
g007415,4fold,1374,116,28,0,0,8,0,8
g007415,2fold,1374,280,92,0,0,8,0,8
g007416,4fold,1374,206,63,0,0,2,0,2
g007416,2fold,1374,204,70,0,0,2,0,2
g007417,4fold,1374,186,56,0,0,4,0,4
g007417,2fold,1374,229,75,0,0,4,0,4
g007418,4fold,1374,145,38,0,0,2,0,2
g007418,2fold,1374,260,86,0,0,2,0,2
g007419,4fold,1371,187,60,0,0,7,0,7
g007419,2fold,1371,226,72,0,0,7,0,7
g007420,4fold,1371,131,35,0.019047619047619,0.019047619047619,3,1,3
g007420,2fold,1371,280,96,0.0208333333333333,0.0208333333333333,3,3,3
g007421,4fold,1368,163,62,0,0,32,0,32
g007421,2fold,1368,237,69,0,0,31,0,32
g007422,4fold,1365,174,49,0,0,7,0,7
g007422,2fold,1365,233,76,0,0,7,0,7
g007423,4fold,1362,159,52,0,0,5,0,5
g007423,2fold,1362,242,74,0,0,5,0,5
g007435,4fold,1341,213,64,0,0,2,0,2
g007435,2fold,1341,172,52,0,0,2,0,2
g007438,4fold,1335,157,58,0.0689655172413793,0.0689655172413793,2,4,2
g007438,2fold,1335,204,64,0,0,2,0,2
g007441,4fold,1332,242,88,0,0,2,0,2
g007441,2fold,1332,165,47,0,0,2,0,2
g007442,4fold,1332,113,39,0.0341880341880342,0.0341880341880342,3,2,3
g007442,2fold,1332,261,85,0.0156862745098039,0.0156862745098039,3,2,3
g007444,4fold,1590,156,38,0,0,2,0,2
g007444,2fold,1590,301,86,0.0116279069767442,0.0116279069767442,2,1,2
g007447,4fold,1584,274,70,0,0,9,0,9
g007447,2fold,1584,175,47,0,0,9,0,9
g007449,4fold,1575,283,69,0.0628019323671498,0.0632411067193676,4,8,4
g007449,2fold,1575,181,55,0,0,4,0,4
g007457,4fold,1536,209,53,0.00754716981132075,0.00905660377358491,4,1,5
g007457,2fold,1536,250,83,0,0,4,0,5
g007459,4fold,1326,172,68,0,0,2,0,2
g007459,2fold,1326,194,50,0,0,2,0,2
g007460,4fold,1323,210,81,0,0,2,0,2
g007460,2fold,1323,180,64,0,0,2,0,2
g007463,4fold,1314,168,57,0,0,3,0,3
g007463,2fold,1314,212,75,0,0,3,0,3
g007464,4fold,1311,249,89,0.00561797752808989,0.00612870275791624,4,1,4
g007464,2fold,1311,128,46,0,0,4,0,4
g007466,4fold,1305,172,57,0,0,56,0,56
g007466,2fold,1305,204,69,0,0,56,0,56
g007467,4fold,1302,181,53,0.00628930817610063,0.00826332461093513,6,1,6
g007467,2fold,1302,182,61,0,0,6,0,6
g007469,4fold,1290,201,75,0,0,4,0,4
g007469,2fold,1290,182,72,0,0,4,0,4
g007470,4fold,1290,164,52,0.00961538461538462,0.0104895104895105,4,1,4
g007470,2fold,1290,218,64,0.0182291666666667,0.0170454545454545,4,2,4
g007471,4fold,1287,172,63,0,0,83,0,83
g007471,2fold,1287,210,63,0,0,83,0,83
g007472,4fold,1287,156,56,0.0214285714285714,0.0171428571428571,5,2,5
g007472,2fold,1287,222,62,0.00967741935483871,0.00774193548387097,5,1,5
g007473,4fold,1284,119,35,0,0,11,0,11
g007473,2fold,1284,253,87,0,0,11,0,11
g007475,4fold,1281,150,52,0,0,3,0,3
g007475,2fold,1281,205,75,0,0,3,0,3
g007476,4fold,1281,211,68,0.00735294117647059,0.00802139037433155,4,1,4
g007476,2fold,1281,171,60,0.00833333333333333,0.00909090909090909,4,1,4
g007477,4fold,1278,181,52,0.0102564102564103,0.00842223469960696,6,1,6
g007477,2fold,1278,203,68,0,0,6,0,6
g007478,4fold,1278,176,77,0,0,5,0,5
g007478,2fold,1278,179,60,0,0,5,0,5
g007480,4fold,1272,167,59,0,0,6,0,6
g007480,2fold,1272,175,69,0,0,6,0,6
g007481,4fold,1272,171,57,0,0,3,0,3
g007481,2fold,1272,176,64,0,0,3,0,3
g007483,4fold,1269,141,52,0,0,6,0,6
g007483,2fold,1269,244,82,0.00650406504065041,0.00534092932170198,6,1,6
g007486,4fold,1266,152,54,0.0185185185185185,0.0185185185185185,2,1,2
g007486,2fold,1266,205,76,0,0,2,0,2
g007488,4fold,1263,151,52,0.00961538461538462,0.0104895104895105,4,1,4
g007488,2fold,1263,220,78,0,0,4,0,4
g007490,4fold,1263,152,54,0.0185185185185185,0.0185185185185185,2,1,2
g007490,2fold,1263,214,72,0,0,2,0,2
g007491,4fold,1260,153,45,0.003001443001443,0.00483763565512303,56,1,56
g007491,2fold,1260,197,77,0,0,56,0,56
g007494,4fold,1260,172,69,0,0,2,0,2
g007494,2fold,1260,183,57,0.0175438596491228,0.0175438596491228,2,1,2
g007498,4fold,1254,187,71,0,0,3,0,3
g007498,2fold,1254,184,72,0,0,3,0,3
g007499,4fold,1251,192,63,0.00288600288600289,0.00541931987535564,11,1,11
g007499,2fold,1251,169,59,0,0,11,0,11
g007506,4fold,1509,196,62,0,0,5,0,5
g007506,2fold,1509,255,76,0.00526315789473684,0.00631578947368421,5,1,5
g007509,4fold,1503,198,61,0,0,2,0,2
g007509,2fold,1503,243,66,0.0151515151515152,0.0151515151515152,2,1,2
g007511,4fold,1491,221,64,0,0,2,0,2
g007511,2fold,1491,219,58,0,0,2,0,2
g007517,4fold,1146,142,55,0,0,9,0,9
g007517,2fold,1146,197,74,0,0,9,0,9
g007521,4fold,1143,235,74,0,0,3,0,3
g007521,2fold,1143,115,30,0,0,3,0,3
g007522,4fold,1143,182,66,0,0,3,0,3
g007522,2fold,1143,167,69,0,0,3,0,3
g007523,4fold,1140,168,66,0.00721500721500722,0.00465976463921388,15,1,15
g007523,2fold,1140,169,62,0,0,15,0,15
g007524,4fold,1140,176,57,0.152882205513785,0.107411385606874,7,15,7
g007524,2fold,1140,152,59,0.0484261501210654,0.0345901072293324,7,5,7
g007526,4fold,1140,177,68,0,0,2,0,2
g007526,2fold,1140,160,54,0,0,2,0,2
g007528,4fold,1134,175,70,0,0,26,0,26
g007528,2fold,1134,170,52,0,0,26,0,26
g007530,4fold,1134,120,53,0.0188679245283019,0.0188679245283019,2,1,2
g007530,2fold,1134,206,77,0,0,2,0,2
g007533,4fold,1131,119,46,0,0,2,0,2
g007533,2fold,1131,206,84,0,0,2,0,2
g007534,4fold,1128,146,50,0.0133333333333333,0.0133333333333333,3,1,3
g007534,2fold,1128,177,60,0,0,3,0,3
g007535,4fold,1128,132,50,0,0,2,0,2
g007535,2fold,1128,201,72,0,0,2,0,2
g007537,4fold,1122,125,46,0,0,5,0,5
g007537,2fold,1122,199,75,0,0,5,0,5
g007541,4fold,1116,181,66,0.018716577540107,0.0179269207107236,17,4,17
g007541,2fold,1116,133,55,0.00561497326203209,0.00537807621321708,17,1,17
g007543,4fold,1116,131,50,0.01,0.0109090909090909,4,1,4
g007543,2fold,1116,192,78,0,0,4,0,4
g007545,4fold,1113,89,30,0.0333333333333333,0.0333333333333333,2,1,2
g007545,2fold,1113,112,46,0.0217391304347826,0.0217391304347826,2,1,2
g007547,4fold,1110,110,49,0,0,4,0,4
g007547,2fold,1110,216,80,0,0,4,0,4
g007548,4fold,1110,204,73,0,0,2,0,2
g007548,2fold,1110,128,52,0,0,2,0,2
g007549,4fold,1110,134,51,0,0,6,0,6
g007549,2fold,1110,186,82,0,0,6,0,6
g007551,4fold,1248,191,59,0,0,2,0,2
g007551,2fold,1248,183,62,0,0,2,0,2
g007553,4fold,1248,133,40,0,0,2,0,2
g007553,2fold,1248,236,70,0.0142857142857143,0.0142857142857143,2,1,2
g007554,4fold,1245,142,43,0.0116279069767442,0.0126849894291755,4,1,4
g007554,2fold,1245,220,76,0,0,4,0,4
g007555,4fold,1242,157,45,0.0096969696969697,0.0075870478254979,11,1,11
g007555,2fold,1242,204,75,0.00242424242424243,0.00455222869529874,11,1,11
g007556,4fold,1239,188,64,0,0,4,0,4
g007556,2fold,1239,184,69,0.0072463768115942,0.00790513833992095,4,1,4
g007557,4fold,1239,212,74,0,0,6,0,6
g007557,2fold,1239,161,58,0,0,6,0,6
g007558,4fold,1239,166,61,0.040983606557377,0.0447093889716841,4,5,4
g007558,2fold,1239,203,64,0.0078125,0.00852272727272727,4,1,4
g007559,4fold,1236,162,56,0,0,4,0,4
g007559,2fold,1236,187,61,0,0,4,0,4
g007562,4fold,1236,202,71,0,0,4,0,4
g007562,2fold,1236,162,58,0.00862068965517241,0.00940438871473354,4,1,4
g007564,4fold,1230,181,71,0.0225352112676056,0.0270422535211268,5,4,5
g007564,2fold,1230,175,57,0.0140350877192982,0.0168421052631579,5,2,5
g007568,4fold,1230,141,46,0,0,2,0,2
g007568,2fold,1230,213,73,0,0,2,0,2
g007569,4fold,1227,184,65,0.0130806391675957,0.0350052264102451,46,10,46
g007569,2fold,1227,180,56,0.00455486542443064,0.0121893199107103,46,3,46
g007570,4fold,1227,152,47,0,0,4,0,4
g007570,2fold,1227,194,70,0,0,4,0,4
g007571,4fold,1227,103,33,0.0202020202020202,0.0202020202020202,3,1,3
g007571,2fold,1227,246,98,0.0680272108843537,0.0680272108843537,3,10,3
g007572,4fold,1224,184,63,0.0476190476190476,0.0476190476190476,2,3,2
g007572,2fold,1224,178,56,0.0535714285714286,0.0535714285714286,2,3,2
g007573,4fold,1224,189,69,0.00966183574879227,0.0126943827356395,6,2,6
g007573,2fold,1224,173,65,0.0153846153846154,0.0202133632790567,6,3,6
g007574,4fold,1224,145,55,0,0,2,0,2
g007574,2fold,1224,198,82,0,0,2,0,2
g007575,4fold,1224,162,57,0,0,3,0,3
g007575,2fold,1224,179,65,0,0,3,0,3
g007576,4fold,1224,162,56,0,0,2,0,2
g007576,2fold,1224,177,52,0,0,2,0,2
g007578,4fold,1221,212,82,0.00609756097560976,0.0242252385626551,32,8,32
g007578,2fold,1221,149,61,0.0102459016393443,0.0407063434864286,32,10,32
g007579,4fold,1221,204,60,0,0,5,0,5
g007579,2fold,1221,156,59,0,0,5,0,5
g007580,4fold,1218,208,73,0,0,54,0,54
g007580,2fold,1218,137,49,0,0,54,0,54
g007581,4fold,1218,134,46,0.0072463768115942,0.00952078705172961,6,1,6
g007581,2fold,1218,219,85,0,0,6,0,6
g007584,4fold,1215,188,74,0,0,54,0,54
g007584,2fold,1215,175,59,0.00123180423788035,0.00371943829647424,54,1,54
g007586,4fold,1179,119,51,0,0,6,0,6
g007586,2fold,1179,219,75,0,0,6,0,6
g007588,4fold,1176,121,42,0,0,5,0,5
g007588,2fold,1176,224,88,0,0,5,0,5
g007589,4fold,1176,164,62,0,0,2,0,2
g007589,2fold,1176,177,62,0,0,2,0,2
g007590,4fold,1173,180,67,0,0,11,0,11
g007590,2fold,1173,166,67,0.00651289009497965,0.00509577839025978,11,1,11
g007592,4fold,1203,158,60,0.0333333333333333,0.0333333333333333,2,2,2
g007592,2fold,1203,188,73,0.0273972602739726,0.0273972602739726,2,2,2
g007593,4fold,1170,145,49,0,0,2,0,2
g007593,2fold,1170,196,70,0,0,2,0,2
g007595,4fold,1167,139,50,0.024,0.0192,5,2,5
g007595,2fold,1167,184,67,0,0,5,0,5
g007596,4fold,1167,117,52,0.00769230769230769,0.00923076923076923,5,1,5
g007596,2fold,1167,222,67,0.00597014925373134,0.00716417910447761,5,1,5
g007598,4fold,1167,165,57,0,0,3,0,3
g007598,2fold,1167,173,56,0,0,3,0,3
g007599,4fold,1164,196,68,0,0,7,0,7
g007599,2fold,1164,150,57,0,0,7,0,7
g007600,4fold,1164,216,79,0,0,3,0,3
g007600,2fold,1164,146,58,0,0,3,0,3
g007601,4fold,1164,149,56,0,0,2,0,2
g007601,2fold,1164,195,64,0,0,2,0,2
g007603,4fold,1158,147,57,0.00682261208576998,0.00645503377365885,9,1,9
g007603,2fold,1158,199,80,0,0,9,0,9
g007606,4fold,1158,124,51,0,0,3,0,3
g007606,2fold,1158,208,89,0,0,3,0,3
g007607,4fold,1155,141,55,0,0,5,0,5
g007607,2fold,1155,200,75,0,0,5,0,5
g007609,4fold,1155,159,61,0,0,2,0,2
g007609,2fold,1155,186,80,0,0,2,0,2
g007614,4fold,1149,141,59,0.00308166409861325,0.00578673139232891,11,1,12
g007614,2fold,1149,182,74,0,0,11,0,12
g007615,4fold,1206,115,29,0,0,2,0,2
g007615,2fold,1206,224,64,0,0,2,0,2
g007617,4fold,1107,131,63,0.0211640211640212,0.0211640211640212,3,2,3
g007617,2fold,1107,192,70,0,0,3,0,3
g007618,4fold,1107,202,86,0.0116279069767442,0.0116279069767442,2,1,2
g007618,2fold,1107,134,59,0.0508474576271187,0.0508474576271187,2,3,2
g007619,4fold,1107,130,53,0,0,3,0,3
g007619,2fold,1107,184,70,0.00952380952380952,0.00952380952380952,3,1,3
g007622,4fold,1101,189,73,0.000507356671740233,0.00300612136290383,54,1,54
g007622,2fold,1101,143,56,0,0,54,0,54
g007624,4fold,1098,191,81,0.106995884773663,0.106995884773663,3,13,3
g007624,2fold,1098,128,54,0.0740740740740741,0.0740740740740741,3,6,3
g007625,4fold,1098,107,47,0,0,2,0,2
g007625,2fold,1098,208,76,0,0,2,0,2
g007626,4fold,1098,119,45,0,0,2,0,2
g007626,2fold,1098,202,80,0,0,2,0,2
g007627,4fold,1098,200,74,0,0,2,0,2
g007627,2fold,1098,134,52,0,0,2,0,2
g007628,4fold,1098,205,87,0.0114942528735632,0.0114942528735632,3,1,3
g007628,2fold,1098,131,63,0.0158730158730159,0.0158730158730159,3,1,3
g007630,4fold,1095,200,78,0,0,4,0,4
g007630,2fold,1095,134,61,0,0,4,0,4
g007635,4fold,1092,140,58,0,0,2,0,2
g007635,2fold,1092,198,74,0,0,2,0,2
g007636,4fold,1092,134,51,0,0,2,0,2
g007636,2fold,1092,188,72,0,0,2,0,2
g007638,4fold,1089,114,50,0,0,3,0,3
g007638,2fold,1089,211,93,0,0,3,0,3
g007639,4fold,1089,113,45,0.0444444444444444,0.0444444444444444,2,2,2
g007639,2fold,1089,210,80,0,0,2,0,2
g007640,4fold,1089,164,66,0.0707070707070707,0.0707070707070707,3,7,3
g007640,2fold,1089,154,69,0.0386473429951691,0.0386473429951691,3,4,3
g007643,4fold,1083,134,64,0,0,2,0,2
g007643,2fold,1083,169,65,0,0,2,0,2
g007645,4fold,1083,112,47,0,0,2,0,2
g007645,2fold,1083,192,78,0,0,2,0,2
g007650,4fold,1080,104,47,0,0,3,0,3
g007650,2fold,1080,196,72,0,0,3,0,3
g007651,4fold,1080,130,52,0,0,2,0,2
g007651,2fold,1080,189,81,0,0,2,0,2
g007654,4fold,1077,116,41,0,0,5,0,5
g007654,2fold,1077,198,79,0,0,5,0,5
g007658,4fold,1077,188,75,0,0,2,0,2
g007658,2fold,1077,137,56,0.0178571428571429,0.0178571428571429,2,1,2
g007659,4fold,1077,144,65,0.0769230769230769,0.0769230769230769,2,5,2
g007659,2fold,1077,105,35,0.0857142857142857,0.0857142857142857,2,3,2
g007661,4fold,1074,161,62,0,0,74,0,74
g007661,2fold,1074,156,59,0,0,74,0,74
g007663,4fold,1074,124,60,0,0,3,0,3
g007663,2fold,1074,201,81,0,0,3,0,3
g007664,4fold,1074,181,88,0,0,4,0,4
g007664,2fold,1074,152,53,0,0,4,0,4
g007667,4fold,1071,153,69,0,0,3,0,3
g007667,2fold,1071,172,70,0,0,3,0,3
g007668,4fold,1071,116,44,0,0,5,0,5
g007668,2fold,1071,194,84,0,0,5,0,5
g007672,4fold,1068,111,45,0,0,5,0,5
g007672,2fold,1068,195,90,0,0,5,0,5
g007673,4fold,1212,175,57,0,0,5,0,5
g007673,2fold,1212,171,66,0,0,5,0,5
g007674,4fold,1212,133,41,0.0121951219512195,0.0133037694013304,4,1,4
g007674,2fold,1212,198,79,0.00632911392405063,0.00690448791714615,4,1,4
g007675,4fold,1212,189,66,0.0202020202020202,0.0202020202020202,3,2,3
g007675,2fold,1212,177,70,0.00952380952380952,0.00952380952380952,3,1,3
g007677,4fold,1209,155,58,0.0172413793103448,0.0172413793103448,2,1,2
g007677,2fold,1209,177,60,0,0,2,0,2
g007678,4fold,1209,198,76,0.0894736842105263,0.107368421052632,5,17,5
g007678,2fold,1209,144,52,0.0923076923076923,0.110769230769231,5,12,5
g007679,4fold,1209,170,59,0.0847457627118644,0.0847457627118644,2,5,2
g007679,2fold,1209,177,63,0,0,2,0,2
g007688,4fold,1203,229,77,0.0194805194805195,0.0212514757969303,4,3,4
g007688,2fold,1203,125,52,0.0192307692307692,0.020979020979021,4,2,4
g007689,4fold,1200,165,62,0,0,51,0,51
g007689,2fold,1200,196,73,0,0,51,0,51
g007690,4fold,1200,198,80,0.075,0.075,2,6,2
g007690,2fold,1200,158,61,0,0,2,0,2
g007691,4fold,1197,210,75,0.0151226551226551,0.0256033331401356,22,7,22
g007691,2fold,1197,142,50,0.00363636363636363,0.0109728570600581,22,2,22
g007692,4fold,1197,132,47,0,0,3,0,3
g007692,2fold,1197,218,81,0,0,3,0,3
g007694,4fold,1194,221,75,0.0444444444444444,0.0444444444444444,3,5,3
g007694,2fold,1194,135,47,0.0141843971631206,0.0141843971631206,3,1,3
g007695,4fold,1194,160,60,0,0,2,0,2
g007695,2fold,1194,189,69,0,0,2,0,2
g007696,4fold,1191,154,52,0,0,31,0,31
g007696,2fold,1191,171,61,0,0,31,0,31
g007697,4fold,1191,169,71,0,0,29,0,29
g007697,2fold,1191,177,77,0,0,29,0,29
g007700,4fold,1185,138,50,0,0,6,0,6
g007700,2fold,1185,202,71,0.00469483568075117,0.00616839724478256,6,1,6
g007704,4fold,1065,163,59,0,0,32,0,32
g007704,2fold,1065,148,61,0,0,32,0,32
g007705,4fold,1065,152,69,0,0,2,0,2
g007705,2fold,1065,164,74,0,0,2,0,2
g007706,4fold,1062,190,86,0.00465116279069767,0.00558139534883721,5,1,5
g007706,2fold,1062,133,55,0,0,5,0,5
g007711,4fold,1056,129,57,0,0,3,0,3
g007711,2fold,1056,182,78,0,0,3,0,3
g007712,4fold,1053,137,60,0.00476190476190476,0.00680272108843537,7,1,7
g007712,2fold,1053,174,74,0,0,7,0,7
g007713,4fold,1053,115,49,0,0,4,0,4
g007713,2fold,1053,180,74,0.0202702702702703,0.0221130221130221,4,3,4
g007714,4fold,1053,177,82,0.0682926829268292,0.0819512195121951,5,14,5
g007714,2fold,1053,122,57,0.0385964912280702,0.0421052631578947,5,5,5
g007715,4fold,1053,175,78,0.0116550116550117,0.0218857148812439,11,5,11
g007715,2fold,1053,139,54,0.0101010101010101,0.0189676195637448,11,3,11
g007716,4fold,1050,122,53,0,0,5,0,5
g007716,2fold,1050,187,80,0,0,5,0,5
g007717,4fold,1050,170,65,0.0615384615384615,0.0615384615384615,2,4,2
g007717,2fold,1050,140,65,0.0461538461538462,0.0461538461538462,2,3,2
g007718,4fold,1050,164,58,0,0,11,0,11
g007718,2fold,1050,144,59,0,0,11,0,11
g007721,4fold,1050,169,81,0,0,4,0,4
g007721,2fold,1050,139,59,0,0,4,0,4
g007722,4fold,1047,135,58,0.0344827586206897,0.0344827586206897,2,2,2
g007722,2fold,1047,156,71,0.0845070422535211,0.0845070422535211,2,6,2
g007724,4fold,1041,144,62,0,0,5,0,5
g007724,2fold,1041,173,71,0,0,5,0,5
g007727,4fold,1038,102,47,0,0,5,0,5
g007727,2fold,1038,190,78,0,0,5,0,5
g007729_1,4fold,1038,182,85,0,0,2,0,2
g007729_1,2fold,1038,136,57,0,0,2,0,2
g007730,4fold,1035,160,63,0.000587889476778365,0.00348328348399968,54,1,54
g007730,2fold,1035,138,66,0,0,54,0,54
g007731,4fold,1035,172,73,0,0,4,0,4
g007731,2fold,1035,132,56,0,0,4,0,4
g007732,4fold,1035,170,65,0,0,2,0,2
g007732,2fold,1035,133,54,0,0,2,0,2
g007734,4fold,1032,181,76,0,0,10,0,10
g007734,2fold,1032,123,47,0,0,10,0,10
g007736,4fold,1032,144,64,0,0,8,0,8
g007736,2fold,1032,168,69,0.0036231884057971,0.00558949175549966,8,1,8
g007739,4fold,1029,120,55,0,0,2,0,2
g007739,2fold,1029,175,69,0,0,2,0,2
g007741,4fold,1026,177,82,0.000886298171157815,0.00267618121331683,54,1,54
g007741,2fold,1026,130,59,0,0,54,0,54
g007745,4fold,1023,174,73,0.0369142033165104,0.0308898204735016,20,8,20
g007745,2fold,1023,134,52,0.0259109311740891,0.0216822778323617,20,4,20
g007746,4fold,1023,175,69,0.00107353730542137,0.00376003515191126,27,1,27
g007746,2fold,1023,132,55,0,0,27,0,27
g007747,4fold,1023,114,49,0.00816326530612244,0.00979591836734694,5,1,5
g007747,2fold,1023,189,84,0,0,5,0,5
g007748,4fold,1023,195,82,0.0146341463414634,0.0166544952267027,11,4,11
g007748,2fold,1023,119,54,0.00336700336700337,0.00632253985458158,11,1,11
g007753,4fold,1020,142,56,0,0,2,0,2
g007753,2fold,1020,143,64,0,0,2,0,2
g007756,4fold,1017,106,36,0.037037037037037,0.0303030303030303,4,2,4
g007756,2fold,1017,186,82,0.00813008130081301,0.00665188470066519,4,1,4
g007757,4fold,1017,153,51,0,0,9,0,9
g007757,2fold,1017,144,65,0,0,9,0,9
g007758,4fold,1017,153,55,0.0363636363636364,0.0363636363636364,2,2,2
g007758,2fold,1017,153,69,0.072463768115942,0.072463768115942,2,5,2
g007759,4fold,1017,180,71,0.0422535211267606,0.0422535211267606,2,3,2
g007759,2fold,1017,113,51,0.0196078431372549,0.0196078431372549,2,1,2
g007761,4fold,1014,106,44,0,0,2,0,2
g007761,2fold,1014,180,81,0,0,2,0,2
g007763,4fold,1011,112,39,0.00641025641025641,0.0254675584889451,32,4,32
g007763,2fold,1011,182,81,0.00231481481481482,0.00919661834323016,32,3,32
g007764,4fold,1011,180,79,0.0137130801687764,0.0114442624730822,16,3,16
g007764,2fold,1011,122,50,0,0,16,0,16
g007765,4fold,1008,120,58,0,0,11,0,11
g007765,2fold,1008,174,71,0,0,11,0,11
g007766,4fold,1008,178,100,0,0,3,0,3
g007766,2fold,1008,124,55,0,0,3,0,3
g007767,4fold,1008,146,67,0.109452736318408,0.143806514870901,6,22,6
g007767,2fold,1008,140,62,0.0591397849462365,0.077701907228632,6,11,6
g007768,4fold,1008,156,70,0,0,5,0,5
g007768,2fold,1008,146,73,0,0,5,0,5
g007771,4fold,1005,194,97,0,0,15,0,15
g007771,2fold,1005,114,58,0,0,15,0,15
g007772,4fold,1005,113,49,0,0,9,0,9
g007772,2fold,1005,172,81,0,0,9,0,9
g007775,4fold,1002,118,57,0.0175438596491228,0.0175438596491228,2,1,2
g007775,2fold,1002,175,83,0.0120481927710843,0.0120481927710843,2,1,2
g007778,4fold,1002,118,44,0,0,2,0,2
g007778,2fold,1002,174,72,0,0,2,0,2
g007780,4fold,999,168,69,0.035426731078905,0.042659353634615,9,8,9
g007780,2fold,999,112,44,0.0101010101010101,0.0167244056862979,9,2,9
g007781,4fold,999,106,50,0,0,2,0,2
g007781,2fold,999,174,69,0,0,2,0,2
g007784,4fold,996,95,51,0,0,4,0,4
g007784,2fold,996,166,73,0.00684931506849315,0.0074719800747198,4,1,4
g007785,4fold,993,129,57,0,0,10,0,10
g007785,2fold,993,166,73,0,0,10,0,10
g007786,4fold,993,96,44,0,0,5,0,5
g007786,2fold,993,199,88,0,0,5,0,5
g007787,4fold,993,96,49,0,0,4,0,4
g007787,2fold,993,197,90,0,0,4,0,4
g007788,4fold,993,143,57,0.0116959064327485,0.0116959064327485,3,1,3
g007788,2fold,993,136,56,0,0,3,0,3
g007789,4fold,993,124,55,0,0,2,0,2
g007789,2fold,993,165,75,0,0,2,0,2
g007791,4fold,990,100,48,0,0,2,0,2
g007791,2fold,990,170,69,0.0144927536231884,0.0144927536231884,2,1,2
g007794,4fold,984,167,76,0.0263157894736842,0.0263157894736842,2,2,2
g007794,2fold,984,126,64,0,0,2,0,2
g007797,4fold,981,161,63,0.00595238095238095,0.0236484471683061,32,6,32
g007797,2fold,981,137,61,0.00204918032786885,0.00814126869728572,32,2,32
g007802,4fold,972,99,44,0,0,4,0,4
g007802,2fold,972,181,77,0.00865800865800866,0.00708382526564345,4,1,4
g007804,4fold,969,108,42,0,0,2,0,2
g007804,2fold,969,162,77,0,0,2,0,2
g007807,4fold,966,78,37,0,0,5,0,5
g007807,2fold,966,198,85,0,0,5,0,5
g007814,4fold,963,100,50,0,0,2,0,2
g007814,2fold,963,182,79,0,0,2,0,2
g007815,4fold,960,103,49,0.0272108843537415,0.0272108843537415,3,2,3
g007815,2fold,960,179,72,0.0277777777777778,0.0277777777777778,3,3,3
g007816,4fold,957,130,59,0,0,2,0,2
g007816,2fold,957,156,77,0.038961038961039,0.038961038961039,2,3,2
g007817,4fold,957,103,47,0.0212765957446809,0.02321083172147,4,2,4
g007817,2fold,957,171,80,0.00625,0.00681818181818182,4,1,4
g007820,4fold,951,119,52,0.00369458128078818,0.0048968504401659,29,1,29
g007820,2fold,951,157,61,0,0,29,0,29
g007821,4fold,951,154,78,0.0138067061143984,0.0165254817025896,13,4,13
g007821,2fold,951,133,59,0.00260756192959583,0.00546181174916098,13,1,13
g007822,4fold,951,106,47,0,0,6,0,6
g007822,2fold,951,164,66,0,0,6,0,6
g007823,4fold,951,98,40,0,0,6,0,6
g007823,2fold,951,180,79,0.00421940928270042,0.0055437494225261,6,1,6
g007824,4fold,951,124,58,0,0,3.5,0,4
g007824,2fold,951,170,77,0,0,4,0,4
g007826,4fold,948,159,74,0.0540540540540541,0.0540540540540541,2,4,2
g007826,2fold,948,110,48,0.0833333333333333,0.0833333333333333,2,4,2
g007828,4fold,945,180,84,0.0158730158730159,0.0158730158730159,3,2,3
g007828,2fold,945,106,46,0.0144927536231884,0.0144927536231884,3,1,3
g007829,4fold,942,114,60,0,0,44,0,44
g007829,2fold,942,166,76,0,0,44,0,44
g007830,4fold,942,167,75,0.0108333333333333,0.0430401738463172,32,13,32
g007830,2fold,942,107,52,0.00480769230769231,0.0191006688667088,32,4,32
g007831,4fold,942,163,71,0,0,4,0,4
g007831,2fold,942,104,44,0,0,4,0,4
g007833,4fold,939,104,57,0,0,3,0,3
g007833,2fold,939,171,79,0.00843881856540084,0.00843881856540084,3,1,3
g007834,4fold,939,93,41,0,0,5,0,5
g007834,2fold,939,170,72,0,0,5,0,5
g007836,4fold,939,95,42,0.0714285714285714,0.0714285714285714,2,3,2
g007836,2fold,939,172,96,0.0104166666666667,0.0104166666666667,2,1,2
g007837,4fold,936,95,47,0,0,14,0,14
g007837,2fold,936,179,82,0,0,14,0,14
g007839,4fold,936,150,80,0.0375,0.0375,2,3,2
g007839,2fold,936,133,60,0.0166666666666667,0.0166666666666667,2,1,2
g007841,4fold,933,122,59,0,0,2,0,2
g007841,2fold,933,156,81,0,0,2,0,2
g007844,4fold,930,89,33,0,0,13,0,13
g007844,2fold,930,176,89,0,0,13,0,13
g007845,4fold,930,107,60,0.00303030303030303,0.00569028586912343,11,1,11
g007845,2fold,930,168,81,0.00538720538720539,0.00421502656972106,11,1,11
g007848,4fold,873,83,42,0,0,2,0,2
g007848,2fold,873,171,85,0.0117647058823529,0.0117647058823529,2,1,2
g007850,4fold,870,99,50,0.0133333333333333,0.0133333333333333,3,1,3
g007850,2fold,870,154,79,0,0,3,0,3
g007852,4fold,870,101,56,0.107142857142857,0.107142857142857,2,6,2
g007852,2fold,870,147,76,0.0394736842105263,0.0394736842105263,2,3,2
g007855,4fold,867,126,61,0.00655737704918032,0.00786885245901639,5,1,5
g007855,2fold,867,132,66,0,0,5,0,5
g007857,4fold,864,138,69,0,0,32,0,32
g007857,2fold,864,121,56,0,0,32,0,32
g007858,4fold,864,106,58,0.0574712643678161,0.0564263322884013,4,6,4
g007858,2fold,864,139,68,0.0318627450980392,0.0320855614973262,4,4,4
g007859,4fold,861,143,70,0,0,9,0,9
g007859,2fold,861,106,56,0.00396825396825397,0.00657030223390276,9,1,9
g007860,4fold,861,133,60,0.0833333333333333,0.0833333333333333,2,5,2
g007860,2fold,861,105,59,0.0338983050847458,0.0338983050847458,2,2,2
g007864,4fold,858,108,57,0,0,5,0,5
g007864,2fold,858,139,63,0,0,5,0,5
g007865,4fold,876,158,90,0.0133333333333333,0.016,5,3,5
g007865,2fold,876,104,47,0.0170212765957447,0.0204255319148936,5,2,5
g007866,4fold,858,120,62,0.0483870967741936,0.0483870967741936,2,3,2
g007866,2fold,858,121,63,0,0,2,0,2
g007870,4fold,855,100,60,0,0,2,0,2
g007870,2fold,855,152,85,0,0,2,0,2
g007871,4fold,855,143,67,0,0,2,0,5
g007871,2fold,855,111,48,0.00833333333333333,0.01,2,1,5
g007874,4fold,852,88,42,0,0,7,0,7
g007874,2fold,852,153,80,0.00714285714285715,0.0102040816326531,7,2,7
g007875,4fold,849,132,68,0.00420168067226891,0.00600240096038415,7,1,7
g007875,2fold,849,116,58,0.00492610837438424,0.00703729767769177,7,1,7
g007876,4fold,849,157,84,0,0,3,0,3
g007876,2fold,849,109,59,0,0,3,0,3
g007878,4fold,846,147,71,0.0676056338028169,0.0555155752030431,6,9,6
g007878,2fold,846,100,50,0.0533333333333333,0.0437956204379562,6,5,6
g007879,4fold,846,92,46,0.0652173913043478,0.0652173913043478,2,3,2
g007879,2fold,846,154,81,0.0493827160493827,0.0493827160493827,2,4,2
g007880,4fold,846,135,67,0,0,3,0,3
g007880,2fold,846,128,74,0,0,3,0,3
g007882,4fold,846,85,36,0,0,6,0,6
g007882,2fold,846,154,67,0,0,6,0,6
g007883,4fold,846,110,56,0,0,6,0,6
g007883,2fold,846,139,65,0,0,6,0,6
g007884,4fold,843,95,50,0,0,38,0,38
g007884,2fold,843,147,82,0,0,38,0,38
g007885,4fold,843,107,57,0,0,5,0,5
g007885,2fold,843,139,76,0.0105263157894737,0.0126315789473684,5,2,5
g007889,4fold,840,119,67,0.00877963125548727,0.00867867144698766,17,2,18
g007889,2fold,840,120,64,0.00482536764705882,0.00462178424573343,17,1,18
g007890,4fold,840,127,64,0,0,7,0,7
g007890,2fold,840,124,59,0,0,7,0,7
g007892,4fold,840,94,39,0.0512820512820513,0.0512820512820513,2,2,2
g007892,2fold,840,153,77,0.012987012987013,0.012987012987013,2,1,2
g007893,4fold,840,146,77,0.00649350649350649,0.00708382526564345,4,1,4
g007893,2fold,840,84,42,0,0,4,0,4
g007895,4fold,840,144,82,0.00609756097560976,0.00665188470066519,4,1,4
g007895,2fold,840,106,54,0.00925925925925926,0.0101010101010101,4,1,4
g007896,4fold,837,96,51,0,0,17,0,17
g007896,2fold,837,147,74,0,0,16,0,17
g007898,4fold,834,94,48,0,0,2,0,2
g007898,2fold,834,152,66,0,0,2,0,2
g007902,4fold,834,129,59,0,0,2,0,2
g007902,2fold,834,116,62,0,0,2,0,2
g007903,4fold,834,152,73,0.0273972602739726,0.0273972602739726,2,2,2
g007903,2fold,834,60,37,0.027027027027027,0.027027027027027,2,1,2
g007904,4fold,831,86,44,0.0113636363636364,0.012396694214876,4,1,4
g007904,2fold,831,152,77,0,0,4,0,4
g007912,4fold,822,117,71,0.0563380281690141,0.0563380281690141,2,4,2
g007912,2fold,822,116,65,0.0307692307692308,0.0307692307692308,2,2,2
g007915,4fold,819,139,76,0,0,5,0,5
g007915,2fold,819,112,56,0,0,5,0,5
g007917,4fold,819,86,48,0,0,4,0,4
g007917,2fold,819,152,87,0.00766283524904215,0.00626959247648903,4,1,4
g007920,4fold,816,126,74,0,0,11,0,11
g007920,2fold,816,117,64,0,0,11,0,11
g007921,4fold,816,145,76,0.0171451355661882,0.0174283829893449,12,4,12
g007921,2fold,816,88,45,0.00370370370370371,0.00735865059550119,12,1,12
g007922,4fold,816,99,58,0,0,3,0,3
g007922,2fold,816,133,79,0,0,3,0,3
g007929,4fold,807,91,53,0.00943396226415094,0.0102915951972556,4,1,4
g007929,2fold,807,146,79,0.0147679324894515,0.0138089758342923,4,2,4
g007930,4fold,807,144,73,0,0,4,0,4
g007930,2fold,807,98,57,0,0,4,0,4
g007931,4fold,804,127,76,0.00575657894736842,0.0228705377219803,32,7,32
g007931,2fold,804,110,63,0.000992063492063492,0.00394140786138435,32,1,32
g007934,4fold,801,146,80,0.025,0.025,3,3,3
g007934,2fold,801,87,54,0.0246913580246914,0.0246913580246914,3,2,3
g007938,4fold,798,128,79,0,0,3,0,3
g007938,2fold,798,108,63,0,0,3,0,3
g007941,4fold,795,133,83,0,0,2,0,2
g007941,2fold,795,100,60,0,0,2,0,2
g007942,4fold,795,114,63,0.0740740740740741,0.0740740740740741,3,7,3
g007942,2fold,795,122,71,0.0469483568075117,0.0469483568075117,3,5,3
g007944,4fold,792,180,104,0,0,30,0,30
g007944,2fold,792,69,43,0,0,30,0,30
g007945,4fold,792,134,74,0.0594594594594595,0.0473466166896824,6,8,6
g007945,2fold,792,93,51,0.0418300653594771,0.034349506225848,6,4,6
g007946,4fold,792,87,44,0,0,2,0,2
g007946,2fold,792,146,80,0,0,2,0,2
g007950,4fold,789,130,71,0,0,2,0,2
g007950,2fold,789,102,50,0,0,2,0,2
g007952,4fold,903,94,48,0,0,5,0,5
g007952,2fold,903,163,81,0,0,5,0,5
g007953,4fold,900,104,56,0.00571428571428571,0.0189166744084723,25,4,25
g007953,2fold,900,160,80,0.002,0.0066208360429653,25,2,25
g007955,4fold,900,134,72,0.138888888888889,0.138888888888889,2,10,2
g007955,2fold,900,116,55,0.0909090909090909,0.0909090909090909,2,5,2
g007956,4fold,900,141,71,0.0209196354598177,0.0458272691407935,17,11,17
g007956,2fold,900,123,68,0.0170847750865052,0.0391492312579773,17,9,17
g007957,4fold,900,167,80,0.00227272727272727,0.00426771440184257,11,1,11
g007957,2fold,900,106,64,0,0,11,0,11
g007958,4fold,897,89,47,0,0,4,0,4
g007958,2fold,897,173,81,0,0,4,0,4
g007959,4fold,897,126,52,0.0961538461538462,0.0961538461538462,2,5,2
g007959,2fold,897,148,75,0.0266666666666667,0.0266666666666667,2,2,2
g007960,4fold,897,130,70,0.0428571428571429,0.0428571428571429,2,3,2
g007960,2fold,897,141,70,0.0142857142857143,0.0142857142857143,2,1,2
g007961,4fold,894,142,72,0,0,32,0,32
g007961,2fold,894,132,75,0,0,32,0,32
g007963,4fold,894,110,52,0,0,2,0,2
g007963,2fold,894,155,75,0,0,2,0,2
g007964,4fold,894,127,56,0.0535714285714286,0.0535714285714286,2,3,2
g007964,2fold,894,139,54,0.037037037037037,0.037037037037037,2,2,2
g007967,4fold,891,173,94,0.074468085106383,0.074468085106383,2,7,2
g007967,2fold,891,95,54,0,0,2,0,2
g007971,4fold,891,111,60,0,0,3,0,3
g007971,2fold,891,137,58,0.0114942528735632,0.0114942528735632,3,1,3
g007974,4fold,888,118,58,0.103448275862069,0.103448275862069,2,6,2
g007974,2fold,888,139,65,0.0769230769230769,0.0769230769230769,2,5,2
g007975,4fold,882,94,50,0,0,4,0,4
g007975,2fold,882,167,82,0,0,4,0,4
g007982,4fold,879,155,75,0,0,4,0,4
g007982,2fold,879,105,52,0,0,4,0,4
g007987,4fold,876,171,90,0.0444444444444444,0.0444444444444444,2,4,2
g007987,2fold,876,99,57,0.0175438596491228,0.0175438596491228,2,1,2
g007989,4fold,873,145,70,0.00357142857142857,0.0141890683009837,32,4,32
g007989,2fold,873,114,56,0.00669642857142857,0.0266045030643444,32,6,32
g007991,4fold,930,107,51,0,0,2,0,2
g007991,2fold,930,169,68,0,0,2,0,2
g007993,4fold,927,154,70,0.0308823529411765,0.029579419172694,17,7,17
g007993,2fold,927,121,59,0.0157028913260219,0.0150403826301834,17,3,17
g007995,4fold,927,145,73,0.0030441400304414,0.00504023185066513,9,1,9
g007995,2fold,927,134,65,0,0,9,0,9
g007999,4fold,921,96,45,0,0,3,0,3
g007999,2fold,921,175,90,0,0,3,0,3
g008004,4fold,912,171,82,0,0,11,0,11
g008004,2fold,912,105,47,0,0,11,0,11
g008005,4fold,912,144,79,0,0,2,0,2
g008005,2fold,912,141,74,0,0,2,0,2
g008006,4fold,912,162,79,0,0,3,0,3
g008006,2fold,912,118,57,0,0,3,0,3
g008008,4fold,909,107,46,0,0,3,0,3
g008008,2fold,909,159,80,0,0,3,0,3
g008009,4fold,909,147,61,0,0,2,0,2
g008009,2fold,909,117,55,0,0,2,0,2
g008010,4fold,909,111,46,0,0,2,0,2
g008010,2fold,909,155,73,0,0,2,0,2
g008011,4fold,906,173,85,0,0,14,0,14
g008011,2fold,906,102,49,0,0,14,0,14
g008015,4fold,693,72,50,0.00153846153846154,0.00524114758819873,26,1,26
g008015,2fold,693,118,75,0,0,26,0,26
g008017,4fold,693,95,54,0.0185185185185185,0.0185185185185185,2,1,2
g008017,2fold,693,107,73,0.0136986301369863,0.0136986301369863,2,1,2
g008023,4fold,690,124,82,0.0609756097560976,0.0609756097560976,2,5,2
g008023,2fold,690,87,56,0.0357142857142857,0.0357142857142857,2,2,2
g008025,4fold,690,118,76,0.131578947368421,0.131578947368421,2,10,2
g008025,2fold,690,78,51,0.0196078431372549,0.0196078431372549,2,1,2
g008030,4fold,702,126,80,0.0166666666666667,0.0166666666666667,3,2,3
g008030,2fold,702,87,58,0.0229885057471264,0.0229885057471264,3,2,3
g008032,4fold,687,90,60,0.133333333333333,0.133333333333333,2,8,2
g008032,2fold,687,92,52,0.0384615384615385,0.0384615384615385,2,2,2
g008034,4fold,684,101,67,0.0199004975124378,0.0261466390674365,6,4,6
g008034,2fold,684,99,61,0.00546448087431694,0.00717960990786167,6,1,6
g008036,4fold,681,100,59,0.0031496683005571,0.00787795274910275,42,2,42
g008036,2fold,681,100,65,0.00271598320378808,0.00357537855536202,42,1,42
g008039,4fold,681,115,71,0.0704225352112676,0.0704225352112676,2,5,2
g008039,2fold,681,93,60,0.0166666666666667,0.0166666666666667,2,1,2
g008044,4fold,678,117,71,0.0185110663983903,0.0273604446105093,35,8,35
g008044,2fold,678,98,67,0,0,35,0,35
g008049,4fold,675,99,62,0.00806451612903226,0.00879765395894428,4,1,4
g008049,2fold,675,92,64,0.0078125,0.00852272727272727,4,1,4
g008050,4fold,675,86,58,0,0,3,0,3
g008050,2fold,675,115,75,0,0,3,0,3
g008053,4fold,672,103,58,0.0862068965517242,0.0862068965517242,2,5,2
g008053,2fold,672,89,53,0.0188679245283019,0.0188679245283019,2,1,2
g008054,4fold,669,126,75,0.0533333333333333,0.0533333333333333,2,4,2
g008054,2fold,669,81,55,0,0,2,0,2
g008058,4fold,666,111,71,0.00126394481801892,0.00280247553087479,86,1,86
g008058,2fold,666,91,55,0,0,86,0,86
g008063,4fold,738,87,52,0.0104895104895105,0.00656571446437318,11,1,11
g008063,2fold,738,109,64,0,0,11,0,11
g008064,4fold,663,119,76,0.00730994152046784,0.00484127533024414,9,1,9
g008064,2fold,663,76,44,0,0,9,0,9
g008066,4fold,663,130,91,0,0,16,0,16
g008066,2fold,663,65,41,0,0,16,0,16
g008068,4fold,660,83,51,0.000980392156862746,0.0046097671888511,40,1,40
g008068,2fold,660,105,70,0,0,40,0,40
g008069,4fold,660,101,60,0.00848484848484849,0.00569028586912343,11,1,11
g008069,2fold,660,93,57,0.00318979266347688,0.00598977459907729,11,1,11
g008072,4fold,660,62,39,0.0170940170940171,0.0170940170940171,3,1,3
g008072,2fold,660,120,77,0,0,3,0,3
g008074,4fold,660,115,79,0.0759493670886076,0.0759493670886076,2,6,2
g008074,2fold,660,80,54,0.037037037037037,0.037037037037037,2,2,2
g008075,4fold,657,89,65,0,0,6,0,6
g008075,2fold,657,96,68,0,0,6,0,6
g008076,4fold,657,108,68,0.0735294117647059,0.0735294117647059,2,5,2
g008076,2fold,657,87,65,0.107692307692308,0.107692307692308,2,7,2
g008078,4fold,654,130,87,0,0,2,0,2
g008078,2fold,654,55,39,0,0,2,0,2
g008080,4fold,654,83,56,0.0357142857142857,0.0428571428571429,5,5,5
g008080,2fold,654,110,69,0.0115942028985507,0.0139130434782609,5,2,5
g008082,4fold,651,74,51,0,0,6,0,6
g008082,2fold,651,115,87,0,0,6,0,6
g008083,4fold,651,67,39,0,0,5,0,5
g008083,2fold,651,120,78,0,0,5,0,5
g008087,4fold,645,64,41,0,0,2,0,2
g008087,2fold,645,130,88,0,0,2,0,2
g008089,4fold,645,107,70,0,0,3,0,3
g008089,2fold,645,86,60,0,0,3,0,3
g008090,4fold,642,64,48,0,0,24,0,24
g008090,2fold,642,110,73,0,0,24,0,24
g008093,4fold,642,119,80,0,0,3,0,3
g008093,2fold,642,72,52,0,0,3,0,3
g008094,4fold,639,73,51,0.0326797385620915,0.025762129669386,6,3,6
g008094,2fold,639,110,77,0.0536796536796537,0.039814200398142,6,7,6
g008098,4fold,639,71,52,0.0384615384615385,0.0384615384615385,2,2,2
g008098,2fold,639,106,64,0,0,2,0,2
g008100,4fold,639,95,66,0.0151515151515152,0.0151515151515152,2,1,2
g008100,2fold,639,91,60,0,0,2,0,2
g008102,4fold,636,94,66,0.0121212121212121,0.0145454545454545,5,2,5
g008102,2fold,636,97,72,0.00555555555555555,0.00666666666666667,5,1,5
g008103,4fold,636,104,73,0,0,4,0,4
g008103,2fold,636,78,49,0,0,4,0,4
g008104,4fold,636,91,53,0,0,3,0,3
g008104,2fold,636,101,74,0,0,3,0,3
g008108,4fold,633,116,80,0.00642857142857143,0.00384430582735145,15,1,15
g008108,2fold,633,68,49,0,0,15,0,15
g008152,4fold,579,22,17,0,0,2,0,2
g008152,2fold,579,29,24,0,0,2,0,2
g008248,4fold,783,130,78,0.00641025641025641,0.00699300699300699,4,1,4
g008248,2fold,783,100,53,0,0,4,0,4
g008253,4fold,777,127,78,0.0273504273504274,0.0224592925322852,6,4,6
g008253,2fold,777,100,54,0.0197530864197531,0.016220600162206,6,2,6
g008255,4fold,777,76,42,0,0,2,0,2
g008255,2fold,777,144,79,0,0,2,0,2
g008261,4fold,771,150,85,0.016,0.0123321119722323,26,4,26
g008261,2fold,771,79,46,0.00588628762541806,0.00569689955238992,26,1,26
g008262,4fold,771,145,83,0,0,10,0,10
g008262,2fold,771,82,51,0,0,10,0,10
g008268,4fold,765,69,31,0,0,6,0,6
g008268,2fold,765,150,91,0,0,6,0,6
g008270,4fold,762,85,47,0.0425531914893617,0.0425531914893617,2,2,2
g008270,2fold,762,139,69,0.0144927536231884,0.0144927536231884,2,1,2
g008271,4fold,762,97,58,0,0,3,0,3
g008271,2fold,762,131,79,0,0,3,0,3
g008274,4fold,759,139,80,0.0015625,0.00620771738168036,32,2,32
g008274,2fold,759,79,42,0.00148809523809524,0.00591211179207653,32,1,32
g008275,4fold,759,104,55,0,0,80,0,80
g008275,2fold,759,121,73,0.00677995491590082,0.00276573540196654,80,1,80
g008278,4fold,759,107,66,0.0303030303030303,0.0303030303030303,2,2,2
g008278,2fold,759,122,67,0,0,2,0,2
g008279,4fold,759,77,53,0,0,6,0,6
g008279,2fold,759,145,88,0,0,6,0,6
g008281,4fold,756,93,46,0.00951086956521739,0.0377861058015326,32,7,32
g008281,2fold,756,128,78,0.00240384615384615,0.0095503344333544,32,3,32
g008287,4fold,756,140,84,0.0178571428571429,0.0194805194805195,4,3,4
g008287,2fold,756,85,49,0.0204081632653061,0.0222634508348794,4,2,4
g008288,4fold,756,115,67,0,0,17,0,17
g008288,2fold,756,106,67,0,0,17,0,17
g008289,4fold,753,68,38,0,0,11,0,11
g008289,2fold,753,144,83,0,0,11,0,11
g008293,4fold,750,114,69,0.0144927536231884,0.0144927536231884,2,1,2
g008293,2fold,750,111,64,0.015625,0.015625,2,1,2
g008294,4fold,750,125,71,0.0751173708920188,0.0616839724478257,6,10,6
g008294,2fold,750,78,38,0.0280701754385965,0.0230503265462927,6,2,6
g008302_1,4fold,747,148,102,0,0,2,0,2
g008302_1,2fold,747,82,42,0,0,2,0,2
g008310,4fold,741,137,72,0.00173611111111111,0.00689746375742262,32,2,32
g008310,2fold,741,94,54,0.00115740740740741,0.00459830917161508,32,1,32
g008312,4fold,738,130,83,0.00204877480938245,0.00548274630521911,44,2,46
g008312,2fold,738,92,56,0,0,44,0,46
g008313,4fold,738,121,81,0,0,15,0,15
g008313,2fold,738,84,52,0.00256410256410256,0.00591431665746377,15,1,15
g008321,4fold,732,106,61,0,0,18,0,18
g008321,2fold,732,90,53,0.00209643605870021,0.00548557534856767,18,1,18
g008325,4fold,729,64,32,0,0,5,0,5
g008325,2fold,729,144,79,0,0,5,0,5
g008327,4fold,726,97,60,0,0,26,0,26
g008327,2fold,726,121,62,0,0,26,0,26
g008328,4fold,726,97,55,0.0909090909090909,0.0909090909090909,2,5,2
g008328,2fold,726,111,71,0.0140845070422535,0.0140845070422535,2,1,2
g008330,4fold,723,132,79,0.00474683544303798,0.0188588882481429,32,6,32
g008330,2fold,723,81,49,0.0114795918367347,0.0456077195388761,32,9,32
g008331,4fold,723,115,74,0,0,6,0,6
g008331,2fold,723,99,67,0,0,6,0,6
g008334,4fold,723,126,76,0.0175438596491228,0.0230503265462927,32,4,32
g008334,2fold,723,90,55,0.00946969696969697,0.0215069507305674,32,4,32
g008343,4fold,717,138,79,0.0158227848101266,0.033698072475221,17,9,17
g008343,2fold,717,60,36,0.0118464052287582,0.0164330106514966,17,2,17
g008345,4fold,717,116,69,0.0772946859903382,0.0772946859903382,3,8,3
g008345,2fold,717,93,57,0.0467836257309942,0.0467836257309942,3,4,3
g008350,4fold,711,111,66,0,0,4,0,4
g008350,2fold,711,102,60,0,0,4,0,4
g008353,4fold,708,97,53,0.132075471698113,0.132075471698113,2,7,2
g008353,2fold,708,108,63,0.0317460317460317,0.0317460317460317,2,2,2
g008355,4fold,705,97,57,0,0,32,0,32
g008355,2fold,705,110,65,0,0,32,0,32
g008363,4fold,699,94,57,0.0140350877192982,0.0168421052631579,5,2,5
g008363,2fold,699,115,70,0.0285714285714286,0.0342857142857143,5,5,5
g008364,4fold,696,123,76,0,0,26,0,26
g008364,2fold,696,75,41,0.00375234521575985,0.0127832868004847,26,2,26
g008366,4fold,696,106,73,0,0,2,0,2
g008366,2fold,696,100,67,0,0,2,0,2
g008369,4fold,630,125,85,0,0,8,0,8
g008369,2fold,630,61,36,0,0,8,0,8
g008376,4fold,624,104,70,0,0,5,0,5
g008376,2fold,624,89,57,0,0,5,0,5
g008383,4fold,621,79,48,0,0,2,0,2
g008383,2fold,621,103,76,0.0263157894736842,0.0263157894736842,2,2,2
g008385,4fold,618,64,42,0.0714285714285714,0.0714285714285714,2,3,2
g008385,2fold,618,107,77,0.0779220779220779,0.0779220779220779,2,6,2
g008387,4fold,615,74,58,0,0,18,0,18
g008387,2fold,615,103,83,0,0,18,0,18
g008388,4fold,615,66,45,0.0222222222222222,0.0291970802919708,6,3,6
g008388,2fold,615,108,75,0.00888888888888889,0.0116788321167883,6,2,6
g008394,4fold,612,107,75,0,0,4,0,4
g008394,2fold,612,68,43,0,0,4,0,4
g008395,4fold,612,110,81,0,0,2,0,2
g008395,2fold,612,78,52,0,0,2,0,2
g008398,4fold,609,58,39,0,0,2,0,2
g008398,2fold,609,111,81,0,0,2,0,2
g008400,4fold,606,93,62,0.00504032258064516,0.0200248947796141,32,5,32
g008400,2fold,606,81,59,0.00741525423728814,0.0294603536757712,32,7,32
g008401,4fold,606,94,68,0,0,5,0,5
g008401,2fold,606,81,62,0,0,5,0,5
g008406,4fold,603,109,78,0.00854700854700855,0.00854700854700855,3,1,3
g008406,2fold,603,70,47,0,0,3,0,3
g008408,4fold,603,92,66,0,0,2,0,2
g008408,2fold,603,88,71,0,0,2,0,2
g008412,4fold,600,111,77,0.025974025974026,0.025974025974026,2,2,2
g008412,2fold,600,62,45,0.0444444444444444,0.0444444444444444,2,2,2
g008414,4fold,600,97,67,0.0447761194029851,0.0447761194029851,2,3,2
g008414,2fold,600,71,53,0.0188679245283019,0.0188679245283019,2,1,2
g008416,4fold,600,118,83,0,0,2,0,2
g008416,2fold,600,57,40,0,0,2,0,2
g008419,4fold,597,72,47,0,0,15,0,15
g008419,2fold,597,87,60,0,0,15,0,15
g008423,4fold,597,112,85,0.141176470588235,0.141176470588235,2,12,2
g008423,2fold,597,65,46,0.0434782608695652,0.0434782608695652,2,2,2
g008426,4fold,594,79,57,0,0,2,0,2
g008426,2fold,594,94,64,0,0,2,0,2
g008429,4fold,591,58,40,0.0166666666666667,0.0166666666666667,3,1,3
g008429,2fold,591,105,72,0.0277777777777778,0.0277777777777778,3,3,3
g008431,4fold,591,82,65,0.0512820512820513,0.0512820512820513,3,5,3
g008431,2fold,591,84,75,0.0444444444444444,0.0444444444444444,3,5,3
g008434,4fold,591,63,41,0,0,3,0,3
g008434,2fold,591,100,74,0,0,3,0,3
g008435,4fold,588,101,74,0.0048048048048048,0.00477683462674345,10,1,10
g008435,2fold,588,78,61,0.00327868852459016,0.00579484856359041,10,1,10
g008436,4fold,588,117,87,0,0,2,0,2
g008436,2fold,588,63,45,0,0,2,0,2
g008442,4fold,585,87,63,0.00595238095238095,0.0236484471683061,32,6,32
g008442,2fold,585,69,50,0.0025,0.00993234781068857,32,2,32
g008443,4fold,585,67,51,0.0915032679738562,0.0915032679738562,3,7,3
g008443,2fold,585,78,58,0.0344827586206897,0.0344827586206897,3,3,3
g008447,4fold,585,110,76,0,0,2,0,2
g008447,2fold,585,64,49,0,0,2,0,2
g008450,4fold,582,70,51,0,0,4,0,4
g008450,2fold,582,105,84,0,0,4,0,4
g008452,4fold,582,80,59,0.0338983050847458,0.0338983050847458,2,2,2
g008452,2fold,582,87,60,0.0166666666666667,0.0166666666666667,2,1,2
g008453,4fold,579,82,57,0.00206398348813209,0.00518937178468315,17,1,17
g008453,2fold,579,89,66,0,0,17,0,17
g008454,4fold,579,106,81,0.00542667209333876,0.00388212571009499,14,1,14
g008454,2fold,579,68,46,0,0,14,0,14
g008458,4fold,579,74,57,0.0526315789473684,0.0526315789473684,2,3,2
g008458,2fold,579,94,70,0.0714285714285714,0.0714285714285714,2,5,2
g008459,4fold,579,92,70,0,0,3,0,3
g008459,2fold,579,76,57,0,0,3,0,3
g008467,4fold,573,79,58,0,0,3,0,3
g008467,2fold,573,93,78,0,0,3,0,3
g008469,4fold,573,94,77,0.116883116883117,0.116883116883117,2,9,2
g008469,2fold,573,71,49,0.0612244897959184,0.0612244897959184,2,3,2
g008472,4fold,570,102,78,0.000801282051282051,0.00318344481111813,32,1,32
g008472,2fold,570,73,53,0,0,32,0,32
g008473,4fold,570,103,75,0.00666666666666667,0.0264862608285029,32,8,32
g008473,2fold,570,64,47,0,0,32,0,32
g008475,4fold,570,85,66,0.0378787878787879,0.0413223140495868,4,5,4
g008475,2fold,570,78,54,0.0185185185185185,0.0202020202020202,4,2,4
g008477,4fold,570,91,72,0.0555555555555556,0.0555555555555556,2,4,2
g008477,2fold,570,71,51,0.0784313725490196,0.0784313725490196,2,4,2
g008481,4fold,567,101,79,0.0506329113924051,0.0506329113924051,3,6,3
g008481,2fold,567,66,51,0,0,3,0,3
g008484,4fold,567,97,75,0.12,0.12,2,9,2
g008484,2fold,567,62,45,0.0666666666666667,0.0666666666666667,2,3,2
g008485,4fold,564,106,80,0.000862068965517239,0.00318295278610783,29,1,29
g008485,2fold,564,53,38,0,0,29,0,29
g008487,4fold,564,112,89,0.0677934094986309,0.0381970252006267,35,14,35
g008487,2fold,564,58,37,0.0272541449012037,0.0131256186982849,35,2,35
g008488,4fold,564,85,69,0,0,6,0,6
g008488,2fold,564,72,53,0,0,6,0,6
g008489,4fold,564,98,80,0.1375,0.1375,2,11,2
g008489,2fold,564,63,48,0.0625,0.0625,2,3,2
g008494,4fold,558,80,64,0,0,2,0,2
g008494,2fold,558,91,77,0,0,2,0,2
g008503,4fold,555,107,86,0.0465116279069768,0.0465116279069768,3,6,3
g008503,2fold,555,65,50,0.0133333333333333,0.0133333333333333,3,1,3
g008508,4fold,552,84,69,0,0,5,0,5
g008508,2fold,552,76,59,0,0,5,0,5
g008511,4fold,552,62,46,0,0,3,0,3
g008511,2fold,552,94,75,0,0,3,0,3
g008513,4fold,549,109,86,0.00287929125138427,0.00357609844404786,15,1,15
g008513,2fold,549,61,50,0,0,15,0,15
g008515,4fold,549,62,50,0,0,2,0,2
g008515,2fold,549,98,79,0.0126582278481013,0.0126582278481013,2,1,2
g008524,4fold,546,62,50,0,0,2,0,2
g008524,2fold,546,94,83,0,0,2,0,2
g008525,4fold,546,68,56,0,0,2,0,2
g008525,2fold,546,82,65,0,0,2,0,2
g008527,4fold,546,76,57,0.0175438596491228,0.0175438596491228,2,1,2
g008527,2fold,546,89,72,0,0,2,0,2
g008530,4fold,543,113,89,0.045909807310997,0.034810770985549,52,14,52
g008530,2fold,543,53,40,0.0218891402714932,0.0165972783091814,52,3,52
g008533,4fold,543,74,55,0.00727272727272727,0.00872727272727273,5,1,5
g008533,2fold,543,37,29,0.0275862068965517,0.0331034482758621,5,2,5
g008534,4fold,543,94,80,0.025,0.025,3,3,3
g008534,2fold,543,69,54,0,0,3,0,3
g008539,4fold,540,77,62,0.0064516129032258,0.00774193548387097,5,1,5
g008539,2fold,540,76,58,0,0,5,0,5
g008546,4fold,540,77,57,0,0,4,0,4
g008546,2fold,540,79,67,0,0,4,0,4
g008548,4fold,537,102,83,0.00867469879518073,0.0107592234434851,50,4,50
g008548,2fold,537,66,56,0,0,50,0,50
g008550,4fold,537,89,74,0.018018018018018,0.018018018018018,3,2,3
g008550,2fold,537,63,47,0.0141843971631206,0.0141843971631206,3,1,3
g008557,4fold,534,71,55,0.00242424242424242,0.00559171756705666,15,1,15
g008557,2fold,534,83,75,0,0,15,0,15
g008559,4fold,534,90,74,0,0,3,0,3
g008559,2fold,534,75,56,0,0,3,0,3
g008560,4fold,534,64,52,0,0,7,0,7
g008560,2fold,534,85,71,0,0,7,0,7
g008568,4fold,528,67,51,0.0104575163398693,0.00693109337998069,10,1,10
g008568,2fold,528,88,69,0,0,10,0,10
g008569,4fold,528,78,63,0,0,2,0,2
g008569,2fold,528,79,66,0,0,2,0,2
g008570,4fold,528,68,61,0.0983606557377049,0.0983606557377049,2,6,2
g008570,2fold,528,80,61,0.0491803278688525,0.0491803278688525,2,3,2
g008572,4fold,528,81,66,0,0,2,0,2
g008572,2fold,528,78,64,0,0,2,0,2
g008575,4fold,525,113,96,0,0,8,0,8
g008575,2fold,525,51,42,0,0,8,0,8
g008578,4fold,522,70,57,0,0,2,0,2
g008578,2fold,522,83,69,0.0144927536231884,0.0144927536231884,2,1,2
g008579,4fold,522,62,50,0.02,0.02,2,1,2
g008579,2fold,522,87,76,0,0,2,0,2
g008582,4fold,519,58,46,0.0217391304347826,0.0217391304347826,2,1,2
g008582,2fold,519,80,65,0.0153846153846154,0.0153846153846154,2,1,2
g008583,4fold,519,83,67,0,0,5,0,5
g008583,2fold,519,74,63,0,0,5,0,5
g008589,4fold,516,60,49,0,0,2,0,2
g008589,2fold,516,88,73,0.0273972602739726,0.0273972602739726,2,2,2
g008590,4fold,516,48,41,0.0731707317073171,0.0731707317073171,2,3,2
g008590,2fold,516,87,73,0,0,2,0,2
g008591,4fold,513,90,80,0.00234375,0.00931157607252054,32,3,32
g008591,2fold,513,62,52,0.00360576923076923,0.0143255016500316,32,3,32
g008596,4fold,513,82,70,0,0,2,0,2
g008596,2fold,513,67,55,0.0181818181818182,0.0181818181818182,2,1,2
g008600,4fold,510,63,53,0.0022342437436777,0.00792890617600051,66,2,66
g008600,2fold,510,84,69,0.00474308300395257,0.00609031923663807,66,2,66
g008603,4fold,510,89,72,0.00925925925925926,0.00925925925925926,3,1,3
g008603,2fold,510,59,54,0.0246913580246914,0.0246913580246914,3,2,3
g008604,4fold,510,81,70,0.0428571428571429,0.0428571428571429,2,3,2
g008604,2fold,510,61,52,0,0,2,0,2
g008606,4fold,504,78,72,0.0189663249559083,0.0146870852567783,64,5,64
g008606,2fold,504,64,59,0.0186894673123487,0.0179232226862379,64,5,64
g008607,4fold,504,85,77,0.0103896103896104,0.0124675324675325,5,2,5
g008607,2fold,504,61,52,0,0,5,0,5
g008609,4fold,501,94,77,0.0909090909090909,0.0909090909090909,2,7,2
g008609,2fold,501,52,42,0.0714285714285714,0.0714285714285714,2,3,2
g008616,4fold,495,86,79,0.00759493670886076,0.00607594936708861,5,1,5
g008616,2fold,495,67,57,0.0175438596491228,0.0168421052631579,5,2,5
g008617,4fold,495,71,61,0.0163934426229508,0.0163934426229508,2,1,2
g008617,2fold,495,72,64,0.015625,0.015625,2,1,2
g008618,4fold,495,79,65,0,0,3,0,3
g008618,2fold,495,65,57,0,0,3,0,3
g008621,4fold,492,84,76,0,0,3,0,3
g008621,2fold,492,63,55,0,0,3,0,3
g008622,4fold,492,80,69,0.0289855072463768,0.0289855072463768,2,2,2
g008622,2fold,492,65,58,0,0,2,0,2
g008628,4fold,489,88,76,0,0,4,0,4
g008628,2fold,489,64,58,0,0,4,0,4
g008635,4fold,486,93,85,0.0117647058823529,0.0117647058823529,2,1,2
g008635,2fold,486,55,50,0,0,2,0,2
g008641,4fold,483,80,72,0.00694444444444444,0.00757575757575758,4,1,4
g008641,2fold,483,65,56,0,0,4,0,4
g008643,4fold,483,76,65,0.0307692307692308,0.0307692307692308,2,2,2
g008643,2fold,483,68,61,0,0,2,0,2
g008644,4fold,480,56,52,0.00452488687782805,0.0113766996818054,17,2,17
g008644,2fold,480,87,85,0.00813148788927336,0.00695986333475152,17,2,17
g008646,4fold,480,75,69,0.101449275362319,0.101449275362319,2,7,2
g008646,2fold,480,62,56,0.0357142857142857,0.0357142857142857,2,2,2
g008648,4fold,480,79,73,0,0,3,0,3
g008648,2fold,480,65,57,0,0,3,0,3
g008649,4fold,480,51,47,0.0638297872340426,0.0638297872340426,2,3,2
g008649,2fold,480,82,80,0.075,0.075,2,6,2
g008651,4fold,477,97,91,0.00187669473383759,0.00478447482374805,56,2,56
g008651,2fold,477,41,38,0.00449419002050581,0.0114575581305546,56,2,56
g008652,4fold,477,68,63,0.00297619047619048,0.0118242235841531,32,3,32
g008652,2fold,477,66,59,0.00635593220338983,0.0252517317220896,32,6,32
g008654,4fold,477,68,58,0,0,21,0,21
g008654,2fold,477,71,64,0,0,21,0,21
g008698,4fold,453,46,45,0.0222222222222222,0.0222222222222222,2,1,2
g008698,2fold,453,34,31,0,0,2,0,2
g008790,4fold,462,56,53,0.0283018867924528,0.0308747855917667,4,3,4
g008790,2fold,462,50,44,0,0,4,0,4
g009084,4fold,492,47,41,0.0813008130081301,0.0813008130081301,3,5,3
g009084,2fold,492,51,45,0.0444444444444444,0.0444444444444444,3,3,3
g009086,4fold,474,70,65,0,0,7,0,7
g009086,2fold,474,74,66,0,0,7,0,7
g009092,4fold,471,83,73,0.0342465753424658,0.037359900373599,4,5,4
g009092,2fold,471,59,57,0.0614035087719298,0.0669856459330144,4,7,4
g009103,4fold,465,60,58,0,0,4,0,4
g009103,2fold,465,78,73,0,0,4,0,4
g009104,4fold,465,57,51,0.0065359477124183,0.008587376556462,6,1,6
g009104,2fold,465,82,78,0,0,6,0,6
g009105,4fold,465,87,83,0.0562248995983936,0.0590115564298008,7,12,7
g009105,2fold,465,48,47,0.0486322188449848,0.0521059487624837,7,6,7
g009107,4fold,465,66,62,0.00604838709677419,0.0240298737355369,32,6,32
g009107,2fold,465,60,58,0.00323275862068966,0.0128435532034766,32,3,32
g009114,4fold,459,46,46,0.0072463768115942,0.00952078705172961,6,1,6
g009114,2fold,459,85,77,0.00692640692640693,0.00568774291402029,6,1,6
g009115,4fold,459,52,50,0,0,6,0,6
g009115,2fold,459,76,74,0,0,6,0,6
g009117,4fold,453,71,67,0,0,32,0,32
g009117,2fold,453,67,63,0,0,32,0,32
g009121,4fold,450,74,73,0,0,9,0,9
g009121,2fold,450,57,55,0,0,9,0,9
g009122,4fold,450,71,71,0.0563380281690141,0.0563380281690141,3,6,3
g009122,2fold,450,58,54,0.037037037037037,0.037037037037037,3,3,3
g009126,4fold,447,47,47,0,0,2,0,2
g009126,2fold,447,82,79,0,0,2,0,2
g009131,4fold,444,52,52,0,0,55,0,55
g009131,2fold,444,75,72,0,0,55,0,55
g009141,4fold,441,42,42,0,0,6,0,6
g009141,2fold,441,75,75,0,0,6,0,6
g009142,4fold,438,42,40,0,0,50,0,50
g009142,2fold,438,84,83,0,0,50,0,50
g009145,4fold,435,74,74,0.00935989543584481,0.0164121076833803,79,6,79
g009145,2fold,435,54,54,0.00269272843112505,0.0074968886948774,79,2,79
g009146,4fold,435,43,43,0.0155038759689922,0.0155038759689922,3,1,3
g009146,2fold,435,83,83,0.0160642570281124,0.0160642570281124,3,2,3
g009152,4fold,435,46,46,0,0,2,0,2
g009152,2fold,435,76,76,0.0526315789473684,0.0526315789473684,2,4,2
g009153,4fold,435,75,75,0.0933333333333333,0.0933333333333333,2,7,2
g009153,2fold,435,52,52,0.0961538461538462,0.0961538461538462,2,5,2
g009288,4fold,2922,601,92,0.00197628458498024,0.00371105600160223,11,1,11
g009288,2fold,2922,298,39,0,0,11,0,11
g009291,4fold,2904,497,91,0,0,2,0,2
g009291,2fold,2904,380,58,0,0,2,0,2
g009322,4fold,2745,392,59,0,0,2,0,2
g009322,2fold,2745,416,66,0,0,2,0,2
g009327,4fold,2718,315,57,0,0,4,0,4
g009327,2fold,2718,493,83,0,0,4,0,4
g009346,4fold,2652,510,81,0,0,2,0,2
g009346,2fold,2652,315,57,0.0175438596491228,0.0175438596491228,2,1,2
g009363,4fold,2607,461,72,0,0,4,0,4
g009363,2fold,2607,339,72,0,0,4,0,4
g009364,4fold,2607,441,73,0,0,2,0,2
g009364,2fold,2607,354,60,0,0,2,0,2
g009372,4fold,2598,440,71,0,0,2,0,2
g009372,2fold,2598,354,61,0,0,2,0,2
g009379,4fold,2589,283,47,0,0,2,0,2
g009379,2fold,2589,473,79,0,0,2,0,2
g009382,4fold,2580,477,95,0,0,5,0,5
g009382,2fold,2580,328,43,0,0,5,0,5
g009392,4fold,3867,630,66,0,0,3,0,3
g009392,2fold,3867,532,53,0,0,3,0,3
g009395,4fold,3813,410,48,0,0,50,0,50
g009395,2fold,3813,714,74,0,0,50,0,50
g009411,4fold,3642,574,69,0,0,6,0,6
g009411,2fold,3642,529,64,0,0,6,0,6
g009413,4fold,3630,384,50,0,0,2,0,2
g009413,2fold,3630,688,86,0,0,2,0,2
g009494,4fold,2412,424,71,0,0,2,0,2
g009494,2fold,2412,315,45,0,0,2,0,2
g009501,4fold,2385,44,4,0,0,4,0,4
g009501,2fold,2385,38,12,0,0,4,0,4
g009502,4fold,2382,297,44,0,0,3,0,3
g009502,2fold,2382,404,77,0,0,3,0,3
g009505,4fold,2370,379,58,0,0,16,0,16
g009505,2fold,2370,349,82,0,0,16,0,16
g009522,4fold,2334,377,73,0,0,2,0,2
g009522,2fold,2334,315,55,0,0,2,0,2
g009526,4fold,2322,346,64,0,0,4,0,4
g009526,2fold,2322,357,69,0,0,4,0,4
g009527,4fold,2322,236,43,0,0,3,0,3
g009527,2fold,2322,450,72,0,0,3,0,3
g009546,4fold,3318,493,60,0,0,4,0,4
g009546,2fold,3318,495,68,0,0,4,0,4
g009557,4fold,3243,486,70,0,0,4,0,4
g009557,2fold,3243,489,74,0,0,4,0,4
g009563,4fold,3204,493,71,0.00704225352112676,0.00768245838668374,4,1,4
g009563,2fold,3204,459,61,0,0,4,0,4
g009575,4fold,3135,503,68,0,0,2,0,2
g009575,2fold,3135,453,53,0,0,2,0,2
g009688,4fold,2193,322,64,0,0,2,0,2
g009688,2fold,2193,345,70,0,0,2,0,2
g009691,4fold,2190,280,51,0,0,6,0,6
g009691,2fold,2190,360,71,0.00469483568075117,0.00616839724478256,6,1,6
g009695,4fold,2178,278,61,0,0,3,0,3
g009695,2fold,2178,360,78,0,0,3,0,3
g009697,4fold,2175,291,53,0,0,2,0,2
g009697,2fold,2175,355,82,0,0,2,0,2
g009699,4fold,2175,352,80,0,0,3,0,3
g009699,2fold,2175,303,59,0,0,3,0,3
g009704,4fold,2172,260,58,0,0,8,0,8
g009704,2fold,2172,371,72,0,0,8,0,8
g009706,4fold,2169,309,65,0,0,4,0,4
g009706,2fold,2169,341,66,0,0,4,0,4
g009708,4fold,2169,311,72,0,0,5,0,5
g009708,2fold,2169,339,65,0.00923076923076923,0.00738461538461538,5,1,5
g009710,4fold,2169,288,54,0,0,2,0,2
g009710,2fold,2169,354,74,0,0,2,0,2
g009712,4fold,2169,316,83,0,0,2,0,2
g009712,2fold,2169,338,74,0,0,2,0,2
g009714,4fold,2166,282,54,0,0,2,0,2
g009714,2fold,2166,366,65,0,0,2,0,2
g009715,4fold,2166,278,53,0.00823327615780446,0.00644183305938501,11,1,11
g009715,2fold,2166,361,67,0.00651289009497965,0.00509577839025978,11,1,11
g009721,4fold,2163,289,56,0,0,2,0,2
g009721,2fold,2163,359,68,0,0,2,0,2
g009723,4fold,2163,275,62,0,0,3,0,3
g009723,2fold,2163,362,79,0.00843881856540084,0.00843881856540084,3,1,3
g009724,4fold,2163,279,63,0,0,2,0,2
g009724,2fold,2163,367,74,0,0,2,0,2
g009725,4fold,2163,299,52,0,0,3,0,3
g009725,2fold,2163,348,73,0,0,3,0,3
g009726,4fold,2163,303,68,0.0147058823529412,0.0147058823529412,2,1,2
g009726,2fold,2163,338,71,0,0,2,0,2
g009736,4fold,2160,287,55,0,0,2,0,2
g009736,2fold,2160,353,78,0,0,2,0,2
g009740,4fold,2157,290,54,0,0,16,0,16
g009740,2fold,2157,344,65,0,0,16,0,16
g009741,4fold,2157,295,67,0,0,4,0,4
g009741,2fold,2157,343,69,0,0,4,0,4
g009749,4fold,2154,267,49,0,0,2,0,2
g009749,2fold,2154,359,69,0,0,2,0,2
g009750,4fold,2154,282,55,0.00727272727272727,0.00872727272727273,5,1,5
g009750,2fold,2154,351,68,0,0,5,0,5
g009756,4fold,2151,293,57,0.0175438596491228,0.0175438596491228,2,1,2
g009756,2fold,2151,354,58,0.0172413793103448,0.0172413793103448,2,1,2
g009759,4fold,2148,354,64,0,0,3,0,3
g009759,2fold,2148,296,49,0,0,3,0,3
g009770,4fold,2130,346,62,0,0,3,0,3
g009770,2fold,2130,298,64,0,0,3,0,3
g009793,4fold,2298,360,65,0,0,2,0,2
g009793,2fold,2298,340,70,0,0,2,0,2
g009799,4fold,2271,274,45,0,0,2,0,2
g009799,2fold,2271,399,76,0,0,2,0,2
g009801,4fold,2265,372,69,0,0,2,0,2
g009801,2fold,2265,312,68,0,0,2,0,2
g009803,4fold,2262,412,79,0,0,8,0,8
g009803,2fold,2262,282,57,0,0,8,0,8
g009808,4fold,2241,380,72,0,0,11,0,11
g009808,2fold,2241,295,43,0,0,11,0,11
g009810,4fold,2241,281,53,0,0,4,0,4
g009810,2fold,2241,383,74,0,0,4,0,4
g009818,4fold,2226,380,77,0,0,3,0,3
g009818,2fold,2226,288,55,0,0,3,0,3
g009821,4fold,2226,229,39,0,0,3,0,3
g009821,2fold,2226,173,29,0,0,3,0,3
g009824,4fold,2220,332,75,0,0,2,0,2
g009824,2fold,2220,354,68,0,0,2,0,2
g009827,4fold,2217,390,80,0,0,2,0,2
g009827,2fold,2217,289,60,0,0,2,0,2
g009833,4fold,2202,384,67,0,0,2,0,2
g009833,2fold,2202,286,62,0,0,2,0,2
g009838,4fold,1992,331,69,0,0,2,0,2
g009838,2fold,1992,274,59,0,0,2,0,2
g009845,4fold,1986,214,56,0,0,6,0,6
g009845,2fold,1986,365,85,0,0,6,0,6
g009850,4fold,1980,247,51,0,0,2,0,2
g009850,2fold,1980,343,71,0,0,2,0,2
g009851,4fold,1980,319,67,0,0,4,0,4
g009851,2fold,1980,268,58,0,0,4,0,4
g009876,4fold,1941,205,60,0,0,2,0,2
g009876,2fold,1941,376,89,0,0,2,0,2
g009878,4fold,1935,233,51,0,0,4,0,4
g009878,2fold,1935,321,82,0,0,4,0,4
g009901,4fold,1902,307,67,0,0,2,0,2
g009901,2fold,1902,269,55,0,0,2,0,2
g009908,4fold,1893,233,56,0,0,2,0,2
g009908,2fold,1893,335,79,0,0,2,0,2
g009949,4fold,1683,256,66,0,0,4,0,4
g009949,2fold,1683,241,68,0,0,4,0,4
g009951,4fold,1680,212,55,0,0,2,0,2
g009951,2fold,1680,279,86,0,0,2,0,2
g009960,4fold,1665,189,39,0,0,4,0,4
g009960,2fold,1665,306,79,0,0,4,0,4
g009962,4fold,1659,231,69,0,0,4,0,4
g009962,2fold,1659,285,73,0,0,4,0,4
g009967,4fold,1656,239,58,0,0,2,0,2
g009967,2fold,1656,257,60,0,0,2,0,2
g009970,4fold,1653,241,62,0,0,2,0,2
g009970,2fold,1653,259,63,0,0,2,0,2
g009991,4fold,1848,306,72,0,0,2,0,2
g009991,2fold,1848,259,55,0,0,2,0,2
g009993,4fold,1848,141,31,0,0,2,0,2
g009993,2fold,1848,265,66,0,0,2,0,2
g010007,4fold,1824,260,53,0,0,3,0,3
g010007,2fold,1824,286,66,0,0,3,0,3
g010012,4fold,1821,286,68,0,0,4,0,4
g010012,2fold,1821,254,51,0,0,4,0,4
g010029,4fold,1812,243,48,0,0,5,0,5
g010029,2fold,1812,295,76,0,0,5,0,5
g010041,4fold,1803,305,66,0,0,2,0,2
g010041,2fold,1803,234,54,0,0,2,0,2
g010045,4fold,1797,286,77,0,0,3,0,3
g010045,2fold,1797,249,47,0,0,3,0,3
g010046,4fold,1797,283,63,0,0,5,0,5
g010046,2fold,1797,261,73,0,0,5,0,5
g010050,4fold,1794,160,42,0,0,2,0,2
g010050,2fold,1794,198,47,0,0,2,0,2
g010058,4fold,1785,331,78,0,0,6,0,6
g010058,2fold,1785,215,51,0,0,6,0,6
g010064,4fold,1782,194,48,0.0277777777777778,0.0277777777777778,3,2,3
g010064,2fold,1782,323,68,0,0,3,0,3
g010065,4fold,1782,284,68,0,0,4,0,4
g010065,2fold,1782,258,53,0,0,4,0,4
g010077,4fold,1767,271,62,0,0,2,0,2
g010077,2fold,1767,266,71,0,0,2,0,2
g010106,4fold,1731,229,69,0,0,13,0,13
g010106,2fold,1731,297,75,0,0,13,0,13
g010113,4fold,1722,203,47,0,0,13,0,13
g010113,2fold,1722,322,98,0,0,13,0,13
g010121,4fold,1713,253,65,0,0,4,0,4
g010121,2fold,1713,259,69,0,0,4,0,4
g010123,4fold,1713,263,76,0.0087719298245614,0.0087719298245614,3,1,3
g010123,2fold,1713,249,62,0.010752688172043,0.010752688172043,3,1,3
g010127,4fold,1707,279,58,0,0,2,0,2
g010127,2fold,1707,234,50,0,0,2,0,2
g010129,4fold,1704,189,51,0,0,2,0,2
g010129,2fold,1704,325,89,0,0,2,0,2
g010134,4fold,1644,255,62,0.0161290322580645,0.0161290322580645,2,1,2
g010134,2fold,1644,242,67,0.0149253731343284,0.0149253731343284,2,1,2
g010148,4fold,1629,213,62,0,0,2,0,2
g010148,2fold,1629,266,66,0,0,2,0,2
g010173,4fold,1599,162,36,0,0,31,0,31
g010173,2fold,1599,288,79,0,0,31,0,31
g010185,4fold,1431,178,55,0,0,4,0,4
g010185,2fold,1431,221,54,0,0,4,0,4
g010186,4fold,1431,197,62,0,0,2,0,2
g010186,2fold,1431,199,56,0,0,2,0,2
g010191,4fold,1428,173,49,0,0,2,0,2
g010191,2fold,1428,235,72,0,0,2,0,2
g010194,4fold,1428,199,55,0,0,4,0,4
g010194,2fold,1428,206,63,0.0158730158730159,0.0173160173160173,4,2,4
g010195,4fold,1428,205,69,0,0,4,0,4
g010195,2fold,1428,204,57,0,0,4,0,4
g010196,4fold,1428,178,57,0,0,2,0,2
g010196,2fold,1428,216,67,0,0,2,0,2
g010197,4fold,1428,179,47,0,0,2,0,2
g010197,2fold,1428,228,66,0,0,2,0,2
g010198,4fold,1428,192,57,0.00701754385964912,0.00842105263157895,5,1,5
g010198,2fold,1428,217,56,0,0,5,0,5
g010199,4fold,1428,189,57,0,0,3,0,3
g010199,2fold,1428,207,58,0,0,3,0,3
g010203,4fold,1428,185,74,0,0,3,0,3
g010203,2fold,1428,226,67,0,0,3,0,3
g010204,4fold,1428,176,49,0,0,4,0,4
g010204,2fold,1428,226,64,0,0,4,0,4
g010213,4fold,1425,191,60,0.00727272727272727,0.00569028586912343,11,1,11
g010213,2fold,1425,216,59,0,0,11,0,11
g010214,4fold,1425,193,49,0,0,4,0,4
g010214,2fold,1425,233,67,0,0,4,0,4
g010221,4fold,1422,186,55,0,0,2,0,2
g010221,2fold,1422,213,72,0,0,2,0,2
g010222,4fold,1422,164,54,0,0,2,0,2
g010222,2fold,1422,251,79,0,0,2,0,2
g010223,4fold,1422,180,44,0,0,3,0,3
g010223,2fold,1422,249,83,0,0,3,0,3
g010225,4fold,1422,194,55,0,0,3,0,3
g010225,2fold,1422,227,69,0,0,3,0,3
g010226,4fold,1422,267,68,0,0,2,0,2
g010226,2fold,1422,164,54,0,0,2,0,2
g010236,4fold,1416,215,64,0,0,2,0,2
g010236,2fold,1416,203,74,0,0,2,0,2
g010237,4fold,1416,191,61,0,0,3,0,3
g010237,2fold,1416,227,72,0,0,3,0,3
g010242,4fold,1413,258,79,0,0,2,0,2
g010242,2fold,1413,179,55,0,0,2,0,2
g010244,4fold,1410,189,50,0,0,5,0,5
g010244,2fold,1410,228,67,0,0,5,0,5
g010253,4fold,1404,188,60,0,0,2,0,2
g010253,2fold,1404,206,61,0,0,2,0,2
g010257,4fold,1401,212,63,0,0,6,0,6
g010257,2fold,1401,213,58,0,0,6,0,6
g010262,4fold,1398,185,56,0,0,4,0,4
g010262,2fold,1398,209,71,0,0,4,0,4
g010263,4fold,1398,180,57,0,0,10,0,10
g010263,2fold,1398,209,60,0,0,10,0,10
g010264,4fold,1398,192,59,0,0,2,0,2
g010264,2fold,1398,209,65,0,0,2,0,2
g010267,4fold,1398,178,51,0,0,5,0,5
g010267,2fold,1398,204,65,0,0,5,0,5
g010269,4fold,1476,193,49,0,0,10,0,10
g010269,2fold,1476,244,67,0,0,10,0,10
g010271,4fold,1476,175,44,0,0,2,0,2
g010271,2fold,1476,264,75,0,0,2,0,2
g010273,4fold,1473,208,62,0,0,2,0,2
g010273,2fold,1473,237,67,0,0,2,0,2
g010274,4fold,1473,149,43,0,0,6,0,6
g010274,2fold,1473,292,89,0,0,6,0,6
g010302,4fold,1449,192,52,0,0,5,0,5
g010302,2fold,1449,204,57,0,0,5,0,5
g010303,4fold,1449,186,63,0,0,2,0,2
g010303,2fold,1449,217,55,0,0,2,0,2
g010305,4fold,1446,179,50,0,0,2,0,2
g010305,2fold,1446,236,79,0,0,2,0,2
g010306,4fold,1446,254,78,0,0,4,0,4
g010306,2fold,1446,152,44,0,0,4,0,4
g010309,4fold,1443,186,66,0,0,5,0,5
g010309,2fold,1443,212,68,0,0,5,0,5
g010313,4fold,1440,202,76,0.00574162679425837,0.00449233094930797,11,1,11
g010313,2fold,1440,198,56,0,0,11,0,11
g010314,4fold,1440,222,61,0.0163934426229508,0.0163934426229508,2,1,2
g010314,2fold,1440,205,73,0,0,2,0,2
g010315,4fold,1440,236,72,0,0,2,0,2
g010315,2fold,1440,197,61,0,0,2,0,2
g010323,4fold,1437,264,83,0,0,3,0,3
g010323,2fold,1437,165,49,0,0,3,0,3
g010324,4fold,1437,189,55,0,0,2,0,2
g010324,2fold,1437,200,66,0,0,2,0,2
g010332,4fold,1434,192,64,0.00482536764705882,0.00462178424573343,17,1,17
g010332,2fold,1434,230,70,0,0,17,0,17
g010333,4fold,1434,221,63,0,0,4,0,4
g010333,2fold,1434,206,66,0,0,4,0,4
g010335,4fold,1434,231,66,0,0,3,0,3
g010335,2fold,1434,196,75,0,0,3,0,3
g010337,4fold,1434,228,70,0,0,2,0,2
g010337,2fold,1434,200,71,0,0,2,0,2
g010338,4fold,1434,229,82,0,0,5,0,5
g010338,2fold,1434,200,57,0,0,5,0,5
g010339,4fold,1434,225,67,0,0,3,0,3
g010339,2fold,1434,200,53,0,0,3,0,3
g010341,4fold,1434,226,82,0.0365853658536585,0.0365853658536585,2,3,2
g010341,2fold,1434,201,61,0.0163934426229508,0.0163934426229508,2,1,2
g010347,4fold,1398,196,66,0,0,2,0,2
g010347,2fold,1398,199,70,0,0,2,0,2
g010349,4fold,1398,185,68,0,0,2,0,2
g010349,2fold,1398,233,76,0,0,2,0,2
g010350,4fold,1398,198,69,0,0,3,0,3
g010350,2fold,1398,194,53,0,0,3,0,3
g010355,4fold,1395,171,63,0,0,5,0,5
g010355,2fold,1395,208,80,0,0,5,0,5
g010356,4fold,1395,257,83,0,0,4,0,4
g010356,2fold,1395,132,46,0,0,4,0,4
g010365,4fold,1392,218,62,0,0,3,0,3
g010365,2fold,1392,199,67,0,0,3,0,3
g010367,4fold,1392,172,64,0,0,3,0,3
g010367,2fold,1392,247,89,0,0,3,0,3
g010379,4fold,1386,182,56,0,0,5,0,5
g010379,2fold,1386,204,55,0,0,5,0,5
g010382,4fold,1383,174,63,0,0,2,0,2
g010382,2fold,1383,207,69,0,0,2,0,2
g010388,4fold,1377,181,63,0,0,3,0,3
g010388,2fold,1377,223,74,0,0,3,0,3
g010390,4fold,1377,182,56,0,0,5,0,5
g010390,2fold,1377,228,57,0,0,5,0,5
g010391,4fold,1377,184,63,0,0,3,0,3
g010391,2fold,1377,222,72,0,0,3,0,3
g010393,4fold,1374,199,56,0,0,10,0,10
g010393,2fold,1374,201,67,0,0,10,0,10
g010395,4fold,1374,245,79,0,0,2,0,2
g010395,2fold,1374,170,56,0,0,2,0,2
g010398,4fold,1371,230,63,0.00793650793650794,0.00584026865235801,9,1,9
g010398,2fold,1371,182,50,0,0,9,0,9
g010399,4fold,1371,223,78,0,0,2,0,2
g010399,2fold,1371,189,62,0,0,2,0,2
g010401,4fold,1371,174,57,0,0,2,0,2
g010401,2fold,1371,228,71,0,0,2,0,2
g010402,4fold,1371,226,68,0,0,3,0,3
g010402,2fold,1371,175,64,0,0,3,0,3
g010407,4fold,1368,236,77,0,0,5,0,5
g010407,2fold,1368,182,64,0,0,5,0,5
g010416,4fold,1362,219,68,0.00735294117647059,0.00802139037433155,4,1,4
g010416,2fold,1362,186,52,0.0352564102564103,0.0314685314685315,4,3,4
g010425,4fold,1359,154,56,0,0,2,0,2
g010425,2fold,1359,236,83,0,0,2,0,2
g010427,4fold,1356,176,45,0,0,2,0,2
g010427,2fold,1356,199,64,0,0,2,0,2
g010438,4fold,1350,194,57,0,0,2,0,2
g010438,2fold,1350,199,53,0,0,2,0,2
g010442,4fold,1350,152,45,0,0,2,0,2
g010442,2fold,1350,244,82,0,0,2,0,2
g010448,4fold,1344,150,44,0,0,3,0,3
g010448,2fold,1344,246,75,0,0,3,0,3
g010453,4fold,1338,214,67,0,0,27,0,27
g010453,2fold,1338,154,51,0,0,27,0,27
g010461,4fold,1332,149,61,0,0,5,0,5
g010461,2fold,1332,221,78,0,0,5,0,5
g010464,4fold,1332,131,39,0,0,3,0,3
g010464,2fold,1332,244,90,0,0,3,0,3
g010467,4fold,1329,155,39,0,0,31,0,31
g010467,2fold,1329,231,71,0,0,31,0,31
g010472,4fold,1590,275,77,0,0,2,0,2
g010472,2fold,1590,194,47,0,0,2,0,2
g010476,4fold,1578,213,55,0,0,16,0,16
g010476,2fold,1578,253,64,0,0,16,0,16
g010495,4fold,1554,225,64,0,0,13,0,13
g010495,2fold,1554,241,73,0,0,13,0,13
g010496,4fold,1554,184,48,0,0,2,0,2
g010496,2fold,1554,278,74,0,0,2,0,2
g010497,4fold,1554,178,48,0,0,4,0,4
g010497,2fold,1554,281,67,0,0,4,0,4
g010501,4fold,1548,271,72,0,0,5,0,5
g010501,2fold,1548,188,58,0,0,5,0,5
g010514,4fold,1533,160,57,0,0,3,0,3
g010514,2fold,1533,284,83,0,0,3,0,3
g010517,4fold,1326,164,58,0.00862068965517241,0.00940438871473354,4,1,4
g010517,2fold,1326,195,62,0,0,4,0,4
g010518,4fold,1326,212,68,0,0,2,0,2
g010518,2fold,1326,197,58,0,0,2,0,2
g010523,4fold,1323,151,49,0,0,5,0,5
g010523,2fold,1323,215,70,0,0,5,0,5
g010527,4fold,1320,230,94,0,0,4,0,4
g010527,2fold,1320,178,57,0,0,4,0,4
g010531,4fold,1317,222,58,0,0,5,0,5
g010531,2fold,1317,152,55,0,0,5,0,5
g010534,4fold,1314,167,65,0,0,5,0,5
g010534,2fold,1314,226,82,0,0,5,0,5
g010537,4fold,1314,160,55,0,0,3,0,3
g010537,2fold,1314,230,72,0,0,3,0,3
g010542,4fold,1311,142,46,0,0,2,0,2
g010542,2fold,1311,234,79,0,0,2,0,2
g010546,4fold,1308,221,64,0,0,4,0,4
g010546,2fold,1308,181,62,0,0,4,0,4
g010547,4fold,1308,259,73,0,0,5,0,5
g010547,2fold,1308,147,50,0,0,5,0,5
g010551,4fold,1305,167,53,0,0,2,0,2
g010551,2fold,1305,219,76,0,0,2,0,2
g010552,4fold,1305,254,98,0,0,2,0,2
g010552,2fold,1305,145,37,0,0,2,0,2
g010560,4fold,1299,210,72,0,0,3,0,3
g010560,2fold,1299,172,54,0.0123456790123457,0.0123456790123457,3,1,3
g010563,4fold,1296,158,52,0,0,2,0,2
g010563,2fold,1296,179,63,0,0,2,0,2
g010566,4fold,1296,149,47,0,0,2,0,2
g010566,2fold,1296,225,69,0,0,2,0,2
g010569,4fold,1293,175,52,0,0,2,0,2
g010569,2fold,1293,181,60,0,0,2,0,2
g010573,4fold,1290,145,49,0,0,2,0,2
g010573,2fold,1290,212,70,0,0,2,0,2
g010574,4fold,1290,126,41,0,0,8,0,8
g010574,2fold,1290,255,92,0,0,8,0,8
g010575,4fold,1290,151,49,0,0,5,0,5
g010575,2fold,1290,215,67,0,0,5,0,5
g010576,4fold,1290,148,54,0,0,4,0,4
g010576,2fold,1290,235,90,0,0,4,0,4
g010578,4fold,1290,169,59,0,0,2,0,2
g010578,2fold,1290,218,75,0.0133333333333333,0.0133333333333333,2,1,2
g010579,4fold,1287,148,58,0,0,2,0,2
g010579,2fold,1287,242,74,0,0,2,0,2
g010583,4fold,1287,173,56,0,0,9,0,9
g010583,2fold,1287,203,61,0,0,9,0,9
g010590,4fold,1284,145,46,0,0,5,0,5
g010590,2fold,1284,215,69,0,0,5,0,5
g010593,4fold,1281,160,50,0,0,2,0,2
g010593,2fold,1281,184,63,0,0,2,0,2
g010603,4fold,1275,216,82,0,0,4,0,4
g010603,2fold,1275,173,63,0,0,4,0,4
g010604,4fold,1275,201,67,0,0,2,0,2
g010604,2fold,1275,179,59,0,0,2,0,2
g010615,4fold,1269,157,52,0,0,4,0,4
g010615,2fold,1269,194,58,0,0,4,0,4
g010616,4fold,1269,172,62,0,0,5,0,5
g010616,2fold,1269,179,57,0,0,5,0,5
g010618,4fold,1269,171,65,0,0,4,0,4
g010618,2fold,1269,188,55,0,0,4,0,4
g010626,4fold,1266,184,57,0,0,3,0,3
g010626,2fold,1266,169,54,0,0,3,0,3
g010631,4fold,1266,167,49,0,0,5,0,5
g010631,2fold,1266,195,66,0,0,5,0,5
g010634,4fold,1266,134,45,0,0,2,0,2
g010634,2fold,1266,233,69,0,0,2,0,2
g010643,4fold,1263,139,46,0,0,3,0,3
g010643,2fold,1263,229,78,0,0,3,0,3
g010644,4fold,1263,137,47,0,0,2,0,2
g010644,2fold,1263,238,85,0,0,2,0,2
g010648,4fold,1260,155,52,0.00769230769230769,0.00923076923076923,5,1,5
g010648,2fold,1260,198,58,0,0,5,0,5
g010652,4fold,1260,222,83,0,0,4,0,4
g010652,2fold,1260,138,45,0.0111111111111111,0.0121212121212121,4,1,4
g010654,4fold,1260,262,84,0,0,2,0,2
g010654,2fold,1260,131,53,0,0,2,0,2
g010657,4fold,1257,245,83,0,0,2,0,2
g010657,2fold,1257,128,45,0,0,2,0,2
g010659,4fold,1257,203,78,0,0,3,0,3
g010659,2fold,1257,169,61,0,0,3,0,3
g010665,4fold,1254,173,64,0,0,3,0,3
g010665,2fold,1254,177,57,0,0,3,0,3
g010674,4fold,1251,120,41,0,0,4,0,4
g010674,2fold,1251,250,75,0,0,4,0,4
g010675,4fold,1251,161,55,0,0,4,0,4
g010675,2fold,1251,188,81,0,0,4,0,4
g010679,4fold,1533,212,55,0.0121212121212121,0.0121212121212121,3,1,3
g010679,2fold,1533,224,61,0,0,3,0,3
g010682,4fold,1527,287,84,0,0,10,0,10
g010682,2fold,1527,152,45,0,0,10,0,10
g010683,4fold,1527,164,48,0,0,2,0,2
g010683,2fold,1527,283,88,0,0,2,0,2
g010688,4fold,1521,196,63,0,0,2,0,2
g010688,2fold,1521,229,57,0,0,2,0,2
g010700,4fold,1512,240,72,0,0,4,0,4
g010700,2fold,1512,210,73,0,0,4,0,4
g010706,4fold,1509,287,90,0,0,5,0,5
g010706,2fold,1509,147,43,0,0,5,0,5
g010710,4fold,1506,161,43,0,0,2,0,2
g010710,2fold,1506,288,80,0,0,2,0,2
g010716,4fold,1503,197,52,0,0,3,0,3
g010716,2fold,1503,252,81,0,0,3,0,3
g010721,4fold,1500,237,67,0,0,2,0,2
g010721,2fold,1500,219,57,0,0,2,0,2
g010722,4fold,1500,163,37,0,0,2,0,2
g010722,2fold,1500,273,79,0,0,2,0,2
g010725,4fold,1497,180,53,0,0,3,0,3
g010725,2fold,1497,262,73,0,0,3,0,3
g010741,4fold,1488,187,44,0,0,3,0,3
g010741,2fold,1488,231,71,0,0,3,0,3
g010742,4fold,1488,195,60,0,0,4,0,4
g010742,2fold,1488,220,73,0,0,4,0,4
g010746,4fold,1485,208,60,0,0,2,0,2
g010746,2fold,1485,211,62,0,0,2,0,2
g010758,4fold,1146,235,80,0.00625,0.00681818181818182,4,1,4
g010758,2fold,1146,120,37,0,0,4,0,4
g010760,4fold,1146,149,52,0,0,6,0,6
g010760,2fold,1146,191,71,0,0,6,0,6
g010761,4fold,1146,116,43,0,0,4,0,4
g010761,2fold,1146,217,71,0,0,4,0,4
g010762,4fold,1146,181,76,0,0,2,0,2
g010762,2fold,1146,164,59,0,0,2,0,2
g010763,4fold,1146,152,60,0,0,2,0,2
g010763,2fold,1146,187,77,0,0,2,0,2
g010764,4fold,1146,151,51,0,0,3,0,3
g010764,2fold,1146,192,73,0,0,3,0,3
g010765,4fold,1146,137,48,0,0,3,0,3
g010765,2fold,1146,196,78,0,0,3,0,3
g010768,4fold,1143,139,55,0,0,2,0,2
g010768,2fold,1143,192,78,0,0,2,0,2
g010775,4fold,1140,164,56,0,0,6,0,6
g010775,2fold,1140,185,70,0,0,6,0,6
g010776,4fold,1140,139,53,0.00754716981132075,0.00905660377358491,5,1,5
g010776,2fold,1140,180,67,0,0,5,0,5
g010777,4fold,1140,183,65,0,0,3,0,3
g010777,2fold,1140,154,55,0,0,3,0,3
g010778,4fold,1140,183,72,0,0,2,0,2
g010778,2fold,1140,151,61,0,0,2,0,2
g010779,4fold,1140,182,65,0,0,3,0,3
g010779,2fold,1140,156,59,0,0,3,0,3
g010788,4fold,1137,137,48,0.0138888888888889,0.0138888888888889,3,1,3
g010788,2fold,1137,183,60,0,0,3,0,3
g010789,4fold,1137,176,72,0,0,4,0,4
g010789,2fold,1137,159,56,0,0,4,0,4
g010791,4fold,1137,135,57,0.0175438596491228,0.0175438596491228,2,1,2
g010791,2fold,1137,208,74,0,0,2,0,2
g010796,4fold,1137,175,74,0,0,5,0,5
g010796,2fold,1137,162,63,0,0,5,0,5
g010801,4fold,1137,174,70,0,0,2,0,2
g010801,2fold,1137,159,63,0,0,2,0,2
g010802,4fold,1137,129,48,0.0208333333333333,0.0208333333333333,2,1,2
g010802,2fold,1137,205,76,0,0,2,0,2
g010804,4fold,1134,127,45,0,0,2,0,2
g010804,2fold,1134,203,67,0,0,2,0,2
g010806,4fold,1134,195,77,0.012987012987013,0.012987012987013,2,1,2
g010806,2fold,1134,150,55,0,0,2,0,2
g010808,4fold,1134,147,55,0,0,2,0,2
g010808,2fold,1134,180,69,0,0,2,0,2
g010810,4fold,1134,176,70,0,0,2,0,2
g010810,2fold,1134,158,66,0,0,2,0,2
g010812,4fold,1134,157,55,0,0,5,0,5
g010812,2fold,1134,174,70,0,0,5,0,5
g010817,4fold,1131,115,42,0,0,3,0,3
g010817,2fold,1131,218,90,0,0,3,0,3
g010834,4fold,1125,145,66,0,0,5,0,5
g010834,2fold,1125,180,75,0,0,5,0,5
g010835,4fold,1125,194,72,0,0,2,0,2
g010835,2fold,1125,147,55,0,0,2,0,2
g010838,4fold,1125,123,34,0,0,3,0,3
g010838,2fold,1125,205,66,0,0,3,0,3
g010844,4fold,1122,127,44,0,0,4,0,4
g010844,2fold,1122,199,78,0,0,4,0,4
g010846,4fold,1122,138,59,0,0,5,0,5
g010846,2fold,1122,202,85,0,0,5,0,5
g010849,4fold,1122,118,45,0,0,3,0,3
g010849,2fold,1122,199,88,0,0,3,0,3
g010851,4fold,1119,114,46,0,0,8,0,8
g010851,2fold,1119,210,85,0,0,8,0,8
g010853,4fold,1119,110,47,0,0,2,0,2
g010853,2fold,1119,209,77,0,0,2,0,2
g010856,4fold,1116,170,62,0,0,2,0,2
g010856,2fold,1116,167,69,0,0,2,0,2
g010859,4fold,1116,168,63,0,0,2,0,2
g010859,2fold,1116,171,66,0,0,2,0,2
g010863,4fold,1116,202,85,0,0,3,0,3
g010863,2fold,1116,124,46,0,0,3,0,3
g010875,4fold,1110,201,84,0,0,2,0,2
g010875,2fold,1110,134,52,0,0,2,0,2
g010879,4fold,1251,158,51,0,0,2,0,2
g010879,2fold,1251,208,76,0.0131578947368421,0.0131578947368421,2,1,2
g010892,4fold,1245,173,68,0,0,2,0,2
g010892,2fold,1245,170,56,0,0,2,0,2
g010907,4fold,1239,131,55,0,0,3,0,3
g010907,2fold,1239,234,74,0,0,3,0,3
g010915,4fold,1236,174,50,0,0,16,0,16
g010915,2fold,1236,179,58,0,0,16,0,16
g010918,4fold,1236,139,47,0,0,4,0,4
g010918,2fold,1236,217,82,0,0,4,0,4
g010921,4fold,1236,166,58,0,0,3,0,3
g010921,2fold,1236,180,75,0,0,3,0,3
g010926,4fold,1233,188,68,0,0,2,0,2
g010926,2fold,1233,177,60,0,0,2,0,2
g010927,4fold,1233,149,54,0.0185185185185185,0.0185185185185185,2,1,2
g010927,2fold,1233,197,71,0,0,2,0,2
g010929,4fold,1233,181,72,0.0185185185185185,0.0185185185185185,3,2,3
g010929,2fold,1233,164,58,0,0,3,0,3
g010938,4fold,1230,139,56,0,0,5,0,5
g010938,2fold,1230,218,89,0,0,5,0,5
g010939,4fold,1230,235,79,0,0,3,0,3
g010939,2fold,1230,131,42,0,0,3,0,3
g010947,4fold,1227,195,64,0,0,6,0,6
g010947,2fold,1227,181,65,0,0,6,0,6
g010948,4fold,1227,171,61,0,0,2,0,2
g010948,2fold,1227,193,59,0,0,2,0,2
g010951,4fold,1227,123,46,0,0,3,0,3
g010951,2fold,1227,229,83,0,0,3,0,3
g010958,4fold,1224,150,44,0,0,2,0,2
g010958,2fold,1224,186,78,0,0,2,0,2
g010962,4fold,1224,190,64,0,0,4,0,4
g010962,2fold,1224,178,57,0,0,4,0,4
g010972,4fold,1221,135,57,0,0,2,0,2
g010972,2fold,1221,221,82,0.0121951219512195,0.0121951219512195,2,1,2
g010976,4fold,1221,135,49,0,0,3,0,3
g010976,2fold,1221,221,72,0,0,3,0,3
g010981,4fold,1221,158,61,0,0,2,0,2
g010981,2fold,1221,214,82,0,0,2,0,2
g010992,4fold,1215,191,68,0,0,6,0,6
g010992,2fold,1215,173,54,0,0,6,0,6
g010996,4fold,1215,185,66,0,0,6,0,6
g010996,2fold,1215,179,56,0,0,6,0,6
g011002,4fold,1179,157,58,0,0,7,0,7
g011002,2fold,1179,187,73,0,0,7,0,7
g011004,4fold,1179,148,51,0,0,2,0,2
g011004,2fold,1179,189,59,0,0,2,0,2
g011011,4fold,1176,138,46,0,0,2,0,2
g011011,2fold,1176,191,63,0,0,2,0,2
g011017,4fold,1176,137,46,0,0,4,0,4
g011017,2fold,1176,208,76,0,0,4,0,4
g011018,4fold,1176,146,56,0,0,2,0,2
g011018,2fold,1176,189,72,0,0,2,0,2
g011023,4fold,1173,139,50,0,0,6,0,6
g011023,2fold,1173,194,65,0,0,6,0,6
g011028,4fold,1173,137,47,0.0425531914893617,0.0425531914893617,2,2,2
g011028,2fold,1173,189,71,0,0,2,0,2
g011035,4fold,1170,133,45,0,0,2,0,2
g011035,2fold,1170,209,78,0,0,2,0,2
g011036,4fold,1170,144,54,0,0,3,0,3
g011036,2fold,1170,198,82,0,0,3,0,3
g011037,4fold,1170,138,53,0,0,2,0,2
g011037,2fold,1170,205,76,0,0,2,0,2
g011042,4fold,1170,139,53,0,0,3,0,3
g011042,2fold,1170,201,78,0,0,3,0,3
g011043,4fold,1170,132,59,0,0,4,0,4
g011043,2fold,1170,202,78,0,0,4,0,4
g011055,4fold,1167,153,56,0,0,3,0,3
g011055,2fold,1167,179,63,0.0105820105820106,0.0105820105820106,3,1,3
g011062,4fold,1161,186,79,0,0,3,0,3
g011062,2fold,1161,160,62,0,0,3,0,3
g011063,4fold,1161,129,44,0,0,2,0,2
g011063,2fold,1161,205,88,0.0113636363636364,0.0113636363636364,2,1,2
g011064,4fold,1161,146,60,0,0,2,0,2
g011064,2fold,1161,196,75,0,0,2,0,2
g011066,4fold,1161,152,63,0,0,4,0,4
g011066,2fold,1161,193,79,0,0,4,0,4
g011071,4fold,1158,177,74,0,0,4,0,4
g011071,2fold,1158,167,63,0,0,4,0,4
g011075,4fold,1158,198,81,0,0,3,0,3
g011075,2fold,1158,154,51,0,0,3,0,3
g011076,4fold,1158,144,49,0,0,2,0,2
g011076,2fold,1158,209,75,0,0,2,0,2
g011082,4fold,1158,126,51,0,0,2,0,2
g011082,2fold,1158,207,80,0,0,2,0,2
g011087,4fold,1155,155,65,0,0,5,0,5
g011087,2fold,1155,184,78,0,0,5,0,5
g011089,4fold,1155,143,51,0,0,4,0,4
g011089,2fold,1155,194,68,0.00980392156862745,0.00802139037433155,4,1,4
g011092,4fold,1155,148,57,0,0,5,0,5
g011092,2fold,1155,195,81,0.00740740740740741,0.00592592592592593,5,1,5
g011096,4fold,1155,150,59,0,0,2,0,2
g011096,2fold,1155,190,73,0,0,2,0,2
g011098,4fold,1155,146,57,0,0,3,0,3
g011098,2fold,1155,196,71,0,0,3,0,3
g011099,4fold,1155,182,69,0.0072463768115942,0.00790513833992095,4,1,4
g011099,2fold,1155,155,59,0,0,4,0,4
g011103,4fold,1152,202,74,0,0,3,0,3
g011103,2fold,1152,134,53,0,0,3,0,3
g011113,4fold,1152,150,57,0,0,3,0,3
g011113,2fold,1152,187,73,0,0,3,0,3
g011116,4fold,1152,136,53,0,0,2,0,2
g011116,2fold,1152,201,77,0,0,2,0,2
g011118,4fold,1149,133,44,0,0,2,0,2
g011118,2fold,1149,208,91,0,0,2,0,2
g011121,4fold,1149,125,41,0.0487804878048781,0.0487804878048781,2,2,2
g011121,2fold,1149,209,63,0,0,2,0,2
g011128,4fold,1110,165,61,0,0,2,0,2
g011128,2fold,1110,163,69,0,0,2,0,2
g011133,4fold,1107,113,44,0.0227272727272727,0.0227272727272727,2,1,2
g011133,2fold,1107,205,82,0,0,2,0,2
g011134,4fold,1107,111,36,0,0,2,0,2
g011134,2fold,1107,210,84,0,0,2,0,2
g011135,4fold,1107,151,59,0,0,4,0,4
g011135,2fold,1107,175,67,0,0,4,0,4
g011141,4fold,1104,126,55,0,0,5,0,5
g011141,2fold,1104,191,69,0,0,5,0,5
g011143,4fold,1104,150,57,0,0,3,0,3
g011143,2fold,1104,187,65,0,0,3,0,3
g011146,4fold,1101,123,39,0,0,2,0,2
g011146,2fold,1101,192,77,0,0,2,0,2
g011149,4fold,1101,116,44,0,0,2,0,2
g011149,2fold,1101,207,81,0,0,2,0,2
g011152,4fold,1101,109,40,0,0,5,0,5
g011152,2fold,1101,203,81,0,0,5,0,5
g011154,4fold,1101,124,41,0,0,2,0,2
g011154,2fold,1101,188,73,0,0,2,0,2
g011161,4fold,1098,203,78,0,0,6,0,6
g011161,2fold,1098,133,55,0,0,6,0,6
g011162,4fold,1098,113,43,0,0,5,0,5
g011162,2fold,1098,196,81,0,0,5,0,5
g011163,4fold,1098,209,75,0,0,3,0,3
g011163,2fold,1098,131,48,0,0,3,0,3
g011166,4fold,1098,99,31,0,0,3,0,3
g011166,2fold,1098,216,98,0,0,3,0,3
g011168,4fold,1098,131,58,0,0,2,0,2
g011168,2fold,1098,197,81,0,0,2,0,2
g011179,4fold,1098,199,72,0,0,2,0,2
g011179,2fold,1098,137,57,0,0,2,0,2
g011184,4fold,1095,134,53,0,0,4,0,4
g011184,2fold,1095,186,68,0,0,4,0,4
g011185,4fold,1095,136,54,0,0,4,0,4
g011185,2fold,1095,186,74,0,0,4,0,4
g011186,4fold,1095,125,46,0,0,4,0,4
g011186,2fold,1095,195,83,0,0,4,0,4
g011187,4fold,1095,132,41,0,0,4,0,4
g011187,2fold,1095,193,72,0,0,4,0,4
g011188,4fold,1095,118,43,0,0,5,0,5
g011188,2fold,1095,197,74,0.0054054054054054,0.00648648648648649,5,1,5
g011200,4fold,1092,123,48,0,0,2,0,2
g011200,2fold,1092,190,80,0.0125,0.0125,2,1,2
g011204,4fold,1089,201,88,0,0,2,0,2
g011204,2fold,1089,125,40,0,0,2,0,2
g011208,4fold,1089,127,53,0,0,5,0,5
g011208,2fold,1089,188,70,0,0,5,0,5
g011210,4fold,1089,173,77,0,0,3,0,3
g011210,2fold,1089,149,54,0,0,3,0,3
g011229,4fold,1083,116,49,0,0,2,0,2
g011229,2fold,1083,198,76,0,0,2,0,2
g011230,4fold,1083,161,69,0,0,2,0,2
g011230,2fold,1083,159,66,0,0,2,0,2
g011231,4fold,1083,121,47,0,0,3,0,3
g011231,2fold,1083,194,85,0,0,3,0,3
g011235,4fold,1083,142,52,0,0,3,0,3
g011235,2fold,1083,151,62,0,0,3,0,3
g011244,4fold,1080,193,67,0,0,27,0,27
g011244,2fold,1080,126,59,0,0,27,0,27
g011258,4fold,1080,172,77,0,0,3,0,3
g011258,2fold,1080,129,53,0,0,3,0,3
g011261,4fold,1077,148,61,0,0,24,0,24
g011261,2fold,1077,174,74,0,0,24,0,24
g011262,4fold,1077,175,80,0,0,26,0,26
g011262,2fold,1077,144,67,0,0,26,0,26
g011268,4fold,1077,189,85,0,0,2,0,2
g011268,2fold,1077,141,62,0,0,2,0,2
g011270,4fold,1077,117,48,0,0,3,0,3
g011270,2fold,1077,196,83,0,0,3,0,3
g011291,4fold,1074,168,63,0.0105820105820106,0.0105820105820106,3,1,3
g011291,2fold,1074,152,59,0,0,3,0,3
g011294,4fold,1071,105,37,0,0,2,0,2
g011294,2fold,1071,206,87,0,0,2,0,2
g011310,4fold,1068,177,75,0,0,2,0,2
g011310,2fold,1068,149,54,0,0,2,0,2
g011311,4fold,1068,231,95,0,0,2,0,2
g011311,2fold,1068,96,40,0,0,2,0,2
g011314,4fold,1068,181,67,0,0,3,0,3
g011314,2fold,1068,146,62,0,0,3,0,3
g011318,4fold,1212,140,57,0.0105263157894737,0.00842105263157895,5,1,5
g011318,2fold,1212,200,68,0,0,5,0,5
g011319,4fold,1212,158,60,0,0,2,0,2
g011319,2fold,1212,174,62,0,0,2,0,2
g011322,4fold,1212,149,46,0,0,3,0,3
g011322,2fold,1212,190,66,0,0,3,0,3
g011327,4fold,1209,135,54,0,0,2,0,2
g011327,2fold,1209,197,73,0,0,2,0,2
g011329,4fold,1209,150,54,0,0,4,0,4
g011329,2fold,1209,187,68,0,0,4,0,4
g011331,4fold,1209,170,58,0,0,2,0,2
g011331,2fold,1209,177,68,0,0,2,0,2
g011332,4fold,1209,164,61,0.0109289617486339,0.0109289617486339,3,1,3
g011332,2fold,1209,186,64,0,0,3,0,3
g011339,4fold,1209,147,53,0,0,8,0,8
g011339,2fold,1209,212,78,0,0,8,0,8
g011348,4fold,1203,138,37,0,0,6,0,6
g011348,2fold,1203,198,78,0,0,6,0,6
g011353,4fold,1203,163,57,0,0,2,0,2
g011353,2fold,1203,197,70,0,0,2,0,2
g011362,4fold,1200,233,75,0,0,18,0,18
g011362,2fold,1200,111,31,0,0,18,0,18
g011375,4fold,1197,123,44,0,0,5,0,5
g011375,2fold,1197,229,72,0,0,5,0,5
g011378,4fold,1197,181,68,0,0,3,0,3
g011378,2fold,1197,165,62,0,0,3,0,3
g011380,4fold,1197,118,42,0,0,2,0,2
g011380,2fold,1197,242,99,0,0,2,0,2
g011397,4fold,1191,140,47,0,0,2,0,2
g011397,2fold,1191,210,78,0,0,2,0,2
g011415,4fold,1185,134,54,0,0,3,0,3
g011415,2fold,1185,193,69,0,0,3,0,3
g011420,4fold,1185,141,45,0,0,3,0,3
g011420,2fold,1185,212,73,0,0,3,0,3
g011455,4fold,1062,185,83,0,0,2,0,2
g011455,2fold,1062,136,64,0,0,2,0,2
g011456,4fold,1062,119,50,0,0,5,0,5
g011456,2fold,1062,191,75,0,0,5,0,5
g011458,4fold,1062,126,49,0,0,4,0,4
g011458,2fold,1062,194,83,0,0,4,0,4
g011467,4fold,1059,129,53,0.00823327615780446,0.00644183305938501,11,1,11
g011467,2fold,1059,179,72,0.00606060606060606,0.00474190489093619,11,1,11
g011469,4fold,1059,191,83,0,0,4,0,4
g011469,2fold,1059,134,59,0,0,4,0,4
g011471,4fold,1059,221,85,0,0,2,0,2
g011471,2fold,1059,98,43,0,0,2,0,2
g011479,4fold,1056,178,80,0,0,4,0,4
g011479,2fold,1056,142,58,0,0,4,0,4
g011488,4fold,1053,120,53,0,0,5,0,5
g011488,2fold,1053,178,63,0,0,5,0,5
g011490,4fold,1053,124,52,0,0,2,0,2
g011490,2fold,1053,184,73,0,0,2,0,2
g011496,4fold,1050,117,57,0,0,2,0,2
g011496,2fold,1050,197,80,0,0,2,0,2
g011497,4fold,1050,126,53,0,0,4,0,4
g011497,2fold,1050,167,73,0,0,4,0,4
g011501,4fold,1050,127,50,0,0,2,0,2
g011501,2fold,1050,162,67,0,0,2,0,2
g011502,4fold,1050,131,60,0,0,3,0,3
g011502,2fold,1050,154,62,0.010752688172043,0.010752688172043,3,1,3
g011512,4fold,1047,156,74,0,0,2,0,2
g011512,2fold,1047,156,71,0,0,2,0,2
g011514,4fold,1047,164,72,0,0,3,0,3
g011514,2fold,1047,148,64,0,0,3,0,3
g011529,4fold,1044,112,42,0,0,4,0,4
g011529,2fold,1044,202,88,0,0,4,0,4
g011530,4fold,1044,115,40,0,0,2,0,2
g011530,2fold,1044,191,84,0,0,2,0,2
g011533,4fold,1044,141,62,0,0,2,0,2
g011533,2fold,1044,169,71,0,0,2,0,2
g011538,4fold,1041,157,79,0,0,3,0,3
g011538,2fold,1041,162,73,0,0,3,0,3
g011550,4fold,1038,123,51,0,0,2,0,2
g011550,2fold,1038,175,65,0,0,2,0,2
g011552,4fold,1038,118,46,0,0,2,0,2
g011552,2fold,1038,177,75,0,0,2,0,2
g011557,4fold,1035,112,46,0,0,16,0,16
g011557,2fold,1035,173,83,0,0,16,0,16
g011558,4fold,1035,182,83,0,0,24,0,24
g011558,2fold,1035,130,61,0,0,24,0,24
g011565,4fold,1035,171,69,0.00579710144927536,0.00695652173913044,5,1,5
g011565,2fold,1035,136,54,0,0,5,0,5
g011575,4fold,1032,112,50,0,0,6,0,6
g011575,2fold,1032,189,80,0,0,6,0,6
g011576,4fold,1032,146,64,0,0,2,0,2
g011576,2fold,1032,162,71,0,0,2,0,2
g011577,4fold,1032,131,56,0,0,6,0,6
g011577,2fold,1032,174,76,0,0,6,0,6
g011580,4fold,1032,198,86,0,0,5,0,5
g011580,2fold,1032,101,43,0,0,5,0,5
g011585,4fold,1032,124,59,0.0112994350282486,0.0112994350282486,3,1,3
g011585,2fold,1032,175,66,0,0,3,0,3
g011589,4fold,1032,133,53,0.0188679245283019,0.0188679245283019,2,1,2
g011589,2fold,1032,170,76,0.0131578947368421,0.0131578947368421,2,1,2
g011592,4fold,1029,109,50,0,0,24,0,24
g011592,2fold,1029,194,76,0,0,24,0,24
g011594,4fold,1029,164,70,0,0,6,0,6
g011594,2fold,1029,140,73,0,0,6,0,6
g011595,4fold,1029,179,76,0,0,9,0,9
g011595,2fold,1029,137,51,0,0,9,0,9
g011600,4fold,1029,147,55,0,0,3,0,3
g011600,2fold,1029,157,67,0,0,3,0,3
g011602,4fold,1029,132,61,0,0,3,0,3
g011602,2fold,1029,173,71,0,0,3,0,3
g011612,4fold,1026,163,72,0,0,3,0,3
g011612,2fold,1026,142,72,0,0,3,0,3
g011614,4fold,1026,96,49,0,0,5,0,5
g011614,2fold,1026,203,84,0,0,5,0,5
g011615,4fold,1026,117,50,0,0,2,0,2
g011615,2fold,1026,183,78,0,0,2,0,2
g011618,4fold,1026,130,56,0,0,4,0,4
g011618,2fold,1026,170,66,0,0,4,0,4
g011624,4fold,1023,104,51,0,0,2,0,2
g011624,2fold,1023,197,88,0,0,2,0,2
g011630,4fold,1023,107,51,0,0,2,0,2
g011630,2fold,1023,191,89,0,0,2,0,2
g011631,4fold,1023,135,54,0,0,7,0,7
g011631,2fold,1023,175,80,0,0,7,0,7
g011643,4fold,1020,152,65,0,0,5,0,5
g011643,2fold,1020,145,50,0,0,5,0,5
g011645,4fold,1020,156,62,0,0,4,0,4
g011645,2fold,1020,151,62,0,0,4,0,4
g011646,4fold,1020,129,53,0.0377358490566038,0.0377358490566038,2,2,2
g011646,2fold,1020,170,63,0.0317460317460317,0.0317460317460317,2,2,2
g011648,4fold,1020,121,48,0,0,3,0,3
g011648,2fold,1020,173,69,0,0,3,0,3
g011652,4fold,1017,147,71,0,0,2,0,2
g011652,2fold,1017,156,61,0,0,2,0,2
g011653,4fold,1017,112,56,0,0,6,0,6
g011653,2fold,1017,185,76,0,0,6,0,6
g011655,4fold,1017,187,72,0,0,2,0,2
g011655,2fold,1017,121,58,0,0,2,0,2
g011664,4fold,1014,131,47,0,0,2,0,2
g011664,2fold,1014,178,78,0,0,2,0,2
g011672,4fold,1011,118,46,0,0,3,0,3
g011672,2fold,1011,161,74,0,0,3,0,3
g011673,4fold,1011,124,56,0,0,2,0,2
g011673,2fold,1011,170,75,0,0,2,0,2
g011679,4fold,1008,141,61,0,0,2,0,2
g011679,2fold,1008,163,70,0,0,2,0,2
g011680,4fold,1008,139,66,0,0,3,0,3
g011680,2fold,1008,134,58,0,0,3,0,3
g011683,4fold,1008,113,51,0,0,2,0,2
g011683,2fold,1008,172,77,0,0,2,0,2
g011688,4fold,1008,107,34,0,0,6,0,6
g011688,2fold,1008,191,77,0,0,6,0,6
g011699,4fold,1005,125,56,0,0,5,0,5
g011699,2fold,1005,175,66,0,0,5,0,5
g011704,4fold,1005,156,61,0,0,2,0,2
g011704,2fold,1005,145,58,0,0,2,0,2
g011705,4fold,1005,82,36,0,0,6,0,6
g011705,2fold,1005,205,88,0,0,6,0,6
g011713,4fold,1005,152,59,0,0,3,0,3
g011713,2fold,1005,150,66,0,0,3,0,3
g011715,4fold,1002,99,43,0,0,2,0,2
g011715,2fold,1002,177,73,0,0,2,0,2
g011718,4fold,1002,131,59,0,0,6,0,6
g011718,2fold,1002,175,76,0,0,6,0,6
g011720,4fold,1002,109,40,0,0,2,0,2
g011720,2fold,1002,180,68,0,0,2,0,2
g011727,4fold,999,144,52,0.0192307692307692,0.0192307692307692,2,1,2
g011727,2fold,999,156,65,0.0153846153846154,0.0153846153846154,2,1,2
g011729,4fold,999,114,48,0,0,6,0,6
g011729,2fold,999,187,77,0,0,6,0,6
g011731,4fold,999,128,50,0,0,2,0,2
g011731,2fold,999,171,73,0,0,2,0,2
g011738,4fold,996,113,49,0,0,4,0,4
g011738,2fold,996,170,78,0,0,4,0,4
g011742,4fold,996,165,75,0,0,5,0,5
g011742,2fold,996,114,49,0,0,5,0,5
g011746,4fold,996,115,50,0,0,2,0,2
g011746,2fold,996,179,81,0,0,2,0,2
g011749,4fold,996,124,50,0.02,0.02,2,1,2
g011749,2fold,996,169,71,0,0,2,0,2
g011751,4fold,993,113,47,0,0,16,0,16
g011751,2fold,993,176,75,0,0,16,0,16
g011754,4fold,993,123,62,0,0,3,0,3
g011754,2fold,993,172,83,0,0,3,0,3
g011756,4fold,993,125,63,0,0,2,0,2
g011756,2fold,993,167,66,0,0,2,0,2
g011762,4fold,990,108,47,0,0,5,0,5
g011762,2fold,990,180,80,0,0,5,0,5
g011767,4fold,990,183,75,0,0,5,0,5
g011767,2fold,990,118,51,0,0,5,0,5
g011768,4fold,990,101,43,0,0,3,0,3
g011768,2fold,990,197,95,0,0,3,0,3
g011779,4fold,987,120,51,0.00784313725490196,0.00941176470588235,5,1,5
g011779,2fold,987,164,78,0,0,5,0,5
g011791,4fold,984,183,74,0,0,2,0,2
g011791,2fold,984,109,61,0,0,2,0,2
g011800,4fold,981,133,67,0.00271370420624152,0.00509577839025978,11,1,11
g011800,2fold,981,159,62,0,0,11,0,11
g011803,4fold,981,151,65,0.00769230769230769,0.00839160839160839,4,1,4
g011803,2fold,981,145,72,0,0,4,0,4
g011810,4fold,981,125,57,0,0,3,0,3
g011810,2fold,981,166,73,0,0,3,0,3
g011812,4fold,981,147,63,0,0,2,0,2
g011812,2fold,981,154,56,0,0,2,0,2
g011817,4fold,978,128,50,0,0,17,0,17
g011817,2fold,978,156,69,0,0,17,0,17
g011820,4fold,978,107,42,0,0,2,0,2
g011820,2fold,978,171,81,0,0,2,0,2
g011821,4fold,978,126,50,0,0,2,0,2
g011821,2fold,978,150,70,0,0,2,0,2
g011828,4fold,975,147,74,0.00242792415003765,0.00485726932815564,147,2,147
g011828,2fold,975,145,60,0,0,147,0,147
g011839,4fold,972,118,50,0,0,2,0,2
g011839,2fold,972,167,76,0,0,2,0,2
g011840,4fold,972,121,53,0,0,3,0,3
g011840,2fold,972,143,57,0,0,3,0,3
g011849,4fold,969,124,60,0,0,5,0,5
g011849,2fold,969,149,69,0,0,5,0,5
g011856,4fold,966,131,57,0,0,2,0,2
g011856,2fold,966,159,66,0,0,2,0,2
g011863,4fold,966,104,42,0,0,3,0,3
g011863,2fold,966,179,78,0,0,3,0,3
g011866,4fold,966,82,43,0,0,2,0,2
g011866,2fold,966,191,81,0,0,2,0,2
g011872,4fold,963,88,46,0,0,2,0,2
g011872,2fold,963,190,77,0,0,2,0,2
g011875,4fold,963,167,68,0,0,2,0,2
g011875,2fold,963,117,51,0,0,2,0,2
g011882,4fold,960,139,66,0.00808080808080808,0.006635700066357,6,1,6
g011882,2fold,960,145,65,0,0,6,0,6
g011885,4fold,960,157,63,0,0,2,0,2
g011885,2fold,960,135,63,0,0,2,0,2
g011886,4fold,960,85,36,0,0,2,0,2
g011886,2fold,960,187,79,0,0,2,0,2
g011890,4fold,960,183,88,0,0,2,0,2
g011890,2fold,960,108,55,0,0,2,0,2
g011903,4fold,954,121,56,0,0,2,0,2
g011903,2fold,954,167,77,0,0,2,0,2
g011907,4fold,954,104,46,0,0,5,0,5
g011907,2fold,954,176,82,0,0,5,0,5
g011914,4fold,951,98,39,0,0,5,0,5
g011914,2fold,951,185,71,0.0112676056338028,0.0135211267605634,5,2,5
g011932,4fold,948,151,73,0,0,8,0,8
g011932,2fold,948,135,62,0,0,8,0,8
g011937,4fold,948,153,69,0,0,3,0,3
g011937,2fold,948,133,64,0,0,3,0,3
g011944,4fold,945,103,48,0,0,25,0,25
g011944,2fold,945,173,79,0,0,25,0,25
g011950,4fold,945,154,79,0,0,4,0,4
g011950,2fold,945,131,58,0,0,4,0,4
g011958,4fold,942,140,57,0,0,5,0,5
g011958,2fold,942,135,53,0,0,5,0,5
g011960,4fold,942,132,74,0,0,4,0,4
g011960,2fold,942,142,69,0,0,4,0,4
g011967,4fold,939,109,43,0,0,4,0,4
g011967,2fold,939,161,68,0,0,4,0,4
g011968,4fold,939,153,84,0,0,6,0,6
g011968,2fold,939,124,58,0,0,6,0,6
g011972,4fold,939,132,64,0,0,2,0,2
g011972,2fold,939,144,59,0,0,2,0,2
g011977,4fold,939,154,67,0,0,5,0,5
g011977,2fold,939,129,56,0,0,5,0,5
g011984,4fold,936,166,76,0,0,24,0,24
g011984,2fold,936,108,47,0,0,24,0,24
g011985,4fold,936,124,46,0,0,26,0,26
g011985,2fold,936,147,74,0,0,26,0,26
g011988,4fold,936,153,74,0.00643500643500644,0.00551571980143409,7,1,7
g011988,2fold,936,123,54,0.00529100529100529,0.00755857898715042,7,1,7
g011990,4fold,936,110,51,0,0,2,0,2
g011990,2fold,936,158,81,0,0,2,0,2
g011992,4fold,936,112,54,0,0,6,0,6
g011992,2fold,936,159,63,0,0,6,0,6
g011995,4fold,936,100,46,0,0,2,0,2
g011995,2fold,936,180,85,0,0,2,0,2
g012000,4fold,936,132,67,0,0,2,0,2
g012000,2fold,936,151,57,0,0,2,0,2
g012011,4fold,933,105,47,0,0,9,0,9
g012011,2fold,933,165,80,0,0,9,0,9
g012041,4fold,867,123,63,0,0,2,0,2
g012041,2fold,867,133,63,0,0,2,0,2
g012043,4fold,867,96,54,0,0,2,0,2
g012043,2fold,867,150,73,0,0,2,0,2
g012045,4fold,867,128,68,0,0,2,0,2
g012045,2fold,867,131,63,0,0,2,0,2
g012061,4fold,864,154,71,0,0,13,0,13
g012061,2fold,864,107,53,0,0,13,0,13
g012062,4fold,864,110,50,0,0,6,0,6
g012062,2fold,864,145,77,0,0,6,0,6
g012065,4fold,864,107,55,0,0,6,0,6
g012065,2fold,864,144,75,0,0,6,0,6
g012067,4fold,864,83,45,0.0444444444444444,0.0444444444444444,2,2,2
g012067,2fold,864,167,91,0.010989010989011,0.010989010989011,2,1,2
g012072,4fold,864,114,54,0,0,3,0,3
g012072,2fold,864,139,63,0,0,3,0,3
g012081,4fold,861,142,66,0,0,5,0,5
g012081,2fold,861,120,59,0,0,5,0,5
g012090,4fold,861,97,45,0,0,2,0,2
g012090,2fold,861,151,77,0,0,2,0,2
g012091,4fold,861,149,69,0,0,2,0,2
g012091,2fold,861,106,59,0,0,2,0,2
g012104,4fold,855,107,52,0,0,2,0,2
g012104,2fold,855,147,63,0,0,2,0,2
g012114,4fold,852,134,74,0,0,10,0,10
g012114,2fold,852,121,57,0.00974658869395712,0.00620150460314062,10,1,10
g012118,4fold,852,164,78,0,0,2,0,2
g012118,2fold,852,81,33,0,0,2,0,2
g012124,4fold,849,85,35,0,0,2,0,2
g012124,2fold,849,163,72,0,0,2,0,2
g012136,4fold,849,100,51,0,0,2,0,2
g012136,2fold,849,147,73,0,0,2,0,2
g012140,4fold,846,169,80,0,0,31,0,31
g012140,2fold,846,99,47,0,0,31,0,31
g012149,4fold,846,99,52,0,0,3,0,3
g012149,2fold,846,144,72,0,0,3,0,3
g012161,4fold,843,136,75,0,0,6,0,6
g012161,2fold,843,109,54,0,0,6,0,6
g012162,4fold,843,109,59,0,0,4,0,4
g012162,2fold,843,144,71,0,0,4,0,4
g012175,4fold,840,148,69,0,0,26,0,26
g012175,2fold,840,101,50,0.00153846153846154,0.00524114758819873,26,1,26
g012177,4fold,840,136,65,0,0,4,0,4
g012177,2fold,840,112,50,0,0,4,0,4
g012179,4fold,840,90,51,0,0,5,0,5
g012179,2fold,840,151,72,0,0,5,0,5
g012181,4fold,840,117,57,0,0,2,0,2
g012181,2fold,840,122,62,0,0,2,0,2
g012188,4fold,837,120,54,0,0,2,0,2
g012188,2fold,837,125,67,0,0,2,0,2
g012190,4fold,837,108,43,0,0,2,0,2
g012190,2fold,837,141,73,0,0,2,0,2
g012194,4fold,837,163,100,0,0,2,0,2
g012194,2fold,837,92,50,0,0,2,0,2
g012195,4fold,837,127,77,0,0,2,0,2
g012195,2fold,837,126,67,0,0,2,0,2
g012196,4fold,837,22,11,0,0,24,0,24
g012196,2fold,837,11,8,0,0,24,0,24
g012213,4fold,834,106,58,0,0,3,0,3
g012213,2fold,834,142,70,0,0,3,0,3
g012217,4fold,834,141,74,0,0,2,0,2
g012217,2fold,834,105,51,0,0,2,0,2
g012223,4fold,831,118,64,0,0,4,0,4
g012223,2fold,831,125,72,0,0,4,0,4
g012224,4fold,831,130,70,0,0,2,0,2
g012224,2fold,831,119,61,0,0,2,0,2
g012225,4fold,831,100,51,0,0,8,0,8
g012225,2fold,831,148,76,0,0,8,0,8
g012228,4fold,831,102,54,0,0,2,0,2
g012228,2fold,831,141,72,0,0,2,0,2
g012238,4fold,828,95,48,0,0,56,0,56
g012238,2fold,828,148,84,0.00160791589363018,0.0025915905295302,56,1,56
g012246,4fold,828,87,54,0,0,9,0,9
g012246,2fold,828,139,72,0.00308641975308642,0.00511023507081326,9,1,9
g012258,4fold,825,147,73,0,0,2,0,2
g012258,2fold,825,105,55,0,0,2,0,2
g012288,4fold,819,85,47,0.00287372202265819,0.00463177881873482,56,1,56
g012288,2fold,819,153,70,0.00192949907235622,0.00310990863543624,56,1,56
g012289,4fold,819,90,47,0,0,2,0,2
g012289,2fold,819,149,78,0,0,2,0,2
g012290,4fold,819,128,65,0,0,15,0,15
g012290,2fold,819,122,60,0,0,15,0,15
g012293,4fold,819,139,82,0.00813008130081301,0.00813008130081301,3,1,3
g012293,2fold,819,110,61,0,0,3,0,3
g012299,4fold,819,89,50,0,0,2,0,2
g012299,2fold,819,149,83,0,0,2,0,2
g012301,4fold,819,147,83,0,0,4,0,4
g012301,2fold,819,102,51,0,0,4,0,4
g012307,4fold,816,133,71,0,0,15,0,15
g012307,2fold,816,93,44,0,0,15,0,15
g012325,4fold,813,123,64,0,0,5,0,5
g012325,2fold,813,115,54,0,0,5,0,5
g012327,4fold,813,92,48,0,0,4,0,4
g012327,2fold,813,143,67,0,0,4,0,4
g012341,4fold,810,105,57,0,0,13,0,13
g012341,2fold,810,140,83,0,0,13,0,13
g012343,4fold,810,117,61,0,0,15,0,15
g012343,2fold,810,124,69,0,0,15,0,15
g012347,4fold,810,96,49,0,0,6,0,6
g012347,2fold,810,142,70,0,0,6,0,6
g012358,4fold,807,132,62,0.00675883256528418,0.00496039461593736,15,1,15
g012358,2fold,807,99,57,0,0,15,0,15
g012369,4fold,804,137,72,0,0,38,0,38
g012369,2fold,804,109,62,0,0,38,0,38
g012373,4fold,804,77,45,0,0,2,0,2
g012373,2fold,804,160,87,0,0,2,0,2
g012375,4fold,804,143,87,0.00208986415882968,0.00392433508215409,11,1,11
g012375,2fold,804,101,48,0,0,11,0,11
g012380,4fold,804,85,52,0,0,3,0,3
g012380,2fold,804,152,84,0,0,3,0,3
g012381,4fold,804,149,78,0.014957264957265,0.013986013986014,4,2,4
g012381,2fold,804,89,45,0,0,4,0,4
g012414,4fold,795,120,72,0,0,6,0,6
g012414,2fold,795,102,55,0,0,6,0,6
g012435,4fold,792,79,47,0,0,5,0,5
g012435,2fold,792,150,82,0,0,5,0,5
g012438,4fold,792,94,45,0,0,2,0,2
g012438,2fold,792,140,72,0,0,2,0,2
g012461,4fold,786,151,87,0,0,2,0,2
g012461,2fold,786,92,50,0,0,2,0,2
g012467,4fold,903,158,81,0,0,8,0,8
g012467,2fold,903,120,60,0,0,8,0,8
g012477,4fold,900,177,78,0,0,6,0,6
g012477,2fold,900,98,42,0,0,6,0,6
g012479,4fold,900,173,79,0.0126582278481013,0.0126582278481013,2,1,2
g012479,2fold,900,108,53,0,0,2,0,2
g012484,4fold,900,167,84,0.00793650793650794,0.00793650793650794,3,1,3
g012484,2fold,900,100,49,0,0,3,0,3
g012505,4fold,897,130,66,0,0,16,0,16
g012505,2fold,897,134,65,0,0,16,0,16
g012506,4fold,897,102,44,0,0,16,0,16
g012506,2fold,897,159,74,0,0,16,0,16
g012508,4fold,897,121,58,0,0,2,0,2
g012508,2fold,897,141,69,0,0,2,0,2
g012509,4fold,897,166,73,0,0,7,0,7
g012509,2fold,897,103,41,0,0,7,0,7
g012512,4fold,897,171,73,0,0,3,0,3
g012512,2fold,897,109,58,0,0,3,0,3
g012516,4fold,897,132,58,0,0,4,0,4
g012516,2fold,897,130,62,0,0,4,0,4
g012521,4fold,897,109,52,0,0,2,0,2
g012521,2fold,897,153,80,0,0,2,0,2
g012529,4fold,894,83,32,0,0,8,0,8
g012529,2fold,894,174,85,0,0,8,0,8
g012534,4fold,894,164,74,0.00900900900900901,0.00737100737100737,4,1,4
g012534,2fold,894,106,49,0.0136054421768707,0.0111317254174397,4,1,4
g012542,4fold,891,121,58,0,0,2,0,2
g012542,2fold,891,145,58,0,0,2,0,2
g012543,4fold,891,153,68,0,0,2,0,2
g012543,2fold,891,114,47,0,0,2,0,2
g012546,4fold,891,169,87,0,0,5,0,5
g012546,2fold,891,105,56,0,0,5,0,5
g012556,4fold,888,120,51,0,0,2,0,2
g012556,2fold,888,140,71,0,0,2,0,2
g012558,4fold,888,98,52,0,0,2,0,2
g012558,2fold,888,164,71,0,0,2,0,2
g012582,4fold,882,97,48,0,0,4,0,4
g012582,2fold,882,168,91,0,0,4,0,4
g012583,4fold,882,140,68,0.0686274509803922,0.072192513368984,4,9,4
g012583,2fold,882,112,61,0.040983606557377,0.0447093889716841,4,5,4
g012584,4fold,882,93,42,0,0,2,0,2
g012584,2fold,882,158,69,0,0,2,0,2
g012587,4fold,882,144,71,0,0,5,0,5
g012587,2fold,882,131,70,0,0,5,0,5
g012596,4fold,879,92,47,0.00709219858156028,0.00931821711445877,6,1,6
g012596,2fold,879,166,71,0,0,6,0,6
g012598,4fold,879,125,62,0,0,9,0,9
g012598,2fold,879,123,62,0,0,9,0,9
g012610,4fold,876,127,64,0,0,31,0,31
g012610,2fold,876,134,67,0,0,31,0,31
g012611,4fold,876,125,65,0,0,27,0,27
g012611,2fold,876,137,73,0.00101471334348047,0.00355400582851887,27,1,27
g012612,4fold,876,166,87,0,0,4,0,4
g012612,2fold,876,100,42,0,0,4,0,4
g012620,4fold,876,157,74,0,0,2,0,2
g012620,2fold,876,105,59,0,0,2,0,2
g012627,4fold,876,169,86,0,0,4,0,4
g012627,2fold,876,97,56,0,0,4,0,4
g012633,4fold,876,111,47,0,0,2,0,2
g012633,2fold,876,148,75,0,0,2,0,2
g012636,4fold,876,144,77,0,0,2,0,2
g012636,2fold,876,117,58,0,0,2,0,2
g012647,4fold,873,164,85,0,0,2,0,2
g012647,2fold,873,97,48,0,0,2,0,2
g012650,4fold,873,167,88,0,0,3,0,3
g012650,2fold,873,94,56,0,0,3,0,3
g012658,4fold,930,105,41,0,0,5,0,5
g012658,2fold,930,163,74,0,0,5,0,5
g012668,4fold,927,111,56,0,0,4,0,4
g012668,2fold,927,162,81,0,0,4,0,4
g012670,4fold,927,172,84,0.00680272108843538,0.00485908649173955,7,1,7
g012670,2fold,927,114,54,0,0,7,0,7
g012675,4fold,927,121,50,0,0,3,0,3
g012675,2fold,927,150,59,0,0,3,0,3
g012677,4fold,927,121,60,0,0,5,0,5
g012677,2fold,927,146,70,0,0,5,0,5
g012681,4fold,927,90,42,0.0238095238095238,0.0238095238095238,2,1,2
g012681,2fold,927,179,91,0,0,2,0,2
g012689,4fold,924,110,50,0,0,2,0,2
g012689,2fold,924,157,64,0,0,2,0,2
g012692,4fold,924,149,75,0,0,3,0,3
g012692,2fold,924,132,62,0,0,3,0,3
g012694,4fold,924,164,79,0.0147679324894515,0.0138089758342923,4,2,4
g012694,2fold,924,111,47,0,0,4,0,4
g012700,4fold,921,146,69,0,0,3,0,3
g012700,2fold,921,136,64,0,0,3,0,3
g012702,4fold,921,83,38,0,0,2,0,2
g012702,2fold,921,184,84,0,0,2,0,2
g012706,4fold,921,185,80,0,0,11,0,11
g012706,2fold,921,101,48,0,0,11,0,11
g012708,4fold,921,98,44,0,0,5,0,5
g012708,2fold,921,169,79,0,0,5,0,5
g012720,4fold,918,140,70,0,0,2,0,2
g012720,2fold,918,125,64,0,0,2,0,2
g012721,4fold,918,102,53,0,0,2,0,2
g012721,2fold,918,162,77,0,0,2,0,2
g012740,4fold,915,123,58,0,0,2,0,2
g012740,2fold,915,148,72,0,0,2,0,2
g012741,4fold,915,106,48,0,0,5,0,5
g012741,2fold,915,163,76,0,0,5,0,5
g012742,4fold,915,93,52,0,0,3,0,3
g012742,2fold,915,171,82,0,0,3,0,3
g012748,4fold,915,135,67,0,0,3,0,3
g012748,2fold,915,115,53,0,0,3,0,3
g012754,4fold,912,122,54,0,0,3,0,3
g012754,2fold,912,142,68,0,0,3,0,3
g012758,4fold,912,113,61,0.0163934426229508,0.0163934426229508,2,1,2
g012758,2fold,912,151,70,0,0,2,0,2
g012759,4fold,912,112,60,0,0,3,0,3
g012759,2fold,912,159,65,0,0,3,0,3
g012777,4fold,909,124,61,0,0,4,0,4
g012777,2fold,909,152,73,0.00684931506849315,0.0074719800747198,4,1,4
g012778,4fold,909,113,63,0,0,16,0,16
g012778,2fold,909,155,76,0,0,16,0,16
g012783,4fold,909,148,75,0,0,5,0,5
g012783,2fold,909,122,54,0,0,5,0,5
g012786,4fold,909,153,82,0,0,5,0,5
g012786,2fold,909,123,58,0,0,5,0,5
g012798,4fold,906,112,62,0,0,2,0,2
g012798,2fold,906,156,78,0,0,2,0,2
g012803,4fold,906,113,55,0,0,6,0,6
g012803,2fold,906,149,69,0,0,6,0,6
g012805,4fold,906,100,46,0,0,2,0,2
g012805,2fold,906,162,71,0,0,2,0,2
g012808,4fold,693,126,72,0,0,2,0,2
g012808,2fold,693,89,55,0,0,2,0,2
g012816,4fold,693,61,46,0,0,3,0,4
g012816,2fold,693,132,85,0,0,4,0,4
g012826,4fold,690,75,48,0,0,3,0,3
g012826,2fold,690,125,82,0,0,3,0,3
g012827,4fold,690,118,69,0,0,3,0,3
g012827,2fold,690,91,59,0,0,3,0,3
g012828,4fold,690,136,79,0,0,6,0,6
g012828,2fold,690,71,47,0,0,6,0,6
g012830,4fold,690,84,46,0,0,4,0,4
g012830,2fold,690,111,63,0,0,4,0,4
g012832,4fold,690,81,52,0,0,2,0,2
g012832,2fold,690,116,81,0,0,2,0,2
g012833,4fold,690,114,73,0,0,4,0,4
g012833,2fold,690,92,53,0,0,4,0,4
g012834,4fold,690,75,42,0,0,2,0,2
g012834,2fold,690,124,75,0,0,2,0,2
g012835,4fold,690,54,36,0,0,2,0,2
g012835,2fold,690,30,17,0,0,2,0,2
g012849,4fold,687,115,74,0,0,29,0,29
g012849,2fold,687,90,57,0,0,29,0,29
g012851,4fold,687,118,75,0,0,2,0,2
g012851,2fold,687,90,57,0,0,2,0,2
g012857,4fold,687,102,66,0,0,2,0,2
g012857,2fold,687,93,62,0,0,2,0,2
g012859,4fold,687,68,44,0,0,3,0,3
g012859,2fold,687,130,78,0,0,3,0,3
g012867,4fold,684,66,40,0,0,4,0,4
g012867,2fold,684,121,77,0,0,4,0,4
g012881,4fold,681,119,82,0,0,2,0,2
g012881,2fold,681,82,55,0,0,2,0,2
g012889,4fold,681,78,38,0,0,3,0,3
g012889,2fold,681,124,85,0,0,3,0,3
g012890,4fold,681,69,49,0,0,2,0,2
g012890,2fold,681,122,77,0,0,2,0,2
g012905,4fold,678,111,68,0,0,2,0,2
g012905,2fold,678,93,57,0,0,2,0,2
g012918,4fold,678,76,58,0,0,2,0,2
g012918,2fold,678,122,73,0,0,2,0,2
g012922,4fold,675,95,59,0,0,3,0,3
g012922,2fold,675,109,65,0,0,3,0,3
g012927,4fold,675,116,75,0,0,7,0,7
g012927,2fold,675,90,51,0,0,7,0,7
g012929,4fold,675,73,51,0,0,2,0,2
g012929,2fold,675,128,78,0,0,2,0,2
g012955,4fold,669,109,71,0,0,24,0,24
g012955,2fold,669,92,64,0,0,24,0,24
g012957,4fold,669,142,94,0,0,2,0,2
g012957,2fold,669,49,29,0,0,2,0,2
g012965,4fold,669,97,57,0,0,5,0,5
g012965,2fold,669,102,66,0,0,5,0,5
g012981,4fold,666,76,44,0.0151515151515152,0.0151515151515152,3,1,3
g012981,2fold,666,121,83,0.00803212851405622,0.00803212851405622,3,1,3
g012989,4fold,666,119,81,0,0,5,0,5
g012989,2fold,666,88,59,0,0,5,0,5
g012991,4fold,666,85,58,0,0,2,0,2
g012991,2fold,666,109,67,0,0,2,0,2
g012997,4fold,663,106,66,0.00202020202020202,0.00465976463921388,15,1,15
g012997,2fold,663,87,53,0,0,15,0,15
g013000,4fold,663,79,50,0,0,3,0,3
g013000,2fold,663,109,69,0,0,3,0,3
g013002,4fold,663,96,62,0,0,4,0,4
g013002,2fold,663,98,62,0,0,4,0,4
g013003,4fold,663,101,65,0,0,2,0,2
g013003,2fold,663,97,72,0,0,2,0,2
g013004,4fold,663,73,46,0,0,2,0,2
g013004,2fold,663,117,79,0,0,2,0,2
g013009,4fold,660,85,63,0,0,27,0,27
g013009,2fold,660,110,67,0,0,27,0,27
g013016,4fold,660,136,84,0,0,2,0,2
g013016,2fold,660,68,42,0,0,2,0,2
g013019,4fold,660,63,41,0,0,8,0,8
g013019,2fold,660,120,94,0,0,8,0,8
g013020,4fold,660,104,75,0,0,24,0,24
g013020,2fold,660,93,65,0,0,24,0,24
g013021,4fold,660,99,62,0,0,2,0,2
g013021,2fold,660,92,57,0,0,2,0,2
g013033,4fold,657,98,63,0,0,2,0,2
g013033,2fold,657,100,74,0,0,2,0,2
g013036,4fold,657,111,77,0,0,2,0,2
g013036,2fold,657,91,62,0,0,2,0,2
g013044,4fold,654,84,56,0,0,4,0,4
g013044,2fold,654,109,71,0,0,4,0,4
g013045,4fold,654,114,79,0.00474683544303798,0.0188588882481429,32,6,32
g013045,2fold,654,84,65,0.00673076923076923,0.0267409364133923,32,7,32
g013050,4fold,654,71,52,0,0,2,0,2
g013050,2fold,654,112,83,0.0120481927710843,0.0120481927710843,2,1,2
g013054,4fold,654,81,52,0,0,3,0,3
g013054,2fold,654,110,65,0,0,3,0,3
g013066,4fold,651,109,67,0,0,6,0,6
g013066,2fold,651,91,61,0,0,6,0,6
g013068,4fold,651,90,58,0,0,4,0,4
g013068,2fold,651,108,71,0,0,4,0,4
g013081,4fold,648,118,75,0,0,2,0,2
g013081,2fold,648,65,41,0,0,2,0,2
g013083,4fold,648,110,76,0,0,4,0,4
g013083,2fold,648,85,53,0,0,4,0,4
g013088,4fold,648,112,78,0,0,2,0,2
g013088,2fold,648,75,50,0,0,2,0,2
g013092,4fold,648,108,77,0,0,3,0,3
g013092,2fold,648,83,57,0,0,3,0,3
g013100,4fold,645,79,58,0,0,2,0,2
g013100,2fold,645,114,78,0,0,2,0,2
g013108,4fold,645,71,48,0,0,2,0,2
g013108,2fold,645,116,75,0,0,2,0,2
g013109,4fold,645,132,90,0,0,5,0,5
g013109,2fold,645,69,40,0,0,5,0,5
g013118,4fold,642,114,72,0,0,2,0,2
g013118,2fold,642,79,50,0,0,2,0,2
g013120,4fold,642,124,87,0,0,11,0,11
g013120,2fold,642,72,36,0,0,11,0,11
g013121,4fold,642,76,48,0,0,3,0,3
g013121,2fold,642,100,70,0,0,3,0,3
g013140,4fold,639,93,62,0,0,2,0,2
g013140,2fold,639,96,62,0,0,2,0,2
g013142,4fold,639,67,43,0,0,6,0,6
g013142,2fold,639,124,83,0,0,6,0,6
g013145,4fold,639,98,74,0,0,2,0,2
g013145,2fold,639,97,67,0,0,2,0,2
g013151,4fold,639,94,67,0,0,2,0,2
g013151,2fold,639,94,65,0,0,2,0,2
g013155,4fold,639,64,47,0,0,3,0,3
g013155,2fold,639,125,74,0,0,3,0,3
g013158,4fold,639,93,55,0,0,4,0,4
g013158,2fold,639,109,76,0,0,4,0,4
g013165,4fold,636,107,73,0,0,24,0,24
g013165,2fold,636,82,50,0,0,24,0,24
g013168,4fold,636,107,73,0.00684931506849315,0.0074719800747198,4,1,4
g013168,2fold,636,77,48,0,0,4,0,4
g013170,4fold,636,93,64,0,0,2,0,2
g013170,2fold,636,92,67,0,0,2,0,2
g013176,4fold,636,91,63,0,0,5,0,5
g013176,2fold,636,94,64,0,0,5,0,5
g013177,4fold,636,112,73,0,0,2,0,2
g013177,2fold,636,77,44,0,0,2,0,2
g013186,4fold,633,97,66,0,0,3,0,3
g013186,2fold,633,90,64,0,0,3,0,3
g013187,4fold,633,79,55,0,0,4,0,4
g013187,2fold,633,109,78,0,0,4,0,4
g013206,4fold,633,59,38,0,0,2,0,2
g013206,2fold,633,119,84,0,0,2,0,2
g013215,4fold,630,123,73,0,0,4,0,4
g013215,2fold,630,63,46,0,0,4,0,4
g013218,4fold,630,142,105,0,0,2,0,2
g013218,2fold,630,43,25,0,0,2,0,2
g013220,4fold,630,124,92,0,0,3,0,3
g013220,2fold,630,67,46,0,0,3,0,3
g013225,4fold,630,119,92,0,0,2,0,2
g013225,2fold,630,63,45,0,0,2,0,2
g013226,4fold,630,92,60,0,0,2,0,2
g013226,2fold,630,94,58,0.0172413793103448,0.0172413793103448,2,1,2
g013838,4fold,786,151,78,0,0,9,0,9
g013838,2fold,786,86,51,0,0,9,0,9
g013841,4fold,786,95,46,0,0,4,0,4
g013841,2fold,786,132,75,0,0,4,0,4
g013847,4fold,783,121,70,0,0,2,0,2
g013847,2fold,783,108,59,0,0,2,0,2
g013848,4fold,783,148,72,0.00277777777777778,0.00490952447748632,10,1,10
g013848,2fold,783,86,50,0,0,10,0,10
g013854,4fold,783,120,70,0,0,4,0,4
g013854,2fold,783,118,61,0,0,4,0,4
g013856,4fold,783,123,67,0,0,4,0,4
g013856,2fold,783,114,57,0,0,4,0,4
g013863,4fold,780,129,60,0,0,44,0,44
g013863,2fold,780,105,52,0.00396405919661733,0.0044208678917026,44,1,44
g013864,4fold,780,125,69,0,0,9,0,9
g013864,2fold,780,107,58,0,0,9,0,9
g013865,4fold,780,99,53,0,0,2,0,2
g013865,2fold,780,134,76,0,0,2,0,2
g013869,4fold,780,125,73,0,0,2,0,2
g013869,2fold,780,107,52,0,0,2,0,2
g013871,4fold,780,130,73,0,0,4,0,4
g013871,2fold,780,105,61,0,0,4,0,4
g013879,4fold,777,103,59,0,0,2,0,2
g013879,2fold,777,124,69,0,0,2,0,2
g013881,4fold,777,125,69,0,0,3,0,3
g013881,2fold,777,106,61,0,0,3,0,3
g013889,4fold,777,113,60,0,0,4,0,4
g013889,2fold,777,120,72,0,0,4,0,4
g013916,4fold,771,114,65,0,0,2,0,2
g013916,2fold,771,115,59,0,0,2,0,2
g013921,4fold,768,159,88,0,0,2,0,2
g013921,2fold,768,68,40,0,0,2,0,2
g013922,4fold,768,155,86,0,0,24,0,24
g013922,2fold,768,65,37,0,0,24,0,24
g013924,4fold,768,113,73,0,0,3,0,3
g013924,2fold,768,121,71,0,0,3,0,3
g013928,4fold,768,112,64,0,0,4,0,4
g013928,2fold,768,124,68,0,0,4,0,4
g013929,4fold,768,101,59,0,0,2,0,2
g013929,2fold,768,104,64,0,0,2,0,2
g013945,4fold,765,122,73,0,0,27,0,27
g013945,2fold,765,111,61,0,0,27,0,27
g013946,4fold,765,125,77,0,0,2,0,2
g013946,2fold,765,108,66,0,0,2,0,2
g013954,4fold,765,78,46,0,0,6,0,6
g013954,2fold,765,139,77,0,0,6,0,6
g013963,4fold,762,71,42,0,0,16,0,16
g013963,2fold,762,153,90,0,0,16,0,16
g013964,4fold,762,131,80,0,0,24,0,24
g013964,2fold,762,97,67,0,0,24,0,24
g013966,4fold,762,81,43,0,0,3,0,3
g013966,2fold,762,145,75,0,0,3,0,3
g013981,4fold,759,121,69,0,0,6,0,6
g013981,2fold,759,112,57,0,0,6,0,6
g013985,4fold,759,127,76,0,0,4,0,4
g013985,2fold,759,104,62,0,0,4,0,4
g013986,4fold,759,125,73,0.0091324200913242,0.0091324200913242,3,1,3
g013986,2fold,759,99,53,0,0,3,0,3
g013987,4fold,759,121,68,0,0,3,0,3
g013987,2fold,759,110,70,0,0,3,0,3
g013993,4fold,759,122,72,0,0,2,0,2
g013993,2fold,759,100,61,0,0,2,0,2
g014017,4fold,753,98,56,0.0064935064935065,0.0121934697195502,11,2,11
g014017,2fold,753,130,73,0,0,11,0,11
g014023,4fold,753,113,63,0,0,5,0,5
g014023,2fold,753,111,63,0,0,5,0,5
g014046,4fold,747,103,56,0,0,2,0,2
g014046,2fold,747,116,65,0,0,2,0,2
g014049,4fold,747,116,66,0,0,2,0,2
g014049,2fold,747,106,58,0,0,2,0,2
g014050,4fold,747,108,62,0,0,3,0,3
g014050,2fold,747,115,60,0,0,3,0,3
g014055,4fold,747,115,70,0,0,3,0,3
g014055,2fold,747,106,65,0,0,3,0,3
g014060,4fold,744,114,68,0,0,24,0,24
g014060,2fold,744,114,68,0,0,24,0,24
g014063,4fold,744,106,59,0,0,4,0,4
g014063,2fold,744,114,58,0,0,4,0,4
g014075,4fold,744,101,59,0,0,4,0,4
g014075,2fold,744,124,78,0,0,4,0,4
g014078,4fold,744,111,62,0,0,3,0,3
g014078,2fold,744,102,55,0,0,3,0,3
g014084,4fold,741,102,59,0,0,3,0,3
g014084,2fold,741,123,77,0,0,3,0,3
g014086,4fold,741,115,68,0,0,2,0,2
g014086,2fold,741,99,65,0,0,2,0,2
g014099,4fold,738,70,37,0,0,5,0,5
g014099,2fold,738,146,81,0,0,5,0,5
g014106,4fold,738,151,75,0,0,2,0,2
g014106,2fold,738,80,47,0,0,2,0,2
g014115,4fold,735,140,82,0,0,2,0,2
g014115,2fold,735,86,46,0,0,2,0,2
g014119,4fold,735,52,30,0,0,2,0,2
g014119,2fold,735,147,88,0,0,2,0,2
g014137,4fold,732,123,72,0,0,2,0,2
g014137,2fold,732,96,60,0,0,2,0,2
g014148,4fold,729,72,42,0,0,8,0,8
g014148,2fold,729,143,86,0,0,8,0,8
g014155,4fold,726,112,62,0,0,2,0,2
g014155,2fold,726,107,61,0,0,2,0,2
g014156,4fold,726,80,41,0,0,2,0,2
g014156,2fold,726,127,77,0,0,2,0,2
g014158,4fold,726,143,78,0,0,6,0,6
g014158,2fold,726,82,53,0,0,6,0,6
g014165,4fold,726,76,38,0,0,2,0,2
g014165,2fold,726,128,79,0,0,2,0,2
g014171,4fold,723,154,93,0,0,2,0,2
g014171,2fold,723,70,44,0,0,2,0,2
g014172,4fold,723,104,64,0,0,5,0,5
g014172,2fold,723,115,71,0,0,5,0,5
g014174,4fold,723,92,53,0,0,2,0,2
g014174,2fold,723,117,63,0,0,2,0,2
g014175,4fold,723,112,69,0,0,2,0,2
g014175,2fold,723,111,67,0,0,2,0,2
g014209,4fold,714,83,53,0,0,4,0,4
g014209,2fold,714,127,76,0,0,4,0,4
g014211,4fold,714,97,63,0.0158730158730159,0.0158730158730159,2,1,2
g014211,2fold,714,112,69,0,0,2,0,2
g014220,4fold,711,91,50,0,0,4,0,4
g014220,2fold,711,109,67,0,0,4,0,4
g014225,4fold,711,106,66,0,0,4,0,4
g014225,2fold,711,113,77,0,0,4,0,4
g014227,4fold,711,59,34,0.00980392156862745,0.012881064834693,6,1,6
g014227,2fold,711,48,23,0,0,6,0,6
g014231,4fold,708,108,64,0.046875,0.046875,2,3,2
g014231,2fold,708,98,68,0.0294117647058824,0.0294117647058824,2,2,2
g014232,4fold,708,98,60,0,0,2,0,2
g014232,2fold,708,107,68,0,0,2,0,2
g014237,4fold,708,119,71,0.0422535211267606,0.0422535211267606,2,3,2
g014237,2fold,708,92,54,0,0,2,0,2
g014244,4fold,705,102,69,0,0,3,0,3
g014244,2fold,705,109,64,0,0,3,0,3
g014266,4fold,702,117,70,0,0,4,0,4
g014266,2fold,702,108,64,0,0,4,0,4
g014268,4fold,702,77,47,0,0,4,0,4
g014268,2fold,702,132,69,0,0,4,0,4
g014274,4fold,702,77,50,0,0,2,0,2
g014274,2fold,702,123,84,0,0,2,0,2
g014283,4fold,699,129,80,0.0168181818181818,0.0170708576073703,11,4,11
g014283,2fold,699,91,58,0,0,11,0,11
g014301,4fold,696,108,74,0,0,3,0,3
g014301,2fold,696,96,66,0,0,3,0,3
g014302,4fold,696,75,51,0,0,5,0,5
g014302,2fold,696,123,70,0.00571428571428571,0.00685714285714286,5,1,5
g014304,4fold,696,73,51,0,0,2,0,2
g014304,2fold,696,125,78,0,0,2,0,2
g014312,4fold,630,124,77,0,0,2,0,2
g014312,2fold,630,61,35,0,0,2,0,2
g014323,4fold,627,94,61,0,0,7,0,7
g014323,2fold,627,89,63,0,0,7,0,7
g014330,4fold,627,108,81,0,0,4,0,4
g014330,2fold,627,77,56,0,0,4,0,4
g014334,4fold,627,98,70,0,0,2,0,2
g014334,2fold,627,85,58,0,0,2,0,2
g014342,4fold,624,94,63,0,0,13,0,13
g014342,2fold,624,82,56,0.0100732600732601,0.0115088176143035,13,2,13
g014343,4fold,624,77,52,0,0,3,0,3
g014343,2fold,624,105,67,0,0,3,0,3
g014362,4fold,621,63,40,0,0,3,0,3
g014362,2fold,621,113,78,0,0,3,0,3
g014367,4fold,621,80,50,0,0,2,0,2
g014367,2fold,621,103,73,0,0,2,0,2
g014377,4fold,618,72,54,0,0,10,0,10
g014377,2fold,618,115,81,0,0,10,0,10
g014388,4fold,618,91,64,0,0,2,0,2
g014388,2fold,618,94,63,0,0,2,0,2
g014391,4fold,615,107,79,0,0,2,0,2
g014391,2fold,615,79,62,0,0,2,0,2
g014392,4fold,615,120,85,0,0,6,0,6
g014392,2fold,615,64,47,0,0,6,0,6
g014393,4fold,615,97,61,0,0,6,0,6
g014393,2fold,615,82,59,0,0,6,0,6
g014394,4fold,615,90,65,0,0,2,0,2
g014394,2fold,615,94,72,0,0,2,0,2
g014395,4fold,615,106,79,0.00843881856540084,0.00843881856540084,3,1,3
g014395,2fold,615,75,50,0,0,3,0,3
g014409,4fold,612,74,53,0,0,2,0,2
g014409,2fold,612,113,77,0,0,2,0,2
g014428,4fold,609,68,53,0,0,4,0,4
g014428,2fold,609,110,73,0,0,4,0,4
g014441,4fold,606,80,56,0,0,2,0,2
g014441,2fold,606,96,68,0,0,2,0,2
g014442,4fold,606,80,58,0,0,6,0,6
g014442,2fold,606,94,72,0,0,6,0,6
g014453,4fold,603,104,79,0,0,2,0,2
g014453,2fold,603,70,54,0,0,2,0,2
g014454,4fold,603,99,64,0,0,2,0,2
g014454,2fold,603,81,64,0,0,2,0,2
g014459,4fold,603,101,74,0,0,2,0,2
g014459,2fold,603,74,52,0,0,2,0,2
g014460,4fold,603,109,82,0,0,11,0,11
g014460,2fold,603,67,45,0,0,11,0,11
g014465,4fold,603,111,74,0,0,2,0,2
g014465,2fold,603,69,55,0,0,2,0,2
g014467,4fold,603,116,90,0,0,4,0,4
g014467,2fold,603,59,38,0,0,4,0,4
g014475,4fold,603,74,53,0,0,2,0,2
g014475,2fold,603,90,63,0,0,2,0,2
g014479,4fold,600,80,59,0,0,17,0,17
g014479,2fold,600,91,66,0,0,17,0,17
g014484,4fold,600,102,72,0,0,3,0,3
g014484,2fold,600,77,60,0,0,3,0,3
g014486,4fold,600,98,76,0,0,2,0,2
g014486,2fold,600,87,64,0,0,2,0,2
g014503,4fold,597,81,59,0,0,3,0,3
g014503,2fold,597,89,64,0,0,3,0,3
g014504,4fold,597,89,68,0,0,6,0,6
g014504,2fold,597,83,60,0,0,6,0,6
g014521,4fold,597,83,60,0,0,2,0,2
g014521,2fold,597,90,65,0,0,2,0,2
g014559,4fold,591,81,54,0,0,6,0,6
g014559,2fold,591,103,78,0,0,6,0,6
g014568,4fold,591,100,74,0,0,2,0,2
g014568,2fold,591,79,61,0,0,2,0,2
g014580,4fold,588,71,49,0,0,12,0,12
g014580,2fold,588,101,76,0,0,12,0,12
g014584,4fold,588,100,70,0,0,2,0,2
g014584,2fold,588,79,64,0,0,2,0,2
g014596,4fold,588,98,75,0,0,5,0,5
g014596,2fold,588,77,56,0,0,5,0,5
g014607,4fold,585,83,61,0,0,52,0,52
g014607,2fold,585,93,64,0.000600961538461539,0.0034577663144128,52,1,52
g014609,4fold,585,107,86,0,0,2,0,2
g014609,2fold,585,72,55,0,0,2,0,2
g014610,4fold,585,81,55,0,0,3,0,3
g014610,2fold,585,86,60,0,0,3,0,3
g014615,4fold,585,107,76,0,0,11,0,11
g014615,2fold,585,69,49,0,0,11,0,11
g014628,4fold,582,105,86,0,0,6,0,6
g014628,2fold,582,66,47,0,0,6,0,6
g014631,4fold,582,92,69,0,0,2,0,2
g014631,2fold,582,79,61,0,0,2,0,2
g014637,4fold,582,117,89,0,0,3,0,3
g014637,2fold,582,65,47,0,0,3,0,3
g014650,4fold,579,98,77,0,0,2,0,2
g014650,2fold,579,77,59,0,0,2,0,2
g014659,4fold,579,79,57,0,0,2,0,2
g014659,2fold,579,96,78,0,0,2,0,2
g014679,4fold,576,80,59,0,0,2,0,2
g014679,2fold,576,89,69,0,0,2,0,2
g014680,4fold,576,79,62,0,0,12,0,12
g014680,2fold,576,86,67,0,0,12,0,12
g014687,4fold,576,97,71,0,0,6,0,6
g014687,2fold,576,79,61,0,0,6,0,6
g014694,4fold,576,71,54,0,0,2,0,2
g014694,2fold,576,94,69,0,0,2,0,2
g014698,4fold,576,70,55,0,0,2,0,2
g014698,2fold,576,102,77,0,0,2,0,2
g014708,4fold,576,119,87,0,0,3,0,3
g014708,2fold,576,57,37,0,0,3,0,3
g014711,4fold,573,85,69,0,0,2,0,2
g014711,2fold,573,76,55,0,0,2,0,2
g014713,4fold,573,58,50,0,0,2,0,2
g014713,2fold,573,106,77,0,0,2,0,2
g014714,4fold,573,88,67,0,0,3,0,3
g014714,2fold,573,87,65,0,0,3,0,3
g014718,4fold,573,84,63,0,0,2,0,2
g014718,2fold,573,86,63,0,0,2,0,2
g014739,4fold,570,82,66,0,0,4,0,4
g014739,2fold,570,87,67,0,0,4,0,4
g014756,4fold,567,99,73,0,0,14,0,14
g014756,2fold,567,74,51,0,0,14,0,14
g014761,4fold,567,63,47,0,0,2,0,2
g014761,2fold,567,102,81,0,0,2,0,2
g014766,4fold,567,79,58,0,0,2,0,2
g014766,2fold,567,87,67,0.0149253731343284,0.0149253731343284,2,1,2
g014781,4fold,564,94,68,0,0,15,0,15
g014781,2fold,564,68,51,0,0,15,0,15
g014787,4fold,564,91,70,0,0,2,0,2
g014787,2fold,564,81,67,0,0,2,0,2
g014789,4fold,564,86,68,0.0147058823529412,0.0147058823529412,2,1,2
g014789,2fold,564,86,62,0.0161290322580645,0.0161290322580645,2,1,2
g014792,4fold,564,109,88,0,0,2,0,2
g014792,2fold,564,70,59,0,0,2,0,2
g014793,4fold,564,107,84,0,0,2,0,2
g014793,2fold,564,67,50,0,0,2,0,2
g014797,4fold,564,62,48,0,0,4,0,4
g014797,2fold,564,96,76,0,0,4,0,4
g014810,4fold,564,103,82,0.00813008130081301,0.00813008130081301,3,1,3
g014810,2fold,564,55,40,0,0,3,0,3
g014812,4fold,561,94,72,0,0,2,0,2
g014812,2fold,561,71,54,0,0,2,0,2
g014815,4fold,561,87,75,0,0,3,0,3
g014815,2fold,561,80,63,0,0,3,0,3
g014828,4fold,561,79,60,0,0,2,0,2
g014828,2fold,561,88,68,0.0147058823529412,0.0147058823529412,2,1,2
g014838,4fold,558,82,59,0,0,5,0,5
g014838,2fold,558,76,58,0,0,5,0,5
g014839,4fold,558,96,73,0,0,3,0,3
g014839,2fold,558,66,57,0,0,3,0,3
g014840,4fold,558,69,53,0,0,3,0,3
g014840,2fold,558,88,70,0,0,3,0,3
g014849,4fold,558,92,73,0,0,2,0,2
g014849,2fold,558,68,56,0,0,2,0,2
g014854,4fold,558,80,66,0.0151515151515152,0.0151515151515152,2,1,2
g014854,2fold,558,85,70,0,0,2,0,2
g014864,4fold,555,92,73,0,0,54,0,54
g014864,2fold,555,71,56,0,0,54,0,54
g014865,4fold,555,101,73,0,0,12,0,12
g014865,2fold,555,66,56,0,0,12,0,12
g014866,4fold,555,93,66,0,0,4,0,4
g014866,2fold,555,76,61,0,0,4,0,4
g014868,4fold,555,79,64,0,0,2,0,2
g014868,2fold,555,87,68,0,0,2,0,2
g014875,4fold,555,70,53,0,0,2,0,2
g014875,2fold,555,91,68,0,0,2,0,2
g014877,4fold,555,60,43,0,0,2,0,2
g014877,2fold,555,94,81,0,0,2,0,2
g014878,4fold,555,69,58,0,0,2,0,2
g014878,2fold,555,92,68,0,0,2,0,2
g014892,4fold,552,96,76,0,0,3,0,3
g014892,2fold,552,71,56,0,0,3,0,3
g014897,4fold,552,87,65,0,0,6,0,6
g014897,2fold,552,82,67,0,0,6,0,6
g014907,4fold,552,66,55,0.0363636363636364,0.0363636363636364,2,2,2
g014907,2fold,552,90,72,0,0,2,0,2
g014933,4fold,549,76,62,0,0,2,0,2
g014933,2fold,549,81,63,0,0,2,0,2
g014939,4fold,549,88,68,0,0,3,0,3
g014939,2fold,549,76,62,0,0,3,0,3
g014953,4fold,546,106,85,0.00640138408304498,0.0104397950021273,17,3,17
g014953,2fold,546,61,46,0.00671355498721228,0.00643030851580303,17,1,17
g014955,4fold,546,66,58,0,0,2,0,2
g014955,2fold,546,84,63,0,0,2,0,2
g014957,4fold,546,83,64,0,0,3,0,3
g014957,2fold,546,78,60,0,0,3,0,3
g014971,4fold,546,95,75,0,0,3,0,3
g014971,2fold,546,68,56,0,0,3,0,3
g014982,4fold,543,88,70,0,0,93,0,93
g014982,2fold,543,73,60,0,0,93,0,93
g014986,4fold,543,113,94,0,0,11,0,11
g014986,2fold,543,59,51,0,0,11,0,11
g014993,4fold,543,103,77,0,0,2,0,2
g014993,2fold,543,64,53,0,0,2,0,2
g014997,4fold,543,88,65,0,0,4,0,4
g014997,2fold,543,79,65,0,0,4,0,4
g015018,4fold,540,72,63,0,0,6,0,6
g015018,2fold,540,87,71,0,0,6,0,6
g015021,4fold,540,65,52,0,0,2,0,2
g015021,2fold,540,90,72,0,0,2,0,2
g015022,4fold,540,75,60,0.0166666666666667,0.0166666666666667,2,1,2
g015022,2fold,540,81,65,0,0,2,0,2
g015027,4fold,540,107,85,0.0549019607843137,0.0566766852726492,6,11,6
g015027,2fold,540,61,50,0,0,6,0,6
g015035,4fold,540,106,91,0,0,2,0,2
g015035,2fold,540,68,62,0,0,2,0,2
g015036,4fold,540,73,60,0,0,2,0,2
g015036,2fold,540,79,62,0,0,2,0,2
g015039,4fold,540,90,71,0,0,2,0,2
g015039,2fold,540,82,68,0,0,2,0,2
g015049,4fold,537,136,112,0,0,4,0,4
g015049,2fold,537,30,23,0,0,4,0,4
g015052,4fold,537,77,65,0,0,2,0,2
g015052,2fold,537,83,70,0,0,2,0,2
g015053,4fold,537,87,69,0,0,2,0,2
g015053,2fold,537,71,58,0,0,2,0,2
g015054,4fold,537,95,86,0,0,2,0,2
g015054,2fold,537,65,53,0,0,2,0,2
g015056,4fold,537,63,54,0,0,6,0,6
g015056,2fold,537,82,64,0,0,6,0,6
g015080,4fold,531,83,68,0,0,5,0,5
g015080,2fold,531,74,63,0,0,5,0,5
g015081,4fold,531,78,62,0,0,3,0,3
g015081,2fold,531,75,61,0,0,3,0,3
g015082,4fold,531,71,59,0,0,4,0,4
g015082,2fold,531,84,66,0,0,4,0,4
g015091,4fold,531,96,83,0,0,2,0,2
g015091,2fold,531,64,55,0,0,2,0,2
g015101,4fold,528,96,76,0,0,52,0,52
g015101,2fold,528,67,59,0,0,52,0,52
g015111,4fold,528,72,62,0,0,2,0,2
g015111,2fold,528,90,73,0,0,2,0,2
g015120,4fold,525,68,56,0,0,4,0,4
g015120,2fold,525,84,67,0,0,4,0,4
g015124,4fold,525,91,75,0.0266666666666667,0.0266666666666667,2,2,2
g015124,2fold,525,62,54,0.0185185185185185,0.0185185185185185,2,1,2
g015125,4fold,525,81,70,0,0,2,0,2
g015125,2fold,525,78,62,0,0,2,0,2
g015128,4fold,525,61,55,0,0,2,0,2
g015128,2fold,525,89,77,0,0,2,0,2
g015129,4fold,525,93,74,0,0,2,0,2
g015129,2fold,525,66,57,0,0,2,0,2
g015141,4fold,522,91,77,0.000481000481000481,0.00284995921418156,54,1,54
g015141,2fold,522,63,55,0,0,54,0,54
g015142,4fold,522,80,62,0,0,24,0,24
g015142,2fold,522,77,62,0,0,24,0,24
g015143,4fold,522,75,61,0,0,2,0,2
g015143,2fold,522,71,56,0,0,2,0,2
g015148,4fold,522,65,57,0,0,3,0,3
g015148,2fold,522,83,71,0.00938967136150235,0.00938967136150235,3,1,3
g015151,4fold,522,80,71,0,0,4,0,4
g015151,2fold,522,72,55,0,0,4,0,4
g015158,4fold,522,85,70,0,0,2,0,2
g015158,2fold,522,69,59,0,0,2,0,2
g015169,4fold,519,68,58,0,0,2,0,2
g015169,2fold,519,93,77,0,0,2,0,2
g015170,4fold,519,78,69,0,0,2,0,2
g015170,2fold,519,76,61,0,0,2,0,2
g015190,4fold,516,55,46,0,0,52,0,52
g015190,2fold,516,97,73,0,0,52,0,52
g015205,4fold,516,77,70,0,0,2,0,2
g015205,2fold,516,79,71,0,0,2,0,2
g015209,4fold,516,60,52,0,0,2,0,2
g015209,2fold,516,93,80,0,0,2,0,2
g015214,4fold,513,98,83,0,0,3,0,3
g015214,2fold,513,57,49,0,0,3,0,3
g015220,4fold,513,70,61,0.0300546448087432,0.0268256333830104,4,3,4
g015220,2fold,513,85,69,0,0,4,0,4
g015233,4fold,513,97,79,0,0,2,0,2
g015233,2fold,513,57,51,0,0,2,0,2
g015234,4fold,510,75,64,0,0,15,0,15
g015234,2fold,510,71,59,0,0,15,0,15
g015237,4fold,510,69,56,0,0,4,0,4
g015237,2fold,510,83,73,0,0,4,0,4
g015239,4fold,510,98,85,0,0,3,0,3
g015239,2fold,510,58,52,0,0,3,0,3
g015242,4fold,510,60,54,0,0,5,0,5
g015242,2fold,510,78,65,0,0,5,0,5
g015262,4fold,507,92,76,0.00290247678018576,0.00389202883851236,17,1,17
g015262,2fold,507,47,42,0,0,17,0,17
g015268,4fold,507,62,52,0,0,4,0,4
g015268,2fold,507,83,77,0,0,4,0,4
g015281,4fold,504,81,70,0,0,2,0,2
g015281,2fold,504,71,58,0,0,2,0,2
g015282,4fold,504,76,68,0,0,2,0,2
g015282,2fold,504,76,68,0,0,2,0,2
g015287,4fold,504,65,58,0,0,6,0,6
g015287,2fold,504,78,67,0,0,6,0,6
g015292,4fold,504,75,66,0,0,3,0,3
g015292,2fold,504,76,67,0,0,3,0,3
g015293,4fold,504,78,67,0,0,4,0,4
g015293,2fold,504,70,60,0.00833333333333333,0.00909090909090909,4,1,4
g015306,4fold,501,58,50,0,0,4,0,4
g015306,2fold,501,95,82,0,0,4,0,4
g015325,4fold,498,74,68,0,0,3,0,3
g015325,2fold,498,74,61,0,0,3,0,3
g015339,4fold,495,83,71,0,0,2,0,2
g015339,2fold,495,64,55,0,0,2,0,2
g015341,4fold,495,84,73,0.0091324200913242,0.0091324200913242,3,1,3
g015341,2fold,495,67,62,0,0,3,0,3
g015343,4fold,495,59,54,0,0,2,0,2
g015343,2fold,495,87,80,0,0,2,0,2
g015348,4fold,492,70,64,0,0,69,0,69
g015348,2fold,492,75,71,0.00118871798566334,0.00293179353638682,69,1,69
g015350,4fold,492,92,80,0,0,24,0,24
g015350,2fold,492,44,35,0,0,24,0,24
g015351,4fold,492,93,86,0.00465116279069767,0.00558139534883721,5,1,5
g015351,2fold,492,55,44,0,0,5,0,5
g015352,4fold,492,72,64,0,0,10,0,10
g015352,2fold,492,73,65,0.00854700854700855,0.0054382424981387,10,1,10
g015353,4fold,492,98,88,0,0,5,0,5
g015353,2fold,492,47,42,0,0,5,0,5
g015354,4fold,492,73,66,0,0,2,0,2
g015354,2fold,492,80,74,0,0,2,0,2
g015356,4fold,492,79,66,0,0,4,0,4
g015356,2fold,492,68,62,0,0,4,0,4
g015357,4fold,492,81,71,0,0,3,0,3
g015357,2fold,492,67,57,0,0,3,0,3
g015373,4fold,489,89,84,0,0,2,0,2
g015373,2fold,489,58,53,0,0,2,0,2
g015381,4fold,489,109,98,0,0,2,0,2
g015381,2fold,489,48,44,0,0,2,0,2
g015385,4fold,489,90,79,0.00843881856540084,0.00843881856540084,3,1,3
g015385,2fold,489,56,49,0,0,3,0,3
g015387,4fold,489,67,57,0,0,2,0,2
g015387,2fold,489,81,66,0,0,2,0,2
g015388,4fold,489,43,35,0,0,6,0,6
g015388,2fold,489,91,81,0,0,6,0,6
g015405,4fold,486,85,79,0,0,26,0,26
g015405,2fold,486,61,56,0,0,26,0,26
g015408,4fold,486,67,62,0,0,4,0,4
g015408,2fold,486,72,66,0,0,4,0,4
g015411,4fold,486,82,71,0,0,6,0,6
g015411,2fold,486,63,55,0,0,6,0,6
g015415,4fold,486,94,88,0,0,10,0,10
g015415,2fold,486,57,49,0,0,10,0,10
g015436,4fold,483,81,70,0,0,16,0,16
g015436,2fold,483,70,67,0,0,16,0,16
g015445,4fold,483,55,47,0,0,5,0,5
g015445,2fold,483,90,79,0,0,5,0,5
g015446,4fold,483,79,70,0,0,2,0,2
g015446,2fold,483,61,55,0,0,2,0,2
g015447,4fold,483,45,43,0,0,4,0,4
g015447,2fold,483,98,90,0,0,4,0,4
g015448,4fold,483,94,86,0,0,2,0,2
g015448,2fold,483,55,48,0,0,2,0,2
g015452,4fold,483,63,54,0,0,2,0,2
g015452,2fold,483,80,74,0.0135135135135135,0.0135135135135135,2,1,2
g015456,4fold,483,73,68,0.0147058823529412,0.0147058823529412,2,1,2
g015456,2fold,483,72,67,0,0,2,0,2
g015465,4fold,480,65,62,0,0,2,0,2
g015465,2fold,480,67,57,0,0,2,0,2
g015466,4fold,480,85,77,0.0103896103896104,0.0124675324675325,5,2,5
g015466,2fold,480,63,59,0,0,5,0,5
g015471,4fold,480,76,69,0,0,9,0,9
g015471,2fold,480,67,60,0,0,9,0,9
g015487,4fold,480,51,48,0,0,3,0,3
g015487,2fold,480,86,79,0,0,3,0,3
g015499,4fold,477,76,70,0.000952380952380954,0.00360599765037908,30,1,30
g015499,2fold,477,62,56,0,0,30,0,30
g017412,4fold,477,73,67,0,0,2,0,2
g017412,2fold,477,65,60,0,0,2,0,2
g017423,4fold,474,75,68,0,0,2,0,2
g017423,2fold,474,65,59,0,0,2,0,2
g017428,4fold,474,78,73,0,0,3,0,3
g017428,2fold,474,60,53,0,0,3,0,3
g017429,4fold,474,57,56,0,0,3,0,3
g017429,2fold,474,81,75,0,0,3,0,3
g017434,4fold,474,72,67,0,0,2,0,2
g017434,2fold,474,76,70,0,0,2,0,2
g017440,4fold,471,43,40,0,0,3,0,3
g017440,2fold,471,85,78,0,0,3,0,3
g017441,4fold,471,65,59,0,0,5,0,5
g017441,2fold,471,65,61,0,0,5,0,5
g017443,4fold,471,66,60,0,0,21,0,21
g017443,2fold,471,77,72,0,0,21,0,21
g017447,4fold,471,79,73,0,0,4,0,4
g017447,2fold,471,62,58,0,0,4,0,4
g017454,4fold,468,42,41,0,0,2,0,2
g017454,2fold,468,97,92,0,0,2,0,2
g017457,4fold,468,51,47,0,0,2,0,2
g017457,2fold,468,84,76,0,0,2,0,2
g017479,4fold,468,63,59,0,0,3,0,3
g017479,2fold,468,73,62,0,0,3,0,3
g017492,4fold,465,61,57,0,0,3,0,3
g017492,2fold,465,80,76,0,0,3,0,3
g017502,4fold,462,47,43,0,0,4,0,4
g017502,2fold,462,86,80,0,0,4,0,4
g017512,4fold,462,46,42,0.0238095238095238,0.0238095238095238,2,1,2
g017512,2fold,462,86,82,0,0,2,0,2
g017518,4fold,459,85,82,0,0,2,0,2
g017518,2fold,459,56,53,0,0,2,0,2
g017520,4fold,459,73,68,0,0,6,0,6
g017520,2fold,459,62,53,0,0,6,0,6
g017525,4fold,459,70,70,0,0,3,0,3
g017525,2fold,459,62,59,0,0,3,0,3
g017529,4fold,459,83,80,0,0,2,0,2
g017529,2fold,459,60,59,0,0,2,0,2
g017530,4fold,459,65,60,0,0,2,0,2
g017530,2fold,459,67,63,0,0,2,0,2
g017554,4fold,453,73,69,0.0173913043478261,0.0208695652173913,5,3,5
g017554,2fold,453,64,62,0,0,5,0,5
g017555,4fold,453,70,66,0,0,5,0,5
g017555,2fold,453,65,61,0,0,5,0,5
g017556,4fold,453,84,83,0,0,5,0,5
g017556,2fold,453,56,53,0,0,5,0,5
g017558,4fold,453,61,58,0,0,2,0,2
g017558,2fold,453,76,71,0,0,2,0,2
g017559,4fold,453,70,69,0,0,3,0,3
g017559,2fold,453,69,67,0,0,3,0,3
g017560,4fold,453,71,65,0,0,2,0,2
g017560,2fold,453,65,63,0,0,2,0,2
g017575,4fold,450,62,61,0.00771456123432979,0.0193963404411108,17,4,17
g017575,2fold,450,74,73,0.0106768734891217,0.0162079009165446,17,4,17
g017578,4fold,450,46,41,0,0,4,0,4
g017578,2fold,450,82,81,0,0,4,0,4
g017580,4fold,450,76,74,0.027027027027027,0.027027027027027,2,2,2
g017580,2fold,450,60,60,0.0166666666666667,0.0166666666666667,2,1,2
g017604,4fold,447,71,69,0,0,26,0,26
g017604,2fold,447,65,64,0,0,26,0,26
g017606,4fold,447,74,73,0.0136986301369863,0.0136986301369863,2,1,2
g017606,2fold,447,60,60,0,0,2,0,2
g017624,4fold,444,60,60,0,0,38,0,38
g017624,2fold,444,72,71,0,0,38,0,38
g017626,4fold,444,62,59,0,0,5,0,5
g017626,2fold,444,70,69,0,0,5,0,5
g017631,4fold,444,33,33,0.0303030303030303,0.0303030303030303,2,1,2
g017631,2fold,444,91,88,0.0227272727272727,0.0227272727272727,2,2,2
g017633,4fold,444,61,60,0,0,2,0,2
g017633,2fold,444,65,62,0,0,2,0,2
g017655,4fold,441,68,67,0,0,6,0,6
g017655,2fold,441,61,60,0,0,6,0,6
g017659,4fold,441,72,71,0,0,2,0,2
g017659,2fold,441,58,58,0,0,2,0,2
g017662,4fold,441,79,77,0,0,3,0,3
g017662,2fold,441,57,57,0,0,3,0,3
g017666,4fold,441,64,63,0,0,2,0,2
g017666,2fold,441,69,69,0,0,2,0,2
g017699,4fold,435,72,72,0.000417350501102596,0.00473376793037589,199,2,199
g017699,2fold,435,57,57,0.000352640394957242,0.00597949633310638,199,2,199
g017700,4fold,435,80,80,0,0,24,0,24
g017700,2fold,435,35,35,0,0,24,0,24
g017701,4fold,435,72,72,0,0,2,0,2
g017701,2fold,435,62,62,0,0,2,0,2
g017702,4fold,435,53,53,0,0,2,0,2
g017702,2fold,435,70,70,0,0,2,0,2
g017703,4fold,435,62,62,0,0,4,0,4
g017703,2fold,435,61,61,0,0,4,0,4
g017721,4fold,435,65,65,0,0,2,0,2
g017721,2fold,435,63,63,0,0,2,0,2
