gene_family,consistencyindex,counts,minimumnumberchangesontree,parsimony_score,par_gains,par_losses,par_anc_state,number_genomes,syn_jun,pis_out,phy_par_keep
g000108_2,0.333333333333333,256:4,3,3,3,0,0,4,0,0,0
g000109_3,0.25,256:4,4,4,4,0,0,4,1,1,0
g000123,0.0588235294117647,24:236,17,17,2,16,1,236,1,1,0
g000135,0.333333333333333,3:257,3,3,0,3,1,257,0,0,1
g000139,0.142857142857143,7:253,7,7,0,7,1,253,0,0,1
g000140_2,0.5,258:2,2,2,2,0,0,2,1,0,0
g000145,0.25,9:251,4,4,0,4,1,251,1,0,1
g000150_3,0.05,198:62,20,20,11,9,0,62,1,0,0
g000150_4,0.166666666666667,250:10,6,6,6,0,0,10,1,0,0
g000159,0.25,4:256,4,4,0,4,1,256,0,0,1
g000168,0.25,4:256,4,4,0,4,1,256,1,0,1
g000174,0.333333333333333,3:257,3,3,0,3,1,257,0,0,1
g000200,0.5,4:256,2,2,0,2,1,256,1,0,1
g000202,0.25,8:252,4,4,0,4,1,252,0,0,1
g000210,0.0909090909090909,19:241,11,11,1,11,1,241,0,0,0
g000214,0.5,3:257,2,2,0,2,1,257,1,0,1
g000222,0.142857142857143,45:215,7,7,0,7,1,215,1,0,1
g000236_2,0.333333333333333,256:4,3,3,3,0,0,4,2,0,0
g000242_2,0.037037037037037,115:145,27,27,22,7,0,145,1,0,0
g000247_2,0.142857142857143,252:8,7,7,7,0,0,8,2,1,0
g000255,0.0769230769230769,17:243,13,13,0,13,1,243,2,0,1
g000264,0.0666666666666667,21:239,15,15,0,15,1,239,1,0,1
g000290,0.333333333333333,3:257,3,3,0,3,1,257,1,0,1
g000300,0.0285714285714286,62:198,35,35,4,32,1,198,1,1,0
g000302,0.5,5:255,2,2,0,2,1,255,0,0,1
g000313,0.0833333333333333,18:242,12,12,0,12,1,242,2,0,1
g000314,0.0833333333333333,25:235,12,12,2,10,1,235,1,0,0
g000322,0.024390243902439,75:185,41,41,14,29,1,185,1,0,0
g000332,0.0625,51:209,16,16,2,15,1,209,1,0,0
g000333_2,0.0625,202:58,16,16,12,4,1,58,1,0,0
g000361,0.333333333333333,3:257,3,3,0,3,1,257,0,0,1
g000363,0.0625,41:219,16,16,2,15,1,219,0,0,0
g000371,0.0833333333333333,50:210,12,12,4,8,0,210,1,0,0
g000373,0.0476190476190476,84:176,21,21,8,14,1,176,0,0,0
g000374,0.333333333333333,4:256,3,3,0,3,1,256,1,0,1
g000378,0.25,9:251,4,4,0,4,1,251,1,0,1
g000382,0.333333333333333,3:257,3,3,0,3,1,257,1,0,1
g000391,0.25,7:253,4,4,0,4,1,253,0,0,1
g000403,0.25,4:256,4,4,0,4,1,256,1,0,1
g000406,0.0625,51:209,16,16,4,14,1,209,1,0,0
g000421,0.111111111111111,15:245,9,9,0,9,1,245,1,0,1
g000433,0.25,7:253,4,4,0,4,1,253,0,0,1
g000436,0.5,9:251,2,2,0,2,1,251,0,0,1
g000439,0.166666666666667,6:254,6,6,2,6,1,254,1,0,0
g000440,0.111111111111111,9:251,9,9,1,9,1,251,0,0,0
g000441,0.5,3:257,2,2,0,2,1,257,1,0,1
g000444_1,0.0909090909090909,15:245,11,11,0,11,1,245,2,0,1
g000448_2,0.333333333333333,257:3,3,3,3,0,0,3,2,1,0
g000462,0.5,3:257,2,2,0,2,1,257,1,0,1
g000468,0.03125,45:215,32,32,13,22,1,215,1,0,0
g000484,0.0666666666666667,28:232,15,15,3,14,1,232,0,0,0
g000485,0.25,4:256,4,4,0,4,1,256,1,0,1
g000490_2,0.0909090909090909,247:13,11,11,11,0,0,13,2,1,0
g000496_3,0.333333333333333,257:3,3,3,3,0,0,3,2,1,0
g000497,0.0625,48:212,16,16,1,15,1,212,1,0,0
g000498_2,0.5,258:2,2,2,2,0,0,2,2,1,0
g000514,0.333333333333333,4:256,3,3,0,3,1,256,0,0,1
g000516_1,0.0416666666666667,144:116,24,24,16,14,0,116,1,0,0
g000516_2,0.0416666666666667,185:75,24,24,19,6,0,75,1,0,0
g000516_3,0.0526315789473684,231:29,19,19,18,2,0,29,1,0,0
g000517,0.0625,25:235,16,16,1,16,1,235,0,0,0
g000518_2,0.2,231:29,5,5,4,1,0,29,2,0,0
g000532,0.166666666666667,8:252,6,6,0,6,1,252,1,0,1
g000535,0.0909090909090909,14:246,11,11,0,11,1,246,2,0,1
g000543_2,0.333333333333333,257:3,3,3,3,0,0,3,2,1,0
g000552,0.333333333333333,3:257,3,3,0,3,1,257,0,0,1
g000558,0.142857142857143,7:253,7,7,0,7,1,253,0,0,1
g000567_2,0.25,256:4,4,4,4,0,0,4,2,1,0
g000568,0.166666666666667,7:253,6,6,0,6,1,253,0,0,1
g000583,0.5,4:256,2,2,0,2,1,256,1,0,1
g000604,0.5,11:249,2,2,0,2,1,249,0,0,1
g000619_2,0.142857142857143,167:93,7,7,7,1,0,93,1,0,0
g000634,0.25,4:256,4,4,0,4,1,256,1,0,1
g000642,0.0588235294117647,56:204,17,17,4,14,1,204,1,1,0
g000645,0.25,10:250,4,4,1,3,1,250,1,0,0
g000647,0.04,95:165,25,25,8,18,1,165,1,0,0
g000653_2,0.5,258:2,2,2,2,0,0,2,1,1,0
g000687,0.5,9:251,2,2,0,2,1,251,0,0,1
g000688,0.5,4:256,2,2,0,2,1,256,1,0,1
g000689_2,0.111111111111111,236:24,9,9,7,2,0,24,2,0,0
g000711,0.333333333333333,6:254,3,3,0,3,1,254,0,0,1
g000728_1,0.0263157894736842,189:71,38,38,37,4,0,71,2,1,0
g000728_2,0.333333333333333,242:18,3,3,3,1,0,18,0,0,0
g000730,0.25,9:251,4,4,0,4,1,251,1,0,1
g000737,0.0769230769230769,70:190,13,13,4,10,1,190,1,1,0
g000747,0.0625,51:209,16,16,2,15,1,209,1,0,0
g000752,0.0588235294117647,117:143,17,17,2,15,1,143,1,0,0
g000759,0.0588235294117647,56:204,17,17,4,14,1,204,1,0,0
g000769,0.0285714285714286,217:43,35,35,31,4,0,43,2,0,0
g000771,0.25,4:256,4,4,0,4,1,256,0,0,1
g000775_1,0.0256410256410256,189:71,39,39,38,4,0,71,2,0,0
g000775_2,0.125,237:23,8,8,7,1,0,23,2,0,0
g000780,0.142857142857143,10:250,7,7,0,7,1,250,0,0,1
g000783_2,0.1,250:10,10,10,10,0,0,10,2,0,0
g000814,0.0588235294117647,54:206,17,17,2,15,1,206,1,0,0
g000815,0.0454545454545455,67:193,22,22,13,9,0,193,0,0,0
g000817,0.0232558139534884,77:183,43,43,14,30,1,183,1,0,0
g000823,0.5,4:256,2,2,0,2,1,256,0,0,1
g000830,0.25,6:254,4,4,1,4,1,254,1,0,0
g000834_2,1,258:2,1,1,1,0,0,2,0,0,1
g000837,0.0333333333333333,225:35,30,30,29,4,0,35,0,0,0
g000839_2,0.5,258:2,2,2,2,0,0,2,1,0,0
g000841,0.0769230769230769,23:237,13,13,0,13,1,237,1,0,1
g000849_1,0.333333333333333,3:257,3,3,0,3,1,257,1,0,1
g000849_2,0.25,253:7,4,4,4,0,0,7,1,0,0
g000854,0.0384615384615385,40:220,26,26,6,24,1,220,0,0,0
g000861,0.0666666666666667,28:232,15,15,4,13,1,232,0,0,0
g000872_1,0.0769230769230769,24:236,13,13,1,13,1,236,2,0,0
g000872_2,0.0555555555555556,31:229,18,18,0,18,1,229,1,0,1
g000874,0.0384615384615385,111:149,26,26,14,13,1,149,1,0,0
g000886,0.0526315789473684,104:156,19,19,9,11,1,156,0,0,0
g000903,0.0256410256410256,199:61,39,39,35,8,0,61,2,1,0
g000911,0.0769230769230769,47:213,13,13,6,9,0,213,1,0,0
g000916,1,4:256,1,1,0,1,1,256,1,0,1
g000919,0.25,4:256,4,4,0,4,1,256,0,0,1
g000922,0.333333333333333,3:257,3,3,0,3,1,257,0,0,1
g000927,0.2,7:253,5,5,0,5,1,253,1,0,1
g000930,0.0277777777777778,175:85,36,36,33,7,0,85,2,0,0
g000931,0.0277777777777778,175:85,36,36,33,6,0,85,2,0,0
g000934,0.0256410256410256,197:63,39,39,35,7,0,63,2,1,0
g000935,0.0416666666666667,142:118,24,24,5,19,1,118,1,0,0
g000936,0.0588235294117647,117:143,17,17,3,15,1,143,1,0,0
g000944,0.5,5:255,2,2,0,2,1,255,0,0,1
g000945,0.0526315789473684,35:225,19,19,9,10,0,225,1,0,0
g000952,0.0666666666666667,91:169,15,15,1,15,1,169,0,0,0
g000954,0.0232558139534884,77:183,43,43,15,31,1,183,1,0,0
g000961,0.0256410256410256,181:79,39,39,32,10,0,79,0,0,0
g000968_2,0.0769230769230769,244:16,13,13,13,0,0,16,2,0,0
g000974,0.25,4:256,4,4,0,4,1,256,0,0,1
g000975,0.25,4:256,4,4,0,4,1,256,0,0,1
g000983_2,0.25,256:4,4,4,4,0,0,4,2,1,0
g000988_2,1,258:2,1,1,1,0,0,2,0,0,1
g000990,0.0555555555555556,59:201,18,18,9,11,0,201,1,0,0
g000992,0.333333333333333,6:254,3,3,0,3,1,254,0,0,1
g000993,0.0333333333333333,221:39,30,30,29,2,0,39,2,0,0
g001011,0.142857142857143,8:252,7,7,0,7,1,252,0,0,1
g001016,0.0416666666666667,38:222,24,24,7,20,1,222,0,0,0
g001017,0.032258064516129,222:38,31,31,31,0,0,38,2,1,0
g001028,0.25,6:254,4,4,1,4,1,254,1,0,0
g001037,0.0769230769230769,163:97,13,13,8,5,1,97,1,0,0
g001058,0.0454545454545455,141:119,22,22,6,19,1,119,1,0,0
g001066,0.0625,40:220,16,16,2,15,1,220,0,0,0
g001074,0.0666666666666667,78:182,15,15,6,10,0,182,1,0,0
g001091,0.25,4:256,4,4,0,4,1,256,1,0,1
g001093,0.0833333333333333,46:214,12,12,1,11,1,214,1,0,0
g001096_2,0.333333333333333,257:3,3,3,3,0,0,3,2,1,0
g001098,0.0416666666666667,36:224,24,24,6,22,1,224,0,0,0
g001118,0.333333333333333,5:255,3,3,1,3,1,255,1,0,0
g001121,0.1,25:235,10,10,1,9,1,235,1,0,0
g001132,0.25,4:256,4,4,0,4,1,256,0,0,1
g001134,0.0476190476190476,68:192,21,21,6,15,0,192,1,0,0
g001144_1,0.0256410256410256,190:70,39,39,34,6,0,70,2,0,0
g001144_2,0.2,238:22,5,5,4,1,0,22,2,0,0
g001145,0.0476190476190476,127:133,21,21,2,19,1,133,1,0,0
g001146,0.0769230769230769,23:237,13,13,0,13,1,237,1,0,1
g001147,0.0238095238095238,76:184,42,42,14,29,1,184,1,0,0
g001150,0.025,121:139,40,40,26,15,0,139,1,0,0
g001151,0.142857142857143,52:208,7,7,2,6,1,208,1,0,0
g001152,0.0294117647058824,205:55,34,34,29,7,0,55,2,1,0
g001153,0.0333333333333333,222:38,30,30,30,2,0,38,2,0,0
g001160,0.5,4:256,2,2,1,2,1,256,0,0,0
g001162,0.333333333333333,5:255,3,3,0,3,1,255,1,0,1
g001179,0.0833333333333333,58:202,12,12,3,10,1,202,1,0,0
g001184,0.333333333333333,3:257,3,3,0,3,1,257,1,0,1
g001186,0.0416666666666667,229:31,24,24,22,3,0,31,2,0,0
g001192,0.05,99:161,20,20,15,6,1,161,1,0,0
g001200,0.25,24:236,4,4,0,4,1,236,0,0,1
g001206,0.0256410256410256,120:140,39,39,27,13,0,140,1,0,0
g001217,0.0416666666666667,142:118,24,24,5,19,1,118,1,0,0
g001218,0.1,11:249,10,10,0,10,1,249,0,0,1
g001220,0.0434782608695652,35:225,23,23,5,21,1,225,0,0,0
g001227,0.0217391304347826,167:93,46,46,35,17,0,93,1,0,0
g001232,0.0769230769230769,44:216,13,13,1,12,1,216,1,0,0
g001234,0.0217391304347826,172:88,46,46,43,9,0,88,2,1,0
g001236,0.0909090909090909,19:241,11,11,1,11,1,241,0,0,0
g001247,0.125,10:250,8,8,1,8,1,250,1,0,0
g001253,0.05,164:96,20,20,8,13,1,96,1,0,0
g001254,0.125,11:249,8,8,5,5,1,249,1,0,0
g001257,0.5,6:254,2,2,0,2,1,254,1,0,1
g001258,0.0416666666666667,93:167,24,24,6,21,0,167,0,0,0
g001269,0.027027027027027,189:71,37,37,34,5,0,71,2,0,0
g001273,0.0625,55:205,16,16,7,11,0,205,1,0,0
g001274,0.04,202:58,25,25,24,4,0,58,2,0,0
g001275_2,0.333333333333333,253:7,3,3,3,0,0,7,2,0,0
g001298,0.0333333333333333,153:107,30,30,9,21,0,107,0,0,0
g001300_2,0.25,256:4,4,4,4,0,0,4,1,1,0
g001303,0.142857142857143,45:215,7,7,0,7,1,215,1,0,1
g001308,0.25,4:256,4,4,0,4,1,256,1,0,1
g001310,0.0714285714285714,52:208,14,14,5,10,0,208,1,0,0
g001318,0.0909090909090909,49:211,11,11,5,7,0,211,1,0,0
g001325,1,24:236,1,1,0,1,1,236,1,0,1
g001328,0.0588235294117647,56:204,17,17,3,14,1,204,1,0,0
g001330,0.0625,40:220,16,16,2,15,1,220,0,0,0
g001339,0.333333333333333,6:254,3,3,0,3,1,254,1,0,1
g001342_1,0.0217391304347826,167:93,46,46,36,15,0,93,2,0,0
g001345_2,0.166666666666667,201:59,6,6,6,0,0,59,2,0,0
g001346_2,0.125,251:9,8,8,8,0,0,9,2,1,0
g001347_1,0.0227272727272727,184:76,44,44,34,16,0,76,2,0,0
g001347_2,0.2,255:5,5,5,5,1,0,5,2,0,0
g001348,0.166666666666667,6:254,6,6,0,6,1,254,0,0,1
g001349,1,24:236,1,1,0,1,1,236,1,0,1
g001350,0.333333333333333,3:257,3,3,0,3,1,257,1,0,1
g001351,0.0666666666666667,17:243,15,15,0,15,1,243,1,0,1
g001353,0.0333333333333333,222:38,30,30,29,1,0,38,2,0,0
g001354,0.032258064516129,226:34,31,31,31,1,0,34,2,0,0
g001355,0.0333333333333333,201:59,30,30,28,3,0,59,2,0,0
g001373,0.0357142857142857,205:55,28,28,27,3,0,55,2,1,0
g001380,0.0416666666666667,229:31,24,24,24,1,0,31,2,0,0
g001382,0.0714285714285714,27:233,14,14,4,12,1,233,0,0,0
g001397,0.05,99:161,20,20,15,5,1,161,1,0,0
g001401,0.025,211:49,40,40,35,9,0,49,2,0,0
g001403,0.333333333333333,5:255,3,3,1,2,1,255,1,0,0
g001404,0.25,4:256,4,4,0,4,1,256,0,0,1
g001413,0.5,9:251,2,2,0,2,1,251,0,0,1
g001421,0.0769230769230769,22:238,13,13,2,13,1,238,0,0,0
g001428,0.0588235294117647,33:227,17,17,1,17,1,227,1,0,0
g001430,0.0769230769230769,23:237,13,13,0,13,1,237,1,0,1
g001435,0.333333333333333,3:257,3,3,0,3,1,257,0,0,1
g001438,0.04,98:162,25,25,18,10,0,162,1,0,0
g001451,0.05,164:96,20,20,9,12,1,96,1,0,0
g001464,0.03125,140:120,32,32,11,22,1,120,1,0,0
g001467,0.333333333333333,3:257,3,3,0,3,1,257,1,0,1
g001487,0.04,98:162,25,25,18,8,1,162,1,0,0
g001494,0.0833333333333333,74:186,12,12,5,8,0,186,1,0,0
g001500_2,0.5,244:16,2,2,2,0,0,16,1,0,0
g001500_3,1,245:15,1,1,1,0,0,15,1,0,1
g001508,0.142857142857143,7:253,7,7,0,7,1,253,0,0,1
g001519,0.0416666666666667,39:221,24,24,6,20,1,221,0,0,0
g001521,0.5,4:256,2,2,1,1,1,256,0,0,0
g001535,0.125,8:252,8,8,1,8,1,252,0,0,0
g001538,0.037037037037037,177:83,27,27,13,15,0,83,1,0,0
g001550,0.032258064516129,131:129,31,31,23,10,0,129,1,0,0
g001553,0.0256410256410256,199:61,39,39,35,8,0,61,2,1,0
g001555,0.142857142857143,24:236,7,7,1,6,1,236,1,0,0
g001557,0.333333333333333,3:257,3,3,0,3,1,257,1,0,1
g001559,0.0384615384615385,233:27,26,26,26,0,0,27,2,0,0
g001564,0.0666666666666667,78:182,15,15,6,10,0,182,1,0,0
g001572,0.0454545454545455,217:43,22,22,16,11,0,43,1,0,0
g001573,0.333333333333333,5:255,3,3,0,3,1,255,1,0,1
g001574,0.0625,51:209,16,16,0,16,1,209,1,0,1
g001588,0.0555555555555556,59:201,18,18,9,11,0,201,1,0,0
g001590,0.0769230769230769,23:237,13,13,0,13,1,237,1,0,1
g001594_2,0.25,233:27,4,4,3,1,0,27,2,0,0
g001598,0.111111111111111,15:245,9,9,0,9,1,245,1,0,1
g001601,0.2,17:243,5,5,0,5,1,243,1,0,1
g001604,0.25,4:256,4,4,0,4,1,256,0,0,1
g001614,0.0434782608695652,64:196,23,23,4,21,1,196,1,0,0
g001619,0.25,4:256,4,4,0,4,1,256,0,0,1
g001621,0.333333333333333,3:257,3,3,0,3,1,257,1,0,1
g001632,0.5,53:207,2,2,0,2,1,207,1,0,1
g001634_1,0.0256410256410256,187:73,39,39,35,6,0,73,2,0,0
g001634_2,0.2,240:20,5,5,5,0,0,20,2,0,0
g001635,0.25,9:251,4,4,0,4,1,251,1,0,1
g001637,0.0833333333333333,37:223,12,12,0,12,1,223,1,0,1
g001640_2,0.0714285714285714,245:15,14,14,14,1,0,15,2,0,0
g001640_3,0.5,258:2,2,2,2,0,0,2,2,1,0
g001641_2,0.5,256:4,2,2,2,0,0,4,1,0,0
g001647,0.0714285714285714,174:86,14,14,13,3,0,86,1,0,0
g001656,0.0666666666666667,173:87,15,15,14,2,0,87,1,0,0
g001674,0.1,12:248,10,10,1,10,1,248,1,0,0
g001680,0.0909090909090909,15:245,11,11,0,11,1,245,2,0,1
g001684,0.0416666666666667,39:221,24,24,4,22,1,221,0,0,0
g001688,0.25,29:231,4,4,0,4,1,231,1,0,1
g001694,0.0333333333333333,139:121,30,30,23,8,0,121,1,0,0
g001695,0.0588235294117647,56:204,17,17,5,13,1,204,1,0,0
g001699,0.5,10:250,2,2,0,2,1,250,1,0,1
g001706,0.0434782608695652,127:133,23,23,4,21,0,133,1,0,0
g001708,0.0416666666666667,235:25,24,24,23,2,0,25,0,0,0
g001714,0.125,53:207,8,8,2,7,1,207,1,0,0
g001717,0.0434782608695652,38:222,23,23,5,19,1,222,0,0,0
g001725,0.0454545454545455,185:75,22,22,1,21,0,75,0,0,1
g001726,0.25,4:256,4,4,0,4,1,256,0,0,1
g001732,0.0384615384615385,94:166,26,26,13,18,0,166,0,0,0
g001735,1,3:257,1,1,0,1,1,257,1,0,1
g001741,0.111111111111111,42:218,9,9,0,9,1,218,1,0,1
g001742,0.05,238:22,20,20,20,0,0,22,2,0,0
g001743,0.0666666666666667,210:50,15,15,13,4,0,50,1,0,0
g001745_2,1,258:2,1,1,1,0,0,2,1,0,1
g001751,0.0526315789473684,35:225,19,19,9,11,0,225,1,0,0
g001754,0.0588235294117647,100:160,17,17,8,10,0,160,0,0,0
g001765,0.0384615384615385,160:100,26,26,14,13,0,100,0,0,0
g001776,0.0526315789473684,158:102,19,19,10,10,0,102,0,0,0
g001790,0.0454545454545455,231:29,22,22,21,2,0,29,2,0,0
g001792,0.0416666666666667,136:124,24,24,13,13,1,124,0,0,0
g001811,0.0588235294117647,204:56,17,17,14,5,0,56,1,0,0
g001815_2,0.5,258:2,2,2,2,0,0,2,0,1,0
g001816,0.0344827586206897,217:43,29,29,28,2,0,43,2,0,0
g001824,0.04,117:143,25,25,18,7,0,143,0,0,0
g001826,0.0476190476190476,124:136,21,21,19,4,1,136,1,0,0
g001827,0.0588235294117647,33:227,17,17,1,16,1,227,1,0,0
g001831,0.0434782608695652,230:30,23,23,21,3,0,30,2,0,0
g001834,0.25,18:242,4,4,0,4,1,242,0,0,1
g001836_2,0.0666666666666667,242:18,15,15,15,1,0,18,2,1,0
g001844,0.0344827586206897,223:37,29,29,28,2,0,37,2,0,0
g001845,0.0277777777777778,212:48,36,36,34,4,0,48,2,1,0
g001847,0.142857142857143,208:52,7,7,6,3,0,52,1,0,0
g001849,0.0625,173:87,16,16,14,4,1,87,1,0,0
g001858,0.05,159:101,20,20,11,11,0,101,0,0,0
g001863,0.166666666666667,6:254,6,6,2,5,1,254,1,0,0
g001882,0.0434782608695652,230:30,23,23,22,1,0,30,1,0,0
g001888,0.0434782608695652,199:61,23,23,16,8,0,61,1,1,0
g001891,0.0666666666666667,52:208,15,15,6,13,0,208,2,0,0
g001897,0.0625,93:167,16,16,4,12,1,167,0,0,0
g001910,0.0434782608695652,232:28,23,23,23,1,0,28,2,0,0
g001916,0.0625,99:161,16,16,7,9,0,161,0,0,0
g001917,0.0416666666666667,39:221,24,24,5,21,1,221,0,0,0
g001919,0.0416666666666667,229:31,24,24,22,3,0,31,2,0,0
g001920,0.0769230769230769,23:237,13,13,0,13,1,237,1,0,1
g001922,0.0434782608695652,203:57,23,23,20,4,0,57,2,0,0
g001942,0.0454545454545455,85:175,22,22,7,17,1,175,0,0,0
g001954,0.333333333333333,19:241,3,3,0,3,1,241,0,0,1
g001961_1,0.0833333333333333,167:93,12,12,9,3,0,93,0,0,0
g001961_3,0.166666666666667,251:9,6,6,6,0,0,9,0,0,0
g001964,0.05,208:52,20,20,18,4,0,52,2,1,0
g001967,0.025,196:64,40,40,37,7,0,64,2,1,0
g001970,0.0476190476190476,205:55,21,21,19,4,0,55,2,0,0
g001975,0.25,227:33,4,4,3,1,0,33,0,0,0
g001980,0.0416666666666667,229:31,24,24,23,2,0,31,2,0,0
g001996,0.0416666666666667,152:108,24,24,19,6,0,108,1,0,0
g002000,0.333333333333333,5:255,3,3,1,2,1,255,1,0,0
g002002,0.0454545454545455,141:119,22,22,10,17,0,119,1,0,0
g002004,0.0416666666666667,229:31,24,24,23,2,0,31,2,0,0
g002008,0.0625,218:42,16,16,15,1,0,42,1,0,0
g002010,0.0416666666666667,229:31,24,24,23,1,0,31,2,1,0
g002012,0.0416666666666667,198:62,24,24,23,1,0,62,2,1,0
g002014,0.0416666666666667,142:118,24,24,5,19,1,118,1,0,0
g002015,0.0476190476190476,68:192,21,21,6,15,0,192,1,0,0
g002026,0.0769230769230769,89:171,13,13,1,12,1,171,0,0,0
g002030,0.0416666666666667,229:31,24,24,23,2,0,31,2,0,0
g002033_1,0.0434782608695652,227:33,23,23,22,1,0,33,2,0,0
g002033_2,0.333333333333333,256:4,3,3,3,0,0,4,2,0,0
g002038,0.0384615384615385,140:120,26,26,4,23,0,120,1,0,0
g002041,0.0714285714285714,52:208,14,14,5,9,0,208,1,0,0
g002043,0.0416666666666667,229:31,24,24,23,3,0,31,2,0,0
g002044,0.037037037037037,231:29,27,27,27,1,0,29,2,0,0
g002064,0.0588235294117647,131:129,17,17,6,12,0,129,1,0,0
g002067_2,0.25,256:4,4,4,4,0,0,4,2,0,0
g002071,0.0666666666666667,28:232,15,15,2,14,1,232,0,0,0
g002075,0.0769230769230769,44:216,13,13,1,12,1,216,1,0,0
g002077_2,0.111111111111111,249:11,9,9,9,0,0,11,2,1,0
g002079_3,0.5,257:3,2,2,2,0,0,3,0,1,0
g002082,0.03125,207:53,32,32,24,9,0,53,0,1,0
g002086,0.0454545454545455,224:36,22,22,21,2,0,36,2,0,0
g002087,0.04,165:95,25,25,21,5,0,95,1,0,0
g002090,0.0416666666666667,229:31,24,24,23,2,0,31,2,0,0
g002097,0.0909090909090909,174:86,11,11,9,3,0,86,1,0,0
g002099,0.0769230769230769,147:113,13,13,8,6,1,113,1,1,0
g002103,0.5,4:256,2,2,0,2,1,256,0,0,1
g002112,0.0588235294117647,204:56,17,17,14,5,0,56,1,0,0
g002130,0.0454545454545455,113:147,22,22,14,9,0,147,1,0,0
g002138,0.0588235294117647,204:56,17,17,14,4,0,56,1,0,0
g002149,0.25,4:256,4,4,0,4,1,256,0,0,1
g002156,0.0416666666666667,142:118,24,24,5,19,1,118,1,0,0
g002158,0.5,25:235,2,2,0,2,1,235,1,0,1
g002162,0.0588235294117647,94:166,17,17,5,12,0,166,0,0,0
g002164,0.0588235294117647,204:56,17,17,14,5,0,56,1,0,0
g002179,0.0666666666666667,28:232,15,15,3,13,1,232,0,0,0
g002185,0.0666666666666667,78:182,15,15,7,10,0,182,1,0,0
g002188,0.0588235294117647,240:20,17,17,17,1,0,20,2,0,0
g002190,0.0476190476190476,224:36,21,21,17,4,0,36,1,0,0
g002192,0.05,155:105,20,20,10,10,0,105,0,0,0
g002195,0.0285714285714286,217:43,35,35,33,6,0,43,2,0,0
g002196,0.0476190476190476,179:81,21,21,10,12,1,81,1,0,0
g002198,0.0625,106:154,16,16,5,12,0,154,1,0,0
g002203,0.05,192:68,20,20,18,2,0,68,1,0,0
g002213,0.0909090909090909,19:241,11,11,1,11,1,241,0,0,0
g002218,0.0769230769230769,66:194,13,13,6,7,1,194,1,0,0
g002220,0.05,235:25,20,20,20,0,0,25,2,0,0
g002228_2,0.2,255:5,5,5,5,0,0,5,2,0,0
g002230,0.0769230769230769,24:236,13,13,2,11,1,236,1,0,0
g002231,0.024390243902439,199:61,41,41,30,11,0,61,2,0,0
g002233,0.166666666666667,41:219,6,6,1,5,1,219,0,0,0
g002234,0.032258064516129,206:54,31,31,23,10,0,54,0,0,0
g002237,0.0476190476190476,235:25,21,21,21,0,0,25,2,0,0
g002242,0.0625,154:106,16,16,15,1,0,106,1,0,0
g002252_2,0.25,256:4,4,4,4,0,0,4,2,0,0
g002259,0.25,227:33,4,4,3,1,0,33,0,0,0
g002260,0.0769230769230769,44:216,13,13,1,12,1,216,1,0,0
g002279,0.0625,199:61,16,16,14,3,0,61,0,0,0
g002289,0.0666666666666667,78:182,15,15,7,9,0,182,1,0,0
g002293,0.0416666666666667,107:153,24,24,14,10,0,153,1,0,0
g002296,0.0555555555555556,236:24,18,18,18,2,0,24,2,1,0
g002317,0.0625,242:18,16,16,16,0,0,18,2,0,0
g002327,1,4:256,1,1,0,1,1,256,1,0,1
g002331,0.0303030303030303,211:49,33,33,24,9,0,49,2,0,0
g002337,0.04,165:95,25,25,18,8,0,95,1,0,0
g002342,0.0416666666666667,229:31,24,24,23,1,0,31,2,1,0
g002343,0.0555555555555556,47:213,18,18,7,13,1,213,1,0,0
g002345,0.1,14:246,10,10,0,10,1,246,0,0,1
g002348,0.037037037037037,229:31,27,27,25,5,0,31,0,0,0
g002358,0.0588235294117647,238:22,17,17,17,1,0,22,2,0,0
g002368,0.0454545454545455,231:29,22,22,20,3,0,29,2,0,0
g002372,0.0833333333333333,20:240,12,12,1,11,1,240,0,0,0
g002376,0.0555555555555556,235:25,18,18,17,2,0,25,2,0,0
g002377,0.0476190476190476,161:99,21,21,9,13,0,99,0,0,0
g002386,0.0666666666666667,240:20,15,15,15,0,0,20,2,0,0
g002387_2,0.2,254:6,5,5,5,1,0,6,2,0,0
g002390,0.0277777777777778,211:49,36,36,24,12,0,49,2,1,0
g002398,0.0588235294117647,241:19,17,17,16,1,0,19,2,1,0
g002399_1,0.166666666666667,247:13,6,6,6,0,0,13,1,0,0
g002399_2,0.2,253:7,5,5,5,0,0,7,1,0,0
g002399_3,0.5,258:2,2,2,2,0,0,2,1,0,0
g002403,0.0714285714285714,212:48,14,14,12,3,0,48,1,0,0
g002405,0.25,229:31,4,4,2,2,0,31,1,0,0
g002409,0.0588235294117647,231:29,17,17,13,4,0,29,1,0,0
g002413,0.0454545454545455,200:60,22,22,15,10,0,60,1,0,0
g002418,0.0277777777777778,175:85,36,36,33,6,0,85,2,0,0
g002419,0.05,205:55,20,20,18,3,0,55,2,0,0
g002421,0.0476190476190476,68:192,21,21,6,15,0,192,1,0,0
g002427,0.0555555555555556,190:70,18,18,16,2,0,70,1,0,0
g002428,0.0526315789473684,35:225,19,19,8,11,0,225,1,0,0
g002435,0.0588235294117647,56:204,17,17,4,14,1,204,1,0,0
g002438,0.333333333333333,5:255,3,3,1,3,1,255,1,0,0
g002443,0.03125,217:43,32,32,28,7,0,43,1,0,0
g002445,0.0344827586206897,223:37,29,29,29,1,0,37,1,0,0
g002453,0.0476190476190476,203:57,21,21,19,4,0,57,2,0,0
g002455,0.0434782608695652,35:225,23,23,4,21,1,225,0,0,0
g002467,0.0434782608695652,230:30,23,23,22,3,0,30,1,0,0
g002469,0.0714285714285714,71:189,14,14,1,13,1,189,1,0,0
g002474,0.0625,40:220,16,16,2,14,1,220,0,0,0
g002482,0.25,4:256,4,4,0,4,1,256,0,0,1
g002488,0.5,3:257,2,2,0,2,1,257,1,0,1
g002490,0.05,181:79,20,20,11,11,0,79,1,0,0
g002491,0.0714285714285714,209:51,14,14,11,4,0,51,1,0,0
g002492,0.0416666666666667,36:224,24,24,6,21,1,224,0,0,0
g002496,0.333333333333333,5:255,3,3,1,3,1,255,1,0,0
g002514_2,0.5,258:2,2,2,2,0,0,2,2,1,0
g002515,0.0625,148:112,16,16,13,3,0,112,0,0,0
g002516,0.0769230769230769,26:234,13,13,3,12,1,234,0,0,0
g002517,0.0666666666666667,78:182,15,15,7,10,0,182,1,0,0
g002520,0.0384615384615385,233:27,26,26,25,1,0,27,2,0,0
g002523,0.0666666666666667,243:17,15,15,15,0,0,17,2,1,0
g002550_1,0.0256410256410256,190:70,39,39,37,5,0,70,2,0,0
g002550_2,0.2,238:22,5,5,5,0,0,22,2,0,0
g002551,0.0416666666666667,229:31,24,24,22,3,0,31,2,1,0
g002552,0.0476190476190476,229:31,21,21,19,4,0,31,2,1,0
g002554,0.0285714285714286,135:125,35,35,30,8,0,125,1,0,0
g002556,0.0256410256410256,135:125,39,39,29,15,0,125,1,0,0
g002557,0.04,153:107,25,25,13,14,0,107,1,0,0
g002559_2,0.25,255:5,4,4,4,0,0,5,2,0,0
g002561,0.2,6:254,5,5,0,5,1,254,1,0,1
g002564_1,0.0555555555555556,236:24,18,18,17,2,0,24,2,0,0
g002571,0.0476190476190476,210:50,21,21,20,1,0,50,2,0,0
g002576,0.0476190476190476,232:28,21,21,20,2,0,28,1,0,0
g002579,0.0555555555555556,230:30,18,18,15,4,0,30,1,0,0
g002580,0.0666666666666667,239:21,15,15,15,0,0,21,2,0,0
g002582,0.0526315789473684,231:29,19,19,17,4,0,29,2,0,0
g002583,0.0476190476190476,235:25,21,21,20,1,0,25,1,0,0
g002585_1,0.0555555555555556,209:51,18,18,12,8,0,51,0,0,0
g002600,0.0714285714285714,67:193,14,14,6,9,1,193,1,0,0
g002602,0.0277777777777778,175:85,36,36,30,7,0,85,2,0,0
g002605,0.142857142857143,208:52,7,7,6,3,0,52,1,0,0
g002606,0.0714285714285714,240:20,14,14,13,1,0,20,0,1,0
g002607,0.05,181:79,20,20,12,11,0,79,1,0,0
g002611,0.05,88:172,20,20,5,20,1,172,1,0,0
g002615_2,0.142857142857143,248:12,7,7,6,1,0,12,2,1,0
g002620,0.05,181:79,20,20,11,11,0,79,1,0,0
g002622,0.2,38:222,5,5,3,2,0,222,1,0,0
g002630,0.0555555555555556,230:30,18,18,15,4,0,30,1,0,0
g002636,0.0476190476190476,84:176,21,21,8,14,1,176,0,0,0
g002647,0.333333333333333,3:257,3,3,0,3,1,257,1,0,1
g002649,0.0714285714285714,244:16,14,14,12,2,0,16,2,1,0
g002650,0.0256410256410256,120:140,39,39,28,15,0,140,1,0,0
g002652,0.0666666666666667,91:169,15,15,1,15,1,169,0,0,0
g002655,0.0625,51:209,16,16,4,15,1,209,1,0,0
g002657,0.0714285714285714,71:189,14,14,1,13,1,189,1,0,0
g002664,0.05,181:79,20,20,12,11,0,79,1,0,0
g002667_2,0.333333333333333,257:3,3,3,3,0,0,3,1,1,0
g002669,0.0416666666666667,170:90,24,24,16,9,0,90,1,0,0
g002673,0.0357142857142857,232:28,28,28,26,6,0,28,2,1,0
g002675,0.05,181:79,20,20,12,11,0,79,1,0,0
g002676,0.032258064516129,217:43,31,31,28,5,0,43,2,0,0
g002685,0.0416666666666667,142:118,24,24,5,19,1,118,1,0,0
g002691,0.0769230769230769,23:237,13,13,0,13,1,237,1,0,1
g002694,0.0909090909090909,15:245,11,11,0,11,1,245,0,0,1
g002699,1,4:256,1,1,0,1,1,256,1,0,1
g002701,0.0526315789473684,75:185,19,19,5,15,1,185,1,0,0
g002702,0.111111111111111,43:217,9,9,4,5,0,217,1,0,0
g002703,0.333333333333333,13:247,3,3,0,3,1,247,0,0,1
g002704,0.0476190476190476,204:56,21,21,16,8,0,56,2,0,0
g002710,0.0434782608695652,35:225,23,23,5,19,1,225,0,0,0
g002717,0.0434782608695652,86:174,23,23,8,16,1,174,0,0,0
g002724,0.0555555555555556,136:124,18,18,7,11,0,124,1,0,0
g002726,0.0833333333333333,218:42,12,12,12,0,0,42,1,1,0
g002729,0.0588235294117647,241:19,17,17,17,0,0,19,2,1,0
g002733,0.0625,54:206,16,16,4,12,0,206,1,0,0
g002737,0.0416666666666667,139:121,24,24,8,17,0,121,1,0,0
g002742,0.0476190476190476,233:27,21,21,20,3,0,27,2,0,0
g002744_1,0.1,245:15,10,10,10,0,0,15,2,1,0
g002744_2,0.25,256:4,4,4,4,0,0,4,2,1,0
g002747_1,0.027027027027027,189:71,37,37,33,4,0,71,2,0,0
g002747_2,0.25,241:19,4,4,4,1,0,19,0,0,0
g002748,0.0588235294117647,240:20,17,17,17,0,0,20,2,0,0
g002749,0.04,164:96,25,25,7,19,0,96,1,0,0
g002758,0.25,7:253,4,4,0,4,1,253,0,0,1
g002759_2,0.25,256:4,4,4,4,0,0,4,2,0,0
g002760,0.0666666666666667,223:37,15,15,14,1,0,37,1,0,0
g002761,0.0285714285714286,176:84,35,35,32,5,0,84,2,0,0
g002766,0.0555555555555556,193:67,18,18,14,5,0,67,1,0,0
g002784_1,0.0434782608695652,179:81,23,23,21,2,0,81,1,0,0
g002784_2,0.333333333333333,254:6,3,3,3,0,0,6,2,0,0
g002785,0.5,4:256,2,2,0,2,1,256,1,0,1
g002786,0.25,227:33,4,4,3,1,0,33,0,0,0
g002787,0.25,229:31,4,4,2,2,0,31,1,0,0
g002792,0.125,174:86,8,8,5,3,0,86,1,0,0
g002794,0.0416666666666667,97:163,24,24,19,7,1,163,1,0,0
g002795,0.037037037037037,231:29,27,27,27,1,0,29,2,0,0
g002796,0.0666666666666667,78:182,15,15,7,10,0,182,1,0,0
g002798,0.0588235294117647,223:37,17,17,12,6,0,37,0,1,0
g002799,0.0909090909090909,219:41,11,11,11,0,0,41,1,0,0
g002812,0.0769230769230769,246:14,13,13,13,0,0,14,2,1,0
g002814_1,0.125,223:37,8,8,1,7,0,37,1,0,1
g002829,0.0416666666666667,39:221,24,24,6,21,1,221,0,0,0
g002833_2,0.5,257:3,2,2,2,0,0,3,0,0,0
g002848,0.0714285714285714,245:15,14,14,14,0,0,15,2,0,0
g002852,0.0454545454545455,233:27,22,22,22,0,0,27,2,0,0
g002864,0.0555555555555556,156:104,18,18,15,3,0,104,1,0,0
g002871,0.0625,173:87,16,16,14,3,0,87,1,0,0
g002874,0.0714285714285714,27:233,14,14,3,13,1,233,0,0,0
g002880,0.05,181:79,20,20,11,10,0,79,1,0,0
g002884,0.0833333333333333,20:240,12,12,1,11,1,240,0,0,0
g002892,0.0666666666666667,78:182,15,15,6,10,0,182,1,0,0
g002893,0.0555555555555556,239:21,18,18,18,0,0,21,2,0,0
g002900,0.0333333333333333,224:36,30,30,30,0,0,36,2,0,0
g002901,0.0909090909090909,230:30,11,11,11,2,0,30,0,0,0
g002903,0.0588235294117647,56:204,17,17,4,13,1,204,1,0,0
g002905_2,0.142857142857143,251:9,7,7,7,1,0,9,2,0,0
g002916,0.0416666666666667,152:108,24,24,17,9,0,108,1,0,0
g002922,0.166666666666667,17:243,6,6,0,6,1,243,1,0,1
g002924,0.0833333333333333,71:189,12,12,0,12,1,189,1,0,1
g002928,0.0714285714285714,70:190,14,14,1,13,1,190,1,0,0
g002930,0.0526315789473684,99:161,19,19,5,14,1,161,1,0,0
g002938_2,0.5,258:2,2,2,2,0,0,2,2,1,0
g002939,0.0434782608695652,203:57,23,23,21,4,0,57,2,0,0
g002941,0.037037037037037,211:49,27,27,21,7,0,49,0,1,0
g002942,0.5,5:255,2,2,0,2,1,255,0,0,1
g002950,0.2,6:254,5,5,0,5,1,254,1,0,1
g002956,0.04,229:31,25,25,24,2,0,31,2,0,0
g002957,0.0833333333333333,248:12,12,12,12,0,0,12,2,0,0
g002959,0.25,227:33,4,4,0,4,1,33,1,0,1
g002960,0.125,217:43,8,8,8,1,0,43,0,0,0
g002961_2,0.5,258:2,2,2,2,0,0,2,2,0,0
g002962,0.0833333333333333,244:16,12,12,12,1,0,16,2,0,0
g002965,0.25,227:33,4,4,0,4,1,33,1,0,1
g002966,0.0833333333333333,197:63,12,12,12,0,0,63,1,0,0
g002967,0.0909090909090909,174:86,11,11,8,3,0,86,1,0,0
g002971,0.0714285714285714,71:189,14,14,1,13,1,189,1,0,0
g002976,0.0909090909090909,248:12,11,11,11,0,0,12,2,0,0
g002980,0.0833333333333333,218:42,12,12,12,0,0,42,1,1,0
g002982,0.0666666666666667,233:27,15,15,15,1,0,27,2,0,0
g002985,0.0625,211:49,16,16,13,5,0,49,1,0,0
g002990,0.027027027027027,186:74,37,37,35,6,0,74,2,0,0
g002994,0.0434782608695652,38:222,23,23,5,20,1,222,0,0,0
g002995,0.0344827586206897,223:37,29,29,28,4,0,37,1,1,0
g002999,0.0666666666666667,196:64,15,15,11,4,0,64,1,0,0
g003000,0.05,181:79,20,20,12,10,0,79,1,0,0
g003001,0.0769230769230769,227:33,13,13,13,0,0,33,0,0,0
g003002,0.05,68:192,20,20,5,16,0,192,1,0,0
g003011,0.2,222:38,5,5,3,3,1,38,1,0,0
g003014,0.0476190476190476,160:100,21,21,12,11,0,100,0,0,0
g003017,0.0588235294117647,211:49,17,17,16,2,0,49,1,0,0
g003019,0.0434782608695652,233:27,23,23,23,0,0,27,2,0,0
g003020,0.0416666666666667,107:153,24,24,15,11,0,153,1,0,0
g003023,0.0384615384615385,161:99,26,26,17,10,0,99,1,0,0
g003034,0.0526315789473684,162:98,19,19,11,9,0,98,1,0,0
g003042,0.0588235294117647,167:93,17,17,14,3,0,93,1,0,0
g003044,0.0833333333333333,191:69,12,12,12,0,0,69,2,0,0
g003059,0.0294117647058824,177:83,34,34,31,5,0,83,2,0,0
g003060,0.5,4:256,2,2,1,2,1,256,0,0,0
g003063_1,0.0625,220:40,16,16,15,1,0,40,2,0,0
g003063_2,0.2,234:26,5,5,5,0,0,26,2,0,0
g003073,0.0666666666666667,221:39,15,15,12,3,0,39,2,0,0
g003074,0.0833333333333333,244:16,12,12,12,2,0,16,2,1,0
g003077,0.0833333333333333,218:42,12,12,12,0,0,42,1,0,0
g003078_1,0.0357142857142857,169:91,28,28,21,8,0,91,2,0,0
g003078_2,0.25,251:9,4,4,4,0,0,9,2,1,0
g003079_1,0.25,227:33,4,4,4,0,0,33,1,0,0
g003079_2,0.142857142857143,252:8,7,7,7,0,0,8,1,0,0
g003079_3,0.5,258:2,2,2,2,0,0,2,1,1,0
g003080,0.0588235294117647,94:166,17,17,2,15,1,166,1,0,0
g003082_2,0.5,258:2,2,2,2,0,0,2,2,0,0
g003085,0.0588235294117647,238:22,17,17,17,0,0,22,2,0,0
g003088_1,0.0833333333333333,244:16,12,12,12,1,0,16,2,0,0
g003088_2,0.5,258:2,2,2,2,0,0,2,2,0,0
g003089,0.0666666666666667,78:182,15,15,7,10,0,182,1,0,0
g003095_2,0.333333333333333,257:3,3,3,3,0,0,3,2,1,0
g003101_2,0.25,231:29,4,4,4,0,0,29,2,0,0
g003103,0.0666666666666667,210:50,15,15,14,4,0,50,1,0,0
g003106,0.25,6:254,4,4,1,4,1,254,1,0,0
g003109,0.333333333333333,3:257,3,3,0,3,1,257,1,0,1
g003115,0.0625,211:49,16,16,14,3,0,49,1,0,0
g003133,0.0344827586206897,61:199,29,29,6,24,0,199,1,0,0
g003137,0.0357142857142857,226:34,28,28,28,0,0,34,2,0,0
g003139,0.0416666666666667,181:79,24,24,20,4,0,79,1,0,0
g003143,0.0416666666666667,229:31,24,24,23,2,0,31,2,1,0
g003145,0.111111111111111,10:250,9,9,0,9,1,250,0,0,1
g003149,0.0833333333333333,20:240,12,12,0,12,1,240,0,0,1
g003150_2,0.333333333333333,255:5,3,3,3,0,0,5,2,1,0
g003152,0.0384615384615385,87:173,26,26,8,19,1,173,1,0,0
g003153,0.0434782608695652,149:111,23,23,13,15,1,111,1,0,0
g003158,0.333333333333333,4:256,3,3,0,3,1,256,1,0,1
g003159_2,0.333333333333333,257:3,3,3,3,0,0,3,1,0,0
g003161,0.0434782608695652,230:30,23,23,20,3,0,30,2,0,0
g003162_1,0.037037037037037,201:59,27,27,27,0,0,59,2,0,0
g003162_2,0.0588235294117647,228:32,17,17,15,2,0,32,2,0,0
g003170,0.0333333333333333,222:38,30,30,30,2,0,38,2,0,0
g003172,0.0714285714285714,27:233,14,14,4,10,1,233,0,0,0
g003175,0.0256410256410256,120:140,39,39,29,13,0,140,1,0,0
g003177,0.142857142857143,7:253,7,7,0,7,1,253,0,0,1
g003179,0.0909090909090909,245:15,11,11,11,0,0,15,1,0,0
g003180,0.111111111111111,249:11,9,9,8,2,0,11,1,0,0
g003183,0.0833333333333333,198:62,12,12,10,2,0,62,0,0,0
g003185,0.0476190476190476,235:25,21,21,21,0,0,25,1,0,0
g003186,0.0909090909090909,222:38,11,11,11,1,0,38,2,0,0
g003187,0.0277777777777778,175:85,36,36,34,6,0,85,2,0,0
g003188,0.0625,173:87,16,16,14,3,1,87,1,0,0
g003190_2,0.125,247:13,8,8,8,0,0,13,2,1,0
g003193,0.125,243:17,8,8,8,0,0,17,0,0,0
g003194,0.0625,220:40,16,16,16,1,0,40,1,0,0
g003195,0.0714285714285714,237:23,14,14,13,3,0,23,2,0,0
g003201,0.166666666666667,243:17,6,6,4,3,0,17,0,0,0
g003202,0.333333333333333,3:257,3,3,0,3,1,257,1,0,1
g003207,0.0909090909090909,247:13,11,11,10,1,0,13,1,0,0
g003208,0.25,227:33,4,4,3,1,0,33,0,0,0
g003213,0.0769230769230769,163:97,13,13,8,5,1,97,1,0,0
g003216,0.0909090909090909,190:70,11,11,11,0,0,70,0,1,0
g003224,0.0588235294117647,241:19,17,17,15,2,0,19,1,0,0
g003227,0.0526315789473684,238:22,19,19,19,0,0,22,0,0,0
g003233,0.0588235294117647,163:97,17,17,14,6,0,97,0,0,0
g003236,0.0769230769230769,231:29,13,13,12,1,0,29,0,1,0
g003238,0.0555555555555556,190:70,18,18,17,1,0,70,1,0,0
g003239,0.0625,51:209,16,16,3,14,1,209,1,0,0
g003245,0.0769230769230769,163:97,13,13,8,5,1,97,1,0,0
g003253,0.05,199:61,20,20,14,11,0,61,0,0,0
g003258,0.0526315789473684,203:57,19,19,16,3,0,57,1,0,0
g003260,0.0625,216:44,16,16,13,4,0,44,1,0,0
g003261,0.0909090909090909,248:12,11,11,11,0,0,12,2,0,0
g003262_2,0.142857142857143,252:8,7,7,7,0,0,8,2,0,0
g003265,0.0555555555555556,186:74,18,18,13,5,0,74,1,0,0
g003273_2,0.5,257:3,2,2,2,0,0,3,1,0,0
g003277,0.142857142857143,10:250,7,7,1,7,1,250,1,0,0
g003278,0.125,81:179,8,8,4,5,1,179,1,1,0
g003280,0.0833333333333333,160:100,12,12,6,6,1,100,1,0,0
g003283,0.0833333333333333,248:12,12,12,12,0,0,12,2,0,0
g003286,0.05,238:22,20,20,20,1,0,22,1,0,0
g003287,0.032258064516129,223:37,31,31,29,2,0,37,0,1,0
g003288,1,24:236,1,1,0,1,1,236,1,0,1
g003289,0.0714285714285714,241:19,14,14,14,0,0,19,2,1,0
g003299,0.125,11:249,8,8,3,5,1,249,1,0,0
g003301,0.0285714285714286,208:52,35,35,27,9,0,52,2,0,0
g003306,0.0625,211:49,16,16,11,5,0,49,1,0,0
g003313_2,0.5,258:2,2,2,2,0,0,2,0,0,0
g003315,0.0555555555555556,220:40,18,18,12,8,0,40,0,0,0
g003316,0.0833333333333333,248:12,12,12,12,0,0,12,2,0,0
g003318,0.0769230769230769,246:14,13,13,13,0,0,14,2,0,0
g003322,0.166666666666667,17:243,6,6,0,6,1,243,1,0,1
g003326,0.0833333333333333,248:12,12,12,12,0,0,12,2,1,0
g003329_2,0.333333333333333,256:4,3,3,3,0,0,4,1,0,0
g003330,0.0714285714285714,245:15,14,14,14,0,0,15,2,0,0
g003331_1,0.0769230769230769,191:69,13,13,13,1,0,69,0,0,0
g003331_2,0.1,245:15,10,10,8,2,0,15,0,0,0
g003338_1,0.333333333333333,204:56,3,3,3,0,0,56,0,0,0
g003341,0.0434782608695652,229:31,23,23,23,2,0,31,2,0,0
g003342,0.0588235294117647,133:127,17,17,4,14,1,127,1,0,0
g003345,0.333333333333333,5:255,3,3,1,3,1,255,1,0,0
g003346,0.0285714285714286,137:123,35,35,18,19,0,123,1,0,0
g003356,0.0416666666666667,163:97,24,24,21,4,0,97,1,0,0
g003363,0.0344827586206897,224:36,29,29,29,1,0,36,2,0,0
g003365,0.05,230:30,20,20,19,2,0,30,2,0,0
g003371,0.0714285714285714,245:15,14,14,14,0,0,15,2,0,0
g003376,0.142857142857143,45:215,7,7,0,7,1,215,1,0,1
g003377,0.05,101:159,20,20,8,13,0,159,1,0,0
g003380,0.25,4:256,4,4,0,4,1,256,1,0,1
g003383,0.5,235:25,2,2,1,1,0,25,0,0,1
g003385,0.1,249:11,10,10,10,0,0,11,2,1,0
g003386,0.166666666666667,253:7,6,6,5,1,0,7,0,1,0
g003387,0.1,225:35,10,10,10,0,0,35,2,0,0
g003390,0.125,191:69,8,8,8,1,0,69,1,0,0
g003391_1,0.125,247:13,8,8,8,1,0,13,1,0,0
g003391_2,0.5,253:7,2,2,2,0,0,7,1,0,0
g003393_2,0.5,258:2,2,2,2,0,0,2,2,1,0
g003394_1,0.125,251:9,8,8,8,0,0,9,0,1,0
g003394_2,0.5,258:2,2,2,2,0,0,2,1,1,0
g003395,0.125,220:40,8,8,7,1,0,40,0,0,0
g003402,0.037037037037037,231:29,27,27,27,1,0,29,2,0,0
g003411,0.0833333333333333,248:12,12,12,12,0,0,12,2,1,0
g003412,0.0909090909090909,244:16,11,11,11,0,0,16,2,0,0
g003417,0.0476190476190476,68:192,21,21,6,15,0,192,1,0,0
g003419,0.0526315789473684,35:225,19,19,9,11,0,225,1,0,0
g003420,0.0666666666666667,210:50,15,15,12,4,0,50,1,0,0
g003421,0.0909090909090909,247:13,11,11,10,2,0,13,1,0,0
g003424,0.0555555555555556,231:29,18,18,15,3,0,29,1,0,0
g003426,0.0416666666666667,136:124,24,24,13,13,1,124,0,0,0
g003431,0.111111111111111,224:36,9,9,9,0,0,36,0,1,0
g003434_2,0.166666666666667,254:6,6,6,6,1,0,6,1,0,0
g003436,0.125,243:17,8,8,8,0,0,17,1,0,0
g003437,0.0625,209:51,16,16,16,0,0,51,1,0,0
g003443,0.0588235294117647,167:93,17,17,13,5,0,93,0,0,0
g003446,0.25,227:33,4,4,3,1,0,33,0,0,0
g003450,0.1,12:248,10,10,0,10,1,248,1,0,1
g003452,0.0416666666666667,178:82,24,24,21,3,0,82,1,0,0
g003458,0.0714285714285714,245:15,14,14,14,0,0,15,2,0,0
g003459,0.0833333333333333,244:16,12,12,12,0,0,16,0,1,0
g003466,0.0526315789473684,61:199,19,19,9,11,0,199,1,0,0
g003467,0.0909090909090909,244:16,11,11,11,1,0,16,2,0,0
g003472,0.0588235294117647,204:56,17,17,14,5,0,56,1,0,0
g003475,0.142857142857143,190:70,7,7,7,1,0,70,2,0,0
g003478,0.0666666666666667,210:50,15,15,13,3,0,50,1,0,0
g003481,0.0526315789473684,60:200,19,19,8,11,0,200,1,0,0
g003483_2,0.5,258:2,2,2,2,0,0,2,0,0,0
g003487,0.0454545454545455,113:147,22,22,16,8,0,147,1,0,0
g003488,0.0714285714285714,245:15,14,14,14,0,0,15,2,0,0
g003492,0.0277777777777778,175:85,36,36,32,7,0,85,2,0,0
g003493,0.05,101:159,20,20,8,13,0,159,1,0,0
g003496,0.0714285714285714,71:189,14,14,1,13,1,189,1,0,0
g003497,0.0588235294117647,56:204,17,17,5,14,1,204,1,0,0
g003499,0.0666666666666667,78:182,15,15,6,10,0,182,1,0,0
g003500,0.0909090909090909,116:144,11,11,8,4,0,144,1,0,0
g003509,0.25,227:33,4,4,0,4,1,33,1,0,1
g003510,0.25,4:256,4,4,0,4,1,256,0,0,1
g003511,0.0909090909090909,244:16,11,11,10,1,0,16,2,0,0
g003512,0.0454545454545455,69:191,22,22,8,15,0,191,1,0,0
g003513,0.0625,234:26,16,16,14,4,0,26,2,0,0
g003515,0.05,159:101,20,20,11,10,1,101,1,0,0
g003516,0.1,223:37,10,10,10,0,0,37,2,0,0
g003519,0.0666666666666667,235:25,15,15,15,0,0,25,1,0,0
g003525,0.25,10:250,4,4,1,4,1,250,0,0,0
g003531,0.0384615384615385,227:33,26,26,26,0,0,33,2,0,0
g003532_2,0.5,257:3,2,2,2,0,0,3,2,0,0
g003535,0.0625,241:19,16,16,16,0,0,19,2,0,0
g003541,0.0588235294117647,41:219,17,17,2,16,1,219,0,0,0
g003542,0.04,98:162,25,25,19,8,0,162,1,0,0
g003557,0.0625,234:26,16,16,14,3,0,26,2,0,0
g003561,0.0769230769230769,243:17,13,13,12,1,0,17,2,1,0
g003564_2,1,256:4,1,1,1,0,0,4,1,0,1
g003568,0.0833333333333333,243:17,12,12,12,1,0,17,2,0,0
g003570,0.0909090909090909,246:14,11,11,11,0,0,14,0,1,0
g003572,0.5,9:251,2,2,0,2,1,251,0,0,1
g003577,0.05,101:159,20,20,10,13,0,159,1,0,0
g003581,0.05,208:52,20,20,15,5,0,52,1,0,0
g003582,0.0909090909090909,248:12,11,11,11,0,0,12,1,1,0
g003583,0.0588235294117647,212:48,17,17,13,6,0,48,1,0,0
g003584,0.0769230769230769,243:17,13,13,12,1,0,17,2,0,0
g003585_2,0.5,258:2,2,2,2,0,0,2,1,1,0
g003586_2,1,258:2,1,1,1,0,0,2,1,0,1
g003590,0.0666666666666667,245:15,15,15,14,1,0,15,2,0,0
g003591,0.04,208:52,25,25,22,4,0,52,0,0,0
g003593,0.0303030303030303,198:62,33,33,31,3,0,62,2,0,0
g003604,0.0769230769230769,247:13,13,13,13,0,0,13,2,1,0
g003611,0.0434782608695652,203:57,23,23,22,4,0,57,2,0,0
g003613,0.0526315789473684,217:43,19,19,19,1,0,43,2,0,0
g003615,0.0588235294117647,215:45,17,17,16,2,0,45,2,0,0
g003633,0.0454545454545455,127:133,22,22,18,5,0,133,1,0,0
g003638,0.333333333333333,7:253,3,3,0,3,1,253,1,0,1
g003640,0.111111111111111,251:9,9,9,9,0,0,9,2,1,0
g003641,0.125,225:35,8,8,8,0,0,35,1,0,0
g003642_1,0.142857142857143,194:66,7,7,7,0,0,66,1,0,0
g003642_2,0.25,247:13,4,4,4,0,0,13,1,0,0
g003643,0.111111111111111,249:11,9,9,9,0,0,11,0,0,0
g003644,0.0625,176:84,16,16,12,5,0,84,0,0,0
g003645,0.166666666666667,248:12,6,6,6,1,0,12,1,0,0
g003647_1,0.333333333333333,251:9,3,3,3,0,0,9,2,0,0
g003647_2,0.333333333333333,253:7,3,3,3,0,0,7,2,0,0
g003647_3,0.333333333333333,257:3,3,3,3,1,0,3,2,0,0
g003651,0.1,245:15,10,10,9,1,0,15,2,1,0
g003653,0.125,247:13,8,8,7,2,0,13,0,1,0
g003660,0.0909090909090909,241:19,11,11,10,2,0,19,2,1,0
g003662,0.333333333333333,205:55,3,3,2,1,0,55,1,0,0
g003663,0.0625,220:40,16,16,16,0,0,40,1,0,0
g003664,0.04,108:152,25,25,15,10,0,152,1,0,0
g003669,0.111111111111111,248:12,9,9,9,0,0,12,2,1,0
g003673,0.0625,220:40,16,16,16,0,0,40,1,0,0
g003676,0.1,239:21,10,10,10,1,0,21,0,0,0
g003679,0.0588235294117647,204:56,17,17,14,4,0,56,1,0,0
g003682,0.05,134:126,20,20,4,17,1,126,1,0,0
g003686,0.0625,173:87,16,16,15,3,0,87,1,0,0
g003689,0.0833333333333333,238:22,12,12,11,2,0,22,2,1,0
g003691,0.1,239:21,10,10,9,1,0,21,0,0,0
g003694,0.0666666666666667,219:41,15,15,13,2,0,41,0,0,0
g003695,0.0909090909090909,239:21,11,11,10,1,0,21,2,1,0
g003696,0.0714285714285714,245:15,14,14,14,0,0,15,2,0,0
g003698,0.0833333333333333,230:30,12,12,12,1,0,30,2,1,0
g003699,0.05,234:26,20,20,19,1,0,26,1,0,0
g003700,0.0909090909090909,241:19,11,11,11,2,0,19,2,1,0
g003701,0.0588235294117647,204:56,17,17,14,3,1,56,1,0,0
g003704,0.0416666666666667,229:31,24,24,23,3,0,31,2,0,0
g003714,0.0416666666666667,142:118,24,24,5,19,1,118,1,0,0
g003716,0.0625,123:137,16,16,8,8,0,137,1,0,0
g003718,0.04,108:152,25,25,14,12,1,152,1,0,0
g003722,0.0769230769230769,246:14,13,13,13,0,0,14,2,0,0
g003726,0.0909090909090909,238:22,11,11,11,0,0,22,1,0,0
g003727,0.04,108:152,25,25,13,13,1,152,1,0,0
g003731,0.05,101:159,20,20,10,11,0,159,1,0,0
g003733,0.0909090909090909,243:17,11,11,9,2,0,17,2,1,0
g003740,0.0769230769230769,246:14,13,13,13,0,0,14,2,1,0
g003744,0.333333333333333,3:257,3,3,0,3,1,257,1,0,1
g003748,0.0434782608695652,128:132,23,23,16,10,0,132,0,0,0
g003758,0.05,205:55,20,20,18,4,0,55,2,0,0
g003760,0.0909090909090909,246:14,11,11,11,0,0,14,0,0,0
g003762_2,1,258:2,1,1,1,0,0,2,1,0,1
g003764,0.0909090909090909,247:13,11,11,11,0,0,13,2,0,0
g003765,0.0434782608695652,35:225,23,23,6,21,1,225,0,0,0
g003766,0.0625,241:19,16,16,15,1,0,19,2,0,0
g003767,1,6:254,1,1,0,1,1,254,1,0,1
g003774,0.2,10:250,5,5,0,5,1,250,1,0,1
g003776,0.111111111111111,233:27,9,9,9,0,0,27,2,0,0
g003780,0.05,61:199,20,20,9,12,0,199,1,0,0
g003783,0.024390243902439,75:185,41,41,13,28,1,185,1,0,0
g003786,0.05,181:79,20,20,10,11,0,79,1,0,0
g003788,0.0833333333333333,243:17,12,12,12,0,0,17,2,0,0
g003789,0.0666666666666667,213:47,15,15,12,4,0,47,1,0,0
g003794,0.0588235294117647,204:56,17,17,13,5,0,56,1,0,0
g003799,0.0666666666666667,235:25,15,15,14,2,0,25,2,0,0
g003805,0.25,10:250,4,4,0,4,1,250,0,0,1
g003810,0.125,250:10,8,8,8,0,0,10,2,0,0
g003813,0.0769230769230769,242:18,13,13,13,0,0,18,2,1,0
g003816,0.0416666666666667,229:31,24,24,22,3,0,31,2,0,0
g003818,0.0588235294117647,167:93,17,17,15,3,0,93,0,0,0
g003820,0.1,241:19,10,10,10,0,0,19,2,1,0
g003827,0.0714285714285714,245:15,14,14,14,0,0,15,2,0,0
g003829,0.111111111111111,13:247,9,9,0,9,1,247,0,0,1
g003831,0.125,251:9,8,8,8,0,0,9,2,1,0
g003833,0.0714285714285714,215:45,14,14,12,2,0,45,1,0,0
g003835,0.0333333333333333,218:42,30,30,26,5,0,42,2,0,0
g003837,0.25,6:254,4,4,1,3,1,254,1,0,0
g003838,0.05,163:97,20,20,12,11,0,97,0,0,0
g003841,0.0833333333333333,236:24,12,12,10,2,0,24,1,0,0
g003843_1,0.0285714285714286,194:66,35,35,32,4,0,66,2,0,0
g003843_2,0.333333333333333,240:20,3,3,3,0,0,20,2,0,0
g003845,0.0434782608695652,182:78,23,23,20,4,0,78,1,0,0
g003847,0.0625,58:202,16,16,1,15,1,202,1,0,0
g003849,0.0666666666666667,245:15,15,15,15,0,0,15,2,0,0
g003850,0.05,233:27,20,20,19,1,0,27,1,0,0
g003852,0.0333333333333333,153:107,30,30,10,21,0,107,0,0,0
g003854,0.0714285714285714,243:17,14,14,14,1,0,17,2,0,0
g003855,0.0454545454545455,231:29,22,22,21,2,0,29,1,0,0
g003856_2,0.5,258:2,2,2,2,0,0,2,2,0,0
g003860,0.0714285714285714,134:126,14,14,13,2,0,126,1,0,0
g003867,0.1,246:14,10,10,10,0,0,14,2,0,0
g003868,0.0526315789473684,206:54,19,19,17,3,0,54,2,0,0
g003874,0.111111111111111,15:245,9,9,0,9,1,245,1,0,1
g003880,0.0625,242:18,16,16,16,2,0,18,2,0,0
g003883,0.0384615384615385,233:27,26,26,26,0,0,27,2,0,0
g003887,0.125,248:12,8,8,8,0,0,12,2,0,0
g003888,0.0833333333333333,241:19,12,12,10,2,0,19,2,0,0
g003891_1,0.2,232:28,5,5,5,0,0,28,2,0,0
g003892,0.111111111111111,250:10,9,9,9,0,0,10,2,0,0
g003894,0.0555555555555556,186:74,18,18,13,5,0,74,1,0,0
g003895,0.1,248:12,10,10,10,0,0,12,1,0,0
g003896,0.166666666666667,204:56,6,6,3,3,1,56,0,0,0
g003897,0.111111111111111,249:11,9,9,9,0,0,11,2,0,0
g003898,0.111111111111111,248:12,9,9,9,2,0,12,1,0,0
g003900,0.0769230769230769,229:31,13,13,9,4,0,31,0,0,0
g003901,0.125,252:8,8,8,8,0,0,8,0,1,0
g003902,0.333333333333333,205:55,3,3,2,1,0,55,1,0,0
g003903,0.1,248:12,10,10,10,0,0,12,1,0,0
g003904,0.0833333333333333,242:18,12,12,12,0,0,18,1,0,0
g003907_2,0.5,257:3,2,2,2,0,0,3,2,0,0
g003908_2,0.5,257:3,2,2,2,0,0,3,0,0,0
g003909,0.25,227:33,4,4,3,1,0,33,0,0,0
g003912,0.0714285714285714,245:15,14,14,14,0,0,15,2,0,0
g003914,0.142857142857143,193:67,7,7,7,0,0,67,1,0,0
g003915,0.0666666666666667,188:72,15,15,14,1,0,72,1,0,0
g003918,0.1,233:27,10,10,10,0,0,27,1,0,0
g003919,0.0454545454545455,113:147,22,22,13,9,0,147,1,0,0
g003920,0.125,251:9,8,8,8,0,0,9,2,1,0
g003921,0.0666666666666667,78:182,15,15,7,10,0,182,1,0,0
g003923,0.125,228:32,8,8,7,1,0,32,2,0,0
g003927,0.0416666666666667,107:153,24,24,14,11,0,153,1,0,0
g003928,0.0909090909090909,248:12,11,11,11,0,0,12,2,0,0
g003932,0.125,251:9,8,8,8,0,0,9,1,0,0
g003938,0.111111111111111,245:15,9,9,8,1,0,15,0,0,0
g003939,0.04,108:152,25,25,14,12,0,152,1,0,0
g003940,0.125,252:8,8,8,8,0,0,8,1,0,0
g003943,0.125,250:10,8,8,8,1,0,10,2,0,0
g003945,0.05,236:24,20,20,19,2,0,24,1,0,0
g003946,0.0625,176:84,16,16,12,4,0,84,0,0,0
g003947,0.0833333333333333,247:13,12,12,12,0,0,13,2,0,0
g003948,0.111111111111111,251:9,9,9,9,0,0,9,1,0,0
g003949,0.0833333333333333,244:16,12,12,12,0,0,16,1,0,0
g003953,0.25,227:33,4,4,3,1,0,33,0,1,0
g003954,0.0833333333333333,245:15,12,12,12,0,0,15,0,1,0
g003956,0.0625,234:26,16,16,14,4,0,26,2,0,0
g003958_1,0.0909090909090909,211:49,11,11,11,0,0,49,2,0,0
g003958_2,0.25,252:8,4,4,4,0,0,8,2,0,0
g003959,0.142857142857143,229:31,7,7,7,0,0,31,1,0,0
g003962,0.0454545454545455,200:60,22,22,15,9,0,60,1,0,0
g003967,0.0769230769230769,180:80,13,13,13,0,0,80,1,0,0
g003969,0.0909090909090909,240:20,11,11,11,1,0,20,0,0,0
g003970,0.1,222:38,10,10,7,3,0,38,0,0,0
g003974,0.142857142857143,180:80,7,7,7,0,0,80,1,0,0
g003980,0.0666666666666667,238:22,15,15,15,1,0,22,1,0,0
g003987,0.0625,237:23,16,16,15,2,0,23,2,0,0
g003988,0.0769230769230769,163:97,13,13,8,5,1,97,1,0,0
g003990,0.05,99:161,20,20,16,7,1,161,1,0,0
g003993,0.25,227:33,4,4,3,1,0,33,0,0,0
g003995,0.1,249:11,10,10,10,0,0,11,2,0,0
g003997_1,0.0833333333333333,242:18,12,12,12,0,0,18,2,0,0
g003999,0.111111111111111,246:14,9,9,9,0,0,14,2,0,0
g004000,0.1,250:10,10,10,9,1,0,10,2,0,0
g004003,0.05,101:159,20,20,9,13,0,159,1,0,0
g004005,0.0555555555555556,186:74,18,18,13,5,0,74,1,0,0
g004015,0.0769230769230769,205:55,13,13,7,6,0,55,0,0,0
g004016,0.0454545454545455,200:60,22,22,13,11,0,60,1,0,0
g004017,0.125,242:18,8,8,8,0,0,18,1,0,0
g004021,0.333333333333333,5:255,3,3,1,3,1,255,1,0,0
g004022,0.0416666666666667,178:82,24,24,21,4,0,82,1,0,0
g004023,0.0909090909090909,244:16,11,11,10,2,0,16,2,0,0
g004028,0.25,6:254,4,4,1,4,1,254,1,0,0
g004030,0.111111111111111,251:9,9,9,9,0,0,9,1,0,0
g004032,0.125,243:17,8,8,8,0,0,17,1,0,0
g004034,0.0714285714285714,245:15,14,14,14,0,0,15,2,0,0
g004037_1,0.0909090909090909,248:12,11,11,11,0,0,12,2,0,0
g004037_2,0.25,256:4,4,4,4,0,0,4,2,0,0
g004038,0.0666666666666667,104:156,15,15,7,10,1,156,0,0,0
g004039,0.0333333333333333,217:43,30,30,24,7,0,43,2,0,0
g004042,0.0833333333333333,244:16,12,12,12,0,0,16,2,0,0
g004043,0.0434782608695652,210:50,23,23,22,1,0,50,2,0,0
g004044,0.166666666666667,15:245,6,6,3,3,1,245,1,0,0
g004046,0.0476190476190476,177:83,21,21,15,6,0,83,1,0,0
g004047_2,0.5,258:2,2,2,2,0,0,2,0,0,0
g004050,0.0454545454545455,200:60,22,22,15,10,0,60,1,0,0
g004051,0.024390243902439,75:185,41,41,14,28,1,185,1,0,0
g004054,0.0833333333333333,247:13,12,12,12,0,0,13,2,0,0
g004055,0.111111111111111,245:15,9,9,9,0,0,15,1,0,0
g004058,0.0714285714285714,52:208,14,14,5,10,0,208,1,0,0
g004065,0.0833333333333333,221:39,12,12,10,2,0,39,2,0,0
g004069,0.0555555555555556,239:21,18,18,17,2,0,21,0,0,0
g004077,0.142857142857143,10:250,7,7,1,7,1,250,1,0,0
g004079,0.0909090909090909,247:13,11,11,10,1,0,13,1,0,0
g004084,0.111111111111111,249:11,9,9,9,1,0,11,2,1,0
g004085,0.0909090909090909,231:29,11,11,5,7,0,29,1,0,0
g004087,0.0833333333333333,248:12,12,12,12,0,0,12,2,1,0
g004091,0.111111111111111,247:13,9,9,9,0,0,13,2,1,0
g004095,0.0555555555555556,186:74,18,18,13,5,0,74,1,0,0
g004097,0.0625,244:16,16,16,14,3,0,16,2,0,0
g004099,0.05,232:28,20,20,18,4,0,28,2,1,0
g004100,0.0909090909090909,249:11,11,11,11,0,0,11,2,0,0
g004106,0.0833333333333333,238:22,12,12,11,1,0,22,2,1,0
g004111_2,0.333333333333333,253:7,3,3,3,0,0,7,1,0,0
g004113,0.1,247:13,10,10,10,0,0,13,2,0,0
g004115,0.0333333333333333,221:39,30,30,29,2,0,39,2,0,0
g004116,0.125,222:38,8,8,8,0,0,38,2,0,0
g004117,0.0909090909090909,247:13,11,11,11,1,0,13,2,1,0
g004120,0.111111111111111,250:10,9,9,9,0,0,10,1,1,0
g004121,0.1,239:21,10,10,10,0,0,21,0,0,0
g004129,0.0555555555555556,186:74,18,18,13,5,0,74,1,0,0
g004131,0.0714285714285714,227:33,14,14,14,0,0,33,2,0,0
g004134,0.111111111111111,249:11,9,9,9,0,0,11,2,0,0
g004140,0.0714285714285714,67:193,14,14,6,9,1,193,1,0,0
g004141,0.05,118:142,20,20,3,18,0,142,1,0,0
g004142,0.037037037037037,159:101,27,27,15,13,0,101,0,0,0
g004143,0.0625,227:33,16,16,14,3,0,33,2,0,0
g004144,0.0833333333333333,218:42,12,12,12,0,0,42,1,0,0
g004146,0.0588235294117647,242:18,17,17,17,0,0,18,0,0,0
g004149,0.5,4:256,2,2,0,2,1,256,0,0,1
g004150,0.0555555555555556,209:51,18,18,11,8,0,51,0,0,0
g004152,0.0555555555555556,101:159,18,18,8,11,0,159,0,0,0
g004153_1,0.142857142857143,252:8,7,7,7,0,0,8,2,0,0
g004154,0.125,250:10,8,8,8,0,0,10,2,1,0
g004158,0.05,96:164,20,20,4,17,1,164,1,0,0
g004160,0.0476190476190476,147:113,21,21,8,15,0,113,1,0,0
g004165,0.142857142857143,227:33,7,7,7,0,0,33,1,0,0
g004169,0.0454545454545455,141:119,22,22,9,16,0,119,1,0,0
g004172,0.0769230769230769,66:194,13,13,7,8,1,194,1,0,0
g004173,0.1,247:13,10,10,10,0,0,13,2,0,0
g004174,0.0625,229:31,16,16,15,3,0,31,2,0,0
g004175,0.0666666666666667,235:25,15,15,14,3,0,25,2,0,0
g004176,0.125,228:32,8,8,7,1,0,32,2,0,0
g004183,0.0526315789473684,75:185,19,19,3,16,1,185,1,0,0
g004184,0.0769230769230769,246:14,13,13,13,0,0,14,2,0,0
g004187,0.1,247:13,10,10,9,1,0,13,2,1,0
g004189,0.1,241:19,10,10,10,1,0,19,2,1,0
g004191,0.125,252:8,8,8,8,0,0,8,1,0,0
g004192,0.2,252:8,5,5,5,0,0,8,0,0,0
g004193,0.142857142857143,253:7,7,7,7,0,0,7,2,1,0
g004197,0.142857142857143,252:8,7,7,6,1,0,8,1,0,0
g004199,0.142857142857143,249:11,7,7,7,0,0,11,2,1,0
g004200,0.142857142857143,253:7,7,7,7,0,0,7,0,1,0
g004201,0.142857142857143,253:7,7,7,7,0,0,7,0,1,0
g004202,0.142857142857143,251:9,7,7,7,0,0,9,0,1,0
g004203,0.142857142857143,253:7,7,7,7,0,0,7,2,0,0
g004204,0.0769230769230769,229:31,13,13,9,4,0,31,0,0,0
g004205,0.166666666666667,254:6,6,6,6,0,0,6,1,0,0
g004206,0.125,244:16,8,8,8,0,0,16,2,1,0
g004208,0.2,252:8,5,5,5,0,0,8,0,0,0
g004209,0.0833333333333333,242:18,12,12,12,0,0,18,1,0,0
g004210,0.142857142857143,252:8,7,7,6,1,0,8,1,0,0
g004214,0.142857142857143,208:52,7,7,6,3,0,52,1,0,0
g004215,0.142857142857143,252:8,7,7,7,0,0,8,1,0,0
g004216,0.142857142857143,247:13,7,7,7,0,0,13,0,0,0
g004217,0.142857142857143,252:8,7,7,7,0,0,8,1,0,0
g004220,0.111111111111111,251:9,9,9,9,0,0,9,1,0,0
g004223,0.142857142857143,193:67,7,7,7,0,0,67,1,0,0
g004224,0.0909090909090909,174:86,11,11,8,3,0,86,1,0,0
g004226,0.125,252:8,8,8,8,0,0,8,1,0,0
g004228,0.0555555555555556,193:67,18,18,14,4,0,67,1,0,0
g004230,0.0714285714285714,240:20,14,14,14,0,0,20,2,0,0
g004237,0.125,251:9,8,8,8,0,0,9,2,1,0
g004240,0.142857142857143,180:80,7,7,7,0,0,80,1,0,0
g004246,0.0909090909090909,247:13,11,11,10,2,0,13,1,0,0
g004248,0.0277777777777778,175:85,36,36,32,6,0,85,2,0,0
g004249,0.142857142857143,247:13,7,7,7,0,0,13,0,0,0
g004253,0.0277777777777778,175:85,36,36,33,5,0,85,2,0,0
g004255_2,0.2,250:10,5,5,5,0,0,10,1,0,0
g004257,0.166666666666667,253:7,6,6,6,0,0,7,0,1,0
g004258,0.142857142857143,253:7,7,7,7,0,0,7,1,0,0
g004259,0.125,250:10,8,8,8,0,0,10,0,1,0
g004260,0.0416666666666667,178:82,24,24,22,3,0,82,1,0,0
g004262,0.125,250:10,8,8,8,0,0,10,2,0,0
g004264,0.0833333333333333,246:14,12,12,11,2,0,14,1,0,0
g004267,0.142857142857143,253:7,7,7,7,0,0,7,0,1,0
g004268,0.142857142857143,252:8,7,7,6,1,0,8,2,1,0
g004270,0.0909090909090909,246:14,11,11,11,1,0,14,2,0,0
g004271,0.166666666666667,248:12,6,6,6,1,0,12,1,0,0
g004274,0.0588235294117647,165:95,17,17,17,0,0,95,0,0,0
g004275,0.125,249:11,8,8,8,0,0,11,1,0,0
g004276,0.0909090909090909,247:13,11,11,10,2,0,13,1,0,0
g004279,0.1,233:27,10,10,9,1,0,27,1,0,0
g004280,0.0384615384615385,228:32,26,26,25,4,0,32,1,0,0
g004283,0.142857142857143,244:16,7,7,4,3,0,16,1,0,0
g004284,0.142857142857143,180:80,7,7,7,0,0,80,1,0,0
g004285,0.142857142857143,253:7,7,7,7,0,0,7,2,1,0
g004288,0.142857142857143,247:13,7,7,7,0,0,13,0,0,0
g004289,0.142857142857143,253:7,7,7,7,0,0,7,1,0,0
g004291,0.166666666666667,252:8,6,6,5,1,0,8,2,1,0
g004294,0.125,250:10,8,8,8,1,0,10,2,0,0
g004298,0.0294117647058824,177:83,34,34,30,7,0,83,2,0,0
g004299,0.0909090909090909,247:13,11,11,10,2,0,13,1,0,0
g004304,0.0833333333333333,238:22,12,12,11,1,0,22,1,0,0
g004305,0.04,98:162,25,25,19,7,0,162,1,0,0
g004307,0.166666666666667,253:7,6,6,6,0,0,7,2,1,0
g004311,0.0714285714285714,67:193,14,14,6,8,1,193,1,0,0
g004312,0.111111111111111,242:18,9,9,8,1,0,18,2,1,0
g004314,0.142857142857143,251:9,7,7,7,0,0,9,2,1,0
g004315,0.0909090909090909,236:24,11,11,9,2,0,24,1,0,0
g004316,0.0625,176:84,16,16,12,5,0,84,0,0,0
g004318,0.0277777777777778,175:85,36,36,34,6,0,85,2,0,0
g004320,0.05,101:159,20,20,9,13,0,159,1,0,0
g004323,0.0588235294117647,204:56,17,17,13,5,0,56,1,0,0
g004324,0.0666666666666667,188:72,15,15,14,1,0,72,1,0,0
g004328,0.125,251:9,8,8,8,0,0,9,2,1,0
g004329,0.0588235294117647,56:204,17,17,4,13,1,204,1,0,0
g004332,0.0454545454545455,200:60,22,22,15,11,0,60,1,0,0
g004333,0.125,250:10,8,8,8,0,0,10,1,0,0
g004334,0.166666666666667,254:6,6,6,6,0,0,6,0,1,0
g004338,0.111111111111111,250:10,9,9,8,1,0,10,0,0,0
g004344,0.05,205:55,20,20,16,4,0,55,2,0,0
g004349,0.166666666666667,247:13,6,6,6,0,0,13,1,0,0
g004351,0.142857142857143,253:7,7,7,7,0,0,7,2,0,0
g004352,0.142857142857143,167:93,7,7,6,1,0,93,1,0,0
g004353,0.05,101:159,20,20,8,13,0,159,1,0,0
g004356,0.111111111111111,224:36,9,9,9,0,0,36,1,0,0
g004357,0.111111111111111,250:10,9,9,9,0,0,10,2,1,0
g004365,0.05,181:79,20,20,11,11,0,79,1,0,0
g004366,0.0294117647058824,177:83,34,34,32,6,0,83,2,0,0
g004367,0.0909090909090909,244:16,11,11,11,0,0,16,2,0,0
g004368,0.125,247:13,8,8,7,1,0,13,1,0,0
g004373,0.0416666666666667,208:52,24,24,23,2,0,52,1,0,0
g004374,0.125,252:8,8,8,8,0,0,8,2,0,0
g004375,0.142857142857143,253:7,7,7,7,1,0,7,2,1,0
g004379_1,0.0526315789473684,186:74,19,19,12,8,0,74,0,0,0
g004379_2,1,254:6,1,1,1,0,0,6,1,0,1
g004382,0.1,222:38,10,10,8,2,0,38,0,0,0
g004385,0.0476190476190476,38:222,21,21,3,19,1,222,1,0,0
g004386,0.0909090909090909,222:38,11,11,11,0,0,38,1,0,0
g004387,0.0434782608695652,205:55,23,23,20,6,0,55,0,0,0
g004389,0.1,247:13,10,10,10,0,0,13,2,0,0
g004391,0.0588235294117647,135:125,17,17,6,11,0,125,1,0,0
g004392,0.125,251:9,8,8,8,1,0,9,2,0,0
g004397,0.125,249:11,8,8,8,0,0,11,2,0,0
g004412,0.0476190476190476,68:192,21,21,6,15,0,192,1,0,0
g004413,0.0285714285714286,176:84,35,35,32,5,0,84,2,0,0
g004415,0.166666666666667,242:18,6,6,6,1,0,18,1,0,0
g004416,0.125,251:9,8,8,8,0,0,9,2,1,0
g004420,0.0909090909090909,247:13,11,11,10,2,0,13,1,0,0
g004423,0.142857142857143,253:7,7,7,7,0,0,7,2,0,0
g004426,0.333333333333333,3:257,3,3,0,3,1,257,1,0,1
g004427,0.142857142857143,253:7,7,7,7,0,0,7,2,0,0
g004434,0.0666666666666667,238:22,15,15,14,2,0,22,2,0,0
g004436,0.0666666666666667,122:138,15,15,7,9,0,138,1,0,0
g004437,0.111111111111111,119:141,9,9,6,3,0,141,1,0,0
g004438,0.142857142857143,250:10,7,7,7,1,0,10,2,0,0
g004445,0.125,250:10,8,8,8,1,0,10,2,0,0
g004446,0.111111111111111,250:10,9,9,9,0,0,10,2,0,0
g004447,0.0555555555555556,187:73,18,18,14,4,0,73,1,0,0
g004449,0.0909090909090909,174:86,11,11,9,3,0,86,1,0,0
g004450,0.111111111111111,251:9,9,9,9,0,0,9,1,0,0
g004454,0.0416666666666667,229:31,24,24,21,3,0,31,2,0,0
g004455,0.0909090909090909,239:21,11,11,10,2,0,21,2,1,0
g004457,0.0588235294117647,233:27,17,17,15,4,0,27,2,0,0
g004459,0.142857142857143,229:31,7,7,6,1,0,31,2,0,0
g004462,0.05,229:31,20,20,18,4,0,31,2,0,0
g004463,0.333333333333333,5:255,3,3,1,2,1,255,1,0,0
g004464,0.0666666666666667,243:17,15,15,15,0,0,17,2,0,0
g004465,0.125,250:10,8,8,8,0,0,10,2,0,0
g004466,0.0666666666666667,207:53,15,15,13,2,0,53,0,0,0
g004469_2,0.5,258:2,2,2,2,0,0,2,2,0,0
g004470_1,0.125,252:8,8,8,8,0,0,8,2,1,0
g004470_2,0.5,257:3,2,2,2,0,0,3,2,1,0
g004473,0.0625,220:40,16,16,16,1,0,40,1,0,0
g004474,0.0384615384615385,232:28,26,26,26,2,0,28,0,0,0
g004475,0.0454545454545455,204:56,22,22,18,4,0,56,2,0,0
g004476,0.0555555555555556,211:49,18,18,11,8,0,49,2,0,0
g004477,0.0384615384615385,233:27,26,26,26,0,0,27,2,0,0
g004483_1,0.111111111111111,250:10,9,9,9,0,0,10,2,0,0
g004484,0.142857142857143,236:24,7,7,6,1,0,24,2,0,0
g004487,0.05,236:24,20,20,19,1,0,24,2,0,0
g004492,0.142857142857143,253:7,7,7,7,0,0,7,2,1,0
g004493,0.142857142857143,253:7,7,7,7,0,0,7,2,0,0
g004497,0.111111111111111,227:33,9,9,8,1,0,33,2,1,0
g004501,0.0416666666666667,229:31,24,24,23,3,0,31,2,0,0
g004502,0.111111111111111,247:13,9,9,9,1,0,13,2,1,0
g004503,0.125,242:18,8,8,8,0,0,18,1,0,0
g004505,0.0294117647058824,211:49,34,34,26,8,0,49,2,0,0
g004506,0.04,167:93,25,25,6,21,1,93,1,0,0
g004508,0.0769230769230769,247:13,13,13,13,1,0,13,2,0,0
g004512,0.0666666666666667,242:18,15,15,14,1,0,18,2,0,0
g004513_2,0.1,233:27,10,10,10,0,0,27,0,0,0
g004514,0.111111111111111,249:11,9,9,9,1,0,11,2,1,0
g004517_2,1,258:2,1,1,1,0,0,2,0,0,1
g004518,0.0625,226:34,16,16,14,2,0,34,0,1,0
g004520,0.03125,220:40,32,32,31,1,0,40,2,1,0
g004521,0.125,247:13,8,8,8,0,0,13,2,0,0
g004523,0.125,252:8,8,8,8,0,0,8,2,1,0
g004525,0.0454545454545455,232:28,22,22,21,1,0,28,1,0,0
g004527,0.0384615384615385,225:35,26,26,23,3,0,35,2,0,0
g004529,0.0714285714285714,242:18,14,14,14,0,0,18,2,0,0
g004530,0.04,233:27,25,25,25,2,0,27,0,0,0
g004531,0.1,245:15,10,10,10,0,0,15,2,0,0
g004533,0.0588235294117647,165:95,17,17,17,0,0,95,0,0,0
g004534,0.0714285714285714,212:48,14,14,12,2,0,48,1,0,0
g004539,0.0833333333333333,243:17,12,12,12,1,0,17,2,0,0
g004541,0.5,9:251,2,2,0,2,1,251,0,0,1
g004548,0.111111111111111,251:9,9,9,9,0,0,9,1,0,0
g004553,0.0454545454545455,229:31,22,22,21,2,0,31,2,0,0
g004555,0.111111111111111,249:11,9,9,9,0,0,11,0,0,0
g004558,0.0588235294117647,167:93,17,17,13,6,0,93,0,0,0
g004560,0.0833333333333333,241:19,12,12,12,0,0,19,1,0,0
g004561,0.142857142857143,253:7,7,7,7,0,0,7,2,1,0
g004562,0.166666666666667,253:7,6,6,5,2,0,7,0,0,0
g004563,0.0714285714285714,245:15,14,14,14,0,0,15,2,1,0
g004564,0.166666666666667,251:9,6,6,6,0,0,9,2,0,0
g004565,0.142857142857143,228:32,7,7,4,3,0,32,1,0,0
g004566,0.142857142857143,251:9,7,7,7,1,0,9,2,0,0
g004567,0.25,242:18,4,4,4,0,0,18,0,0,0
g004568,0.25,252:8,4,4,4,0,0,8,2,0,0
g004569,0.142857142857143,252:8,7,7,7,0,0,8,1,0,0
g004570,0.2,243:17,5,5,4,2,0,17,1,0,0
g004572_1,0.142857142857143,251:9,7,7,7,0,0,9,2,1,0
g004572_2,0.333333333333333,256:4,3,3,3,0,0,4,0,0,0
g004573,0.166666666666667,238:22,6,6,6,0,0,22,0,0,0
g004574,0.142857142857143,194:66,7,7,7,0,0,66,1,0,0
g004576,0.125,247:13,8,8,8,0,0,13,0,0,0
g004578,0.142857142857143,253:7,7,7,6,1,0,7,2,1,0
g004579,0.166666666666667,250:10,6,6,6,0,0,10,2,1,0
g004580,0.166666666666667,254:6,6,6,6,0,0,6,1,0,0
g004581,0.125,252:8,8,8,8,0,0,8,1,0,0
g004582,0.166666666666667,250:10,6,6,6,0,0,10,2,0,0
g004584,0.111111111111111,251:9,9,9,9,0,0,9,1,0,0
g004585,0.2,254:6,5,5,5,0,0,6,1,0,0
g004586,0.111111111111111,244:16,9,9,8,1,0,16,1,0,0
g004587,0.166666666666667,254:6,6,6,6,0,0,6,2,1,0
g004589,0.166666666666667,253:7,6,6,6,0,0,7,2,0,0
g004591,0.166666666666667,252:8,6,6,5,1,0,8,2,1,0
g004592,0.1,249:11,10,10,10,0,0,11,2,0,0
g004593,0.142857142857143,253:7,7,7,7,0,0,7,2,0,0
g004595,0.166666666666667,254:6,6,6,6,0,0,6,2,0,0
g004596,0.125,249:11,8,8,8,0,0,11,1,0,0
g004598,0.0909090909090909,248:12,11,11,10,1,0,12,2,1,0
g004599,0.0277777777777778,175:85,36,36,31,6,0,85,2,0,0
g004600,0.125,251:9,8,8,8,0,0,9,2,0,0
g004601,0.0625,176:84,16,16,12,4,0,84,0,0,0
g004605,0.142857142857143,253:7,7,7,7,0,0,7,1,0,0
g004606,0.0588235294117647,165:95,17,17,17,1,0,95,0,0,0
g004608,0.111111111111111,251:9,9,9,9,0,0,9,1,0,0
g004611,0.0555555555555556,190:70,18,18,17,1,0,70,1,0,0
g004612,0.125,247:13,8,8,8,0,0,13,0,0,0
g004613,0.0769230769230769,223:37,13,13,13,0,0,37,2,0,0
g004615,0.0909090909090909,174:86,11,11,9,3,0,86,1,0,0
g004618,0.0909090909090909,247:13,11,11,10,1,0,13,1,0,0
g004621,0.0833333333333333,245:15,12,12,11,2,0,15,2,0,0
g004623,0.0833333333333333,238:22,12,12,11,1,0,22,1,0,0
g004626,0.111111111111111,243:17,9,9,8,1,0,17,2,0,0
g004628,0.0625,243:17,16,16,16,0,0,17,2,0,0
g004629,0.142857142857143,230:30,7,7,7,0,0,30,2,0,0
g004630,0.142857142857143,253:7,7,7,7,0,0,7,2,1,0
g004631,0.0434782608695652,216:44,23,23,22,1,0,44,2,0,0
g004632,0.166666666666667,243:17,6,6,4,2,0,17,1,0,0
g004633,0.142857142857143,252:8,7,7,7,0,0,8,0,1,0
g004635,0.142857142857143,251:9,7,7,7,1,0,9,1,0,0
g004636,0.166666666666667,252:8,6,6,6,0,0,8,2,1,0
g004637,0.2,252:8,5,5,5,0,0,8,0,0,0
g004638,0.1,246:14,10,10,10,0,0,14,1,0,0
g004641,0.1,244:16,10,10,10,0,0,16,1,0,0
g004643,0.166666666666667,252:8,6,6,6,0,0,8,2,1,0
g004644,0.0833333333333333,242:18,12,12,12,0,0,18,1,0,0
g004645,0.0526315789473684,173:87,19,19,18,4,0,87,1,0,0
g004646,0.111111111111111,248:12,9,9,7,2,1,12,0,0,0
g004647,0.05,126:134,20,20,17,5,0,134,1,0,0
g004648,0.166666666666667,254:6,6,6,6,0,0,6,0,1,0
g004649_1,0.25,256:4,4,4,4,0,0,4,2,0,0
g004649_2,0.5,258:2,2,2,2,0,0,2,2,0,0
g004651,0.142857142857143,253:7,7,7,6,1,0,7,2,1,0
g004652,0.05,101:159,20,20,10,10,0,159,1,0,0
g004653,0.142857142857143,251:9,7,7,6,1,0,9,2,0,0
g004657,0.142857142857143,250:10,7,7,6,1,0,10,1,0,0
g004659,0.0277777777777778,175:85,36,36,32,7,0,85,2,0,0
g004661,0.166666666666667,252:8,6,6,6,0,0,8,2,1,0
g004662,0.25,227:33,4,4,0,4,1,33,1,0,1
g004663,0.0454545454545455,200:60,22,22,16,10,0,60,1,0,0
g004664_1,0.111111111111111,250:10,9,9,9,0,0,10,2,0,0
g004668,0.142857142857143,253:7,7,7,7,1,0,7,2,1,0
g004669,0.0555555555555556,231:29,18,18,16,4,0,29,1,0,0
g004670,0.166666666666667,252:8,6,6,6,0,0,8,0,0,0
g004671,0.0714285714285714,245:15,14,14,14,0,0,15,2,0,0
g004672,0.125,252:8,8,8,8,1,0,8,1,0,0
g004674,0.142857142857143,186:74,7,7,4,3,0,74,1,0,0
g004676,0.166666666666667,254:6,6,6,6,0,0,6,2,1,0
g004677,0.166666666666667,254:6,6,6,6,0,0,6,2,1,0
g004678,0.166666666666667,254:6,6,6,6,0,0,6,0,1,0
g004679,0.142857142857143,252:8,7,7,7,0,0,8,2,1,0
g004681,0.125,243:17,8,8,8,0,0,17,0,1,0
g004682,0.25,223:37,4,4,4,0,0,37,1,0,0
g004684,0.0833333333333333,242:18,12,12,12,0,0,18,1,0,0
g004685,0.0434782608695652,35:225,23,23,6,20,1,225,0,0,0
g004686,0.0909090909090909,247:13,11,11,10,1,0,13,1,0,0
g004689,0.142857142857143,251:9,7,7,7,0,0,9,1,0,0
g004690,0.142857142857143,253:7,7,7,7,0,0,7,1,0,0
g004692,0.111111111111111,239:21,9,9,9,1,0,21,1,0,0
g004696,0.0833333333333333,197:63,12,12,12,0,0,63,1,0,0
g004700,0.0666666666666667,211:49,15,15,15,0,0,49,1,0,0
g004703,0.2,174:86,5,5,5,0,0,86,1,0,0
g004704,0.166666666666667,250:10,6,6,6,0,0,10,1,0,0
g004705,0.125,251:9,8,8,8,0,0,9,2,0,0
g004706,0.5,217:43,2,2,2,0,0,43,1,0,0
g004710,0.0588235294117647,204:56,17,17,14,4,0,56,1,0,0
g004713,0.166666666666667,254:6,6,6,6,0,0,6,2,1,0
g004716,0.1,248:12,10,10,9,2,0,12,1,0,0
g004718_1,0.0666666666666667,166:94,15,15,6,11,0,94,0,0,0
g004721,0.0344827586206897,223:37,29,29,27,4,0,37,1,0,0
g004724,0.5,204:56,2,2,2,0,0,56,1,0,0
g004725,0.0454545454545455,200:60,22,22,16,10,0,60,1,0,0
g004732,0.0714285714285714,207:53,14,14,13,1,0,53,0,0,0
g004733,0.166666666666667,253:7,6,6,6,0,0,7,2,1,0
g004734,0.166666666666667,253:7,6,6,6,0,0,7,2,1,0
g004736,0.166666666666667,254:6,6,6,6,0,0,6,2,0,0
g004737,0.0526315789473684,177:83,19,19,3,17,0,83,0,0,0
g004738,0.125,252:8,8,8,8,0,0,8,2,1,0
g004739,0.0555555555555556,193:67,18,18,14,4,0,67,1,0,0
g004740,0.125,233:27,8,8,8,0,0,27,0,0,0
g004742_2,0.5,253:7,2,2,2,0,0,7,1,0,0
g004752,0.1,246:14,10,10,10,0,0,14,1,0,0
g004753,0.142857142857143,233:27,7,7,7,0,0,27,2,1,0
g004757,0.166666666666667,252:8,6,6,6,0,0,8,0,0,0
g004759,0.0909090909090909,247:13,11,11,10,2,0,13,1,0,0
g004760,0.2,254:6,5,5,5,0,0,6,1,0,0
g004761,0.0909090909090909,247:13,11,11,10,1,0,13,1,0,0
g004764,0.1,249:11,10,10,10,0,0,11,2,1,0
g004765,0.125,250:10,8,8,8,0,0,10,2,1,0
g004767,0.0285714285714286,115:145,35,35,27,10,0,145,1,0,0
g004768_1,0.25,205:55,4,4,4,0,0,55,2,0,0
g004770,0.166666666666667,254:6,6,6,6,1,0,6,2,1,0
g004773,0.0909090909090909,248:12,11,11,11,0,0,12,2,1,0
g004774,0.0416666666666667,186:74,24,24,19,6,1,74,1,0,0
g004776,0.0833333333333333,218:42,12,12,12,0,0,42,1,0,0
g004778,0.0454545454545455,36:224,22,22,5,18,1,224,0,0,0
g004780,0.142857142857143,230:30,7,7,6,1,0,30,0,0,0
g004783,0.0769230769230769,210:50,13,13,11,2,0,50,0,0,0
g004788,0.0666666666666667,210:50,15,15,13,3,0,50,1,0,0
g004790_1,0.25,256:4,4,4,4,0,0,4,2,0,0
g004790_2,0.5,258:2,2,2,2,0,0,2,2,0,0
g004793,0.0555555555555556,231:29,18,18,16,4,0,29,1,0,0
g004795,0.142857142857143,253:7,7,7,7,0,0,7,2,0,0
g004797,0.142857142857143,252:8,7,7,6,1,0,8,2,0,0
g004798,0.1,247:13,10,10,10,0,0,13,1,0,0
g004801,0.166666666666667,254:6,6,6,6,0,0,6,2,1,0
g004803,0.2,234:26,5,5,5,0,0,26,1,0,0
g004805,0.0454545454545455,200:60,22,22,15,11,0,60,1,0,0
g004808,0.0526315789473684,210:50,19,19,13,7,0,50,2,0,0
g004811,0.111111111111111,251:9,9,9,9,0,0,9,2,0,0
g004812,0.166666666666667,254:6,6,6,6,0,0,6,1,0,0
g004815,0.125,225:35,8,8,8,0,0,35,1,0,0
g004816,0.166666666666667,252:8,6,6,6,0,0,8,2,1,0
g004817,0.142857142857143,253:7,7,7,7,0,0,7,0,1,0
g004819_1,0.5,238:22,2,2,2,0,0,22,2,0,0
g004819_2,0.333333333333333,257:3,3,3,3,0,0,3,1,0,0
g004820,0.0769230769230769,225:35,13,13,12,1,0,35,1,0,0
g004821,0.166666666666667,248:12,6,6,6,0,0,12,2,0,0
g004823,0.166666666666667,225:35,6,6,6,0,0,35,1,0,0
g004826,0.111111111111111,210:50,9,9,5,4,0,50,1,0,0
g004827,0.166666666666667,254:6,6,6,6,0,0,6,2,1,0
g004829,0.1,239:21,10,10,10,0,0,21,0,0,0
g004830,0.0476190476190476,178:82,21,21,19,3,0,82,0,0,0
g004832,0.166666666666667,243:17,6,6,6,0,0,17,1,0,0
g004833,0.0769230769230769,230:30,13,13,10,4,0,30,0,0,0
g004836,0.166666666666667,252:8,6,6,6,0,0,8,2,1,0
g004839,0.166666666666667,254:6,6,6,6,0,0,6,2,1,0
g004840,0.142857142857143,253:7,7,7,7,0,0,7,2,1,0
g004844,0.142857142857143,249:11,7,7,6,1,0,11,2,0,0
g004846,0.111111111111111,248:12,9,9,9,0,0,12,0,0,0
g004848,0.125,225:35,8,8,8,0,0,35,1,0,0
g004849,0.1,242:18,10,10,10,1,0,18,2,1,0
g004850,0.0526315789473684,222:38,19,19,16,4,0,38,0,0,0
g004851,0.0909090909090909,248:12,11,11,11,0,0,12,2,0,0
g004853,0.125,251:9,8,8,8,0,0,9,2,1,0
g004855,0.166666666666667,254:6,6,6,6,0,0,6,2,1,0
g004856,0.0588235294117647,167:93,17,17,13,5,0,93,0,0,0
g004857,0.0666666666666667,220:40,15,15,14,1,0,40,2,0,0
g004858,0.125,250:10,8,8,8,1,0,10,2,0,0
g004859,0.0769230769230769,213:47,13,13,12,2,0,47,1,0,0
g004860,0.0434782608695652,105:155,23,23,12,13,1,155,1,0,0
g004865,0.125,251:9,8,8,8,0,0,9,2,0,0
g004866,0.25,229:31,4,4,2,2,0,31,1,0,0
g004868,0.166666666666667,253:7,6,6,6,0,0,7,2,0,0
g004869,0.0416666666666667,234:26,24,24,24,1,0,26,2,0,0
g004871,0.0625,164:96,16,16,12,4,0,96,0,0,0
g004872,0.0769230769230769,231:29,13,13,12,2,0,29,0,0,0
g004873,0.142857142857143,252:8,7,7,7,0,0,8,1,0,0
g004875,0.125,250:10,8,8,8,1,0,10,2,0,0
g004878,0.037037037037037,231:29,27,27,27,1,0,29,2,0,0
g004879,0.0434782608695652,230:30,23,23,22,3,0,30,2,0,0
g004881,0.0833333333333333,218:42,12,12,12,0,0,42,1,0,0
g004882,0.0588235294117647,223:37,17,17,17,2,0,37,2,0,0
g004883,0.0833333333333333,215:45,12,12,11,2,0,45,1,0,0
g004885,0.125,252:8,8,8,8,0,0,8,1,0,0
g004889,0.0714285714285714,245:15,14,14,14,0,0,15,2,0,0
g004890,0.0476190476190476,61:199,21,21,9,12,0,199,1,0,0
g004893,0.166666666666667,253:7,6,6,5,2,0,7,0,0,0
g004895,0.0625,186:74,16,16,15,1,0,74,2,1,0
g004896,0.125,243:17,8,8,7,1,0,17,0,0,0
g004899,0.0666666666666667,243:17,15,15,14,2,0,17,2,0,0
g004900,0.166666666666667,254:6,6,6,6,0,0,6,2,0,0
g004905,0.0909090909090909,243:17,11,11,10,1,0,17,1,0,0
g004906,0.1,248:12,10,10,10,0,0,12,2,0,0
g004909,0.1,228:32,10,10,10,1,0,32,2,0,0
g004911,0.111111111111111,225:35,9,9,8,1,0,35,2,0,0
g004912,0.0909090909090909,246:14,11,11,11,2,0,14,2,0,0
g004914,0.0476190476190476,131:129,21,21,18,4,0,129,1,0,0
g004916,0.0909090909090909,247:13,11,11,9,2,0,13,1,0,0
g004919,0.1,250:10,10,10,10,0,0,10,2,0,0
g004921,0.0714285714285714,245:15,14,14,13,2,0,15,2,0,0
g004924,0.0344827586206897,228:32,29,29,29,3,0,32,0,0,0
g004926,0.0909090909090909,234:26,11,11,9,2,0,26,0,0,0
g004927,0.166666666666667,254:6,6,6,6,0,0,6,2,1,0
g004930_2,0.5,257:3,2,2,2,0,0,3,0,0,0
g004932,0.142857142857143,252:8,7,7,7,0,0,8,2,0,0
g004934,0.0555555555555556,236:24,18,18,17,2,0,24,2,0,0
g004935,0.0384615384615385,233:27,26,26,26,1,0,27,2,0,0
g004938,0.111111111111111,251:9,9,9,9,0,0,9,1,0,0
g004940,0.125,250:10,8,8,8,1,0,10,2,1,0
g004945,0.1,243:17,10,10,8,3,0,17,2,0,0
g004946,0.125,229:31,8,8,7,1,0,31,2,0,0
g004951,0.166666666666667,254:6,6,6,6,1,0,6,2,1,0
g004954,0.0555555555555556,152:108,18,18,8,10,1,108,1,0,0
g004955,0.0357142857142857,225:35,28,28,28,1,0,35,2,0,0
g004956,0.0833333333333333,243:17,12,12,11,1,0,17,2,0,0
g004957,0.142857142857143,252:8,7,7,7,0,0,8,2,0,0
g004958,0.125,250:10,8,8,8,1,0,10,2,1,0
g004962,0.166666666666667,233:27,6,6,5,1,0,27,2,0,0
g004963,0.2,236:24,5,5,5,0,0,24,1,0,0
g004965,0.2,251:9,5,5,5,0,0,9,2,0,0
g004966,0.2,251:9,5,5,5,0,0,9,2,0,0
g004967,0.2,255:5,5,5,5,0,0,5,2,1,0
g004968,0.2,253:7,5,5,5,0,0,7,0,0,0
g004969,0.2,254:6,5,5,5,0,0,6,1,0,0
g004970,0.142857142857143,245:15,7,7,7,1,0,15,1,0,0
g004971,0.111111111111111,219:41,9,9,3,7,0,41,2,0,0
g004972,0.111111111111111,245:15,9,9,9,1,0,15,1,0,0
g004973,0.142857142857143,253:7,7,7,7,0,0,7,1,0,0
g004974,0.25,255:5,4,4,4,0,0,5,0,0,0
g004975,0.166666666666667,254:6,6,6,6,1,0,6,2,0,0
g004977,0.166666666666667,252:8,6,6,5,1,0,8,0,0,0
g004978,0.166666666666667,253:7,6,6,6,1,0,7,2,1,0
g004979,0.166666666666667,228:32,6,6,5,2,0,32,0,0,0
g004980,0.2,255:5,5,5,5,0,0,5,1,0,0
g004981,0.142857142857143,252:8,7,7,7,0,0,8,2,0,0
g004982,0.2,255:5,5,5,5,0,0,5,0,0,0
g004983,0.2,236:24,5,5,5,0,0,24,1,0,0
g004984,0.142857142857143,186:74,7,7,4,3,0,74,1,0,0
g004986,0.25,253:7,4,4,4,0,0,7,0,0,0
g004987,0.2,253:7,5,5,5,0,0,7,0,0,0
g004988,0.2,251:9,5,5,5,0,0,9,0,0,0
g004989,0.125,249:11,8,8,8,0,0,11,2,0,0
g004991_1,0.5,258:2,2,2,2,0,0,2,2,0,0
g004992,0.2,246:14,5,5,5,1,0,14,2,0,0
g004993,0.125,249:11,8,8,8,0,0,11,2,0,0
g004994,0.25,255:5,4,4,4,1,0,5,0,1,0
g004995,0.2,255:5,5,5,5,0,0,5,2,0,0
g004996_1,1,258:2,1,1,1,0,0,2,0,0,1
g004996_2,1,258:2,1,1,1,0,0,2,1,0,1
g004996_3,1,258:2,1,1,1,0,0,2,1,0,1
g004998,0.166666666666667,254:6,6,6,6,0,0,6,0,1,0
g004999,0.142857142857143,253:7,7,7,7,0,0,7,1,0,0
g005001,0.2,252:8,5,5,5,0,0,8,0,0,0
g005003,0.0909090909090909,249:11,11,11,10,1,0,11,0,0,0
g005005,0.2,253:7,5,5,5,0,0,7,1,0,0
g005006,0.166666666666667,252:8,6,6,6,0,0,8,2,1,0
g005007,0.125,247:13,8,8,7,1,0,13,1,0,0
g005008,0.0833333333333333,245:15,12,12,12,2,0,15,2,0,0
g005009,0.0909090909090909,247:13,11,11,10,2,0,13,1,0,0
g005012,0.2,255:5,5,5,5,0,0,5,1,0,0
g005014,0.111111111111111,248:12,9,9,9,0,0,12,2,0,0
g005015,0.142857142857143,253:7,7,7,7,0,0,7,1,1,0
g005016,0.111111111111111,227:33,9,9,8,1,0,33,2,0,0
g005017,0.1,233:27,10,10,10,0,0,27,1,0,0
g005019,0.2,192:68,5,5,3,2,0,68,0,0,0
g005022,0.2,240:20,5,5,5,0,0,20,2,0,0
g005023,0.1,233:27,10,10,10,1,0,27,1,0,0
g005024,0.142857142857143,180:80,7,7,7,0,0,80,1,0,0
g005025,0.142857142857143,228:32,7,7,4,3,0,32,1,0,0
g005026,0.142857142857143,250:10,7,7,7,0,0,10,1,0,0
g005029,0.0588235294117647,56:204,17,17,5,13,1,204,1,0,0
g005032,0.2,254:6,5,5,5,0,0,6,0,0,0
g005033,0.166666666666667,252:8,6,6,6,0,0,8,2,1,0
g005034,0.2,252:8,5,5,5,0,0,8,1,0,0
g005036,0.142857142857143,251:9,7,7,6,1,0,9,1,0,0
g005037,0.25,205:55,4,4,4,0,0,55,0,0,0
g005039,0.166666666666667,252:8,6,6,6,0,0,8,2,1,0
g005041,0.0769230769230769,163:97,13,13,8,5,1,97,1,0,0
g005042,0.2,255:5,5,5,5,0,0,5,0,1,0
g005043,0.0416666666666667,208:52,24,24,23,2,0,52,1,0,0
g005044,0.0714285714285714,221:39,14,14,12,2,0,39,2,0,0
g005046,0.2,253:7,5,5,5,0,0,7,2,1,0
g005047,0.2,255:5,5,5,5,0,0,5,1,0,0
g005048,0.166666666666667,254:6,6,6,6,0,0,6,1,1,0
g005050,0.166666666666667,254:6,6,6,6,1,0,6,0,0,0
g005052,0.25,255:5,4,4,4,0,0,5,0,1,0
g005054,0.142857142857143,230:30,7,7,6,1,0,30,0,0,0
g005055,0.142857142857143,186:74,7,7,4,3,0,74,1,0,0
g005056,0.142857142857143,251:9,7,7,7,0,0,9,0,0,0
g005057,0.2,250:10,5,5,5,0,0,10,2,0,0
g005058,0.166666666666667,254:6,6,6,6,0,0,6,2,0,0
g005059,0.0666666666666667,188:72,15,15,14,1,0,72,1,0,0
g005062_1,0.125,251:9,8,8,8,0,0,9,2,0,0
g005062_2,0.5,258:2,2,2,2,0,0,2,2,1,0
g005063,0.1,250:10,10,10,10,0,0,10,0,0,0
g005065,0.2,250:10,5,5,5,0,0,10,1,1,0
g005066,0.166666666666667,248:12,6,6,6,0,0,12,1,1,0
g005067,0.142857142857143,251:9,7,7,7,0,0,9,1,1,0
g005068,0.2,254:6,5,5,5,0,0,6,1,0,0
g005071,0.0625,229:31,16,16,16,2,0,31,2,0,0
g005072,0.142857142857143,193:67,7,7,7,0,0,67,1,0,0
g005075,0.0769230769230769,214:46,13,13,6,7,0,46,2,0,0
g005076,0.05,219:41,20,20,20,2,0,41,2,0,0
g005078,0.142857142857143,235:25,7,7,4,3,0,25,1,0,0
g005079,0.2,234:26,5,5,5,0,0,26,1,0,0
g005080,0.2,255:5,5,5,5,0,0,5,2,1,0
g005081,0.25,255:5,4,4,4,0,0,5,1,0,0
g005084,0.25,229:31,4,4,2,2,0,31,1,0,0
g005085,0.166666666666667,231:29,6,6,5,1,0,29,2,0,0
g005088,0.1,239:21,10,10,10,1,0,21,0,0,0
g005089,0.2,254:6,5,5,5,0,0,6,1,0,0
g005091,0.25,229:31,4,4,2,2,0,31,1,0,0
g005092,0.0833333333333333,243:17,12,12,12,0,0,17,2,0,0
g005095,0.125,225:35,8,8,8,0,0,35,1,0,0
g005097_1,0.2,249:11,5,5,4,1,0,11,1,0,0
g005098,0.0909090909090909,116:144,11,11,8,4,0,144,1,0,0
g005099,0.0588235294117647,241:19,17,17,17,0,0,19,1,0,0
g005100,0.166666666666667,254:6,6,6,6,0,0,6,2,1,0
g005101,0.125,243:17,8,8,8,0,0,17,1,0,0
g005103,0.142857142857143,180:80,7,7,7,0,0,80,1,0,0
g005104,0.166666666666667,254:6,6,6,6,0,0,6,1,1,0
g005105_2,0.333333333333333,257:3,3,3,3,0,0,3,1,0,0
g005106,0.2,255:5,5,5,5,0,0,5,2,0,0
g005107,0.166666666666667,254:6,6,6,6,0,0,6,2,1,0
g005108,0.111111111111111,248:12,9,9,7,2,1,12,0,0,0
g005110,0.142857142857143,249:11,7,7,5,2,0,11,1,0,0
g005112,0.2,253:7,5,5,5,0,0,7,2,0,0
g005117,0.2,254:6,5,5,5,1,0,6,2,1,0
g005119,0.166666666666667,254:6,6,6,5,1,0,6,0,1,0
g005120,0.2,243:17,5,5,4,2,0,17,1,0,0
g005121,0.0555555555555556,186:74,18,18,13,5,0,74,1,0,0
g005122,0.166666666666667,252:8,6,6,6,1,0,8,1,0,0
g005125,0.111111111111111,250:10,9,9,9,0,0,10,2,0,0
g005126,0.2,243:17,5,5,4,1,0,17,0,0,0
g005128,0.0714285714285714,67:193,14,14,5,9,1,193,1,0,0
g005129,0.166666666666667,252:8,6,6,6,0,0,8,2,1,0
g005130,0.25,244:16,4,4,4,0,0,16,1,0,0
g005131,0.04,108:152,25,25,15,12,0,152,1,0,0
g005132,0.2,254:6,5,5,5,1,0,6,2,1,0
g005135,0.142857142857143,252:8,7,7,6,1,0,8,1,0,0
g005138,0.0666666666666667,188:72,15,15,14,1,0,72,1,0,0
g005139,0.2,251:9,5,5,5,0,0,9,1,0,0
g005142,0.0555555555555556,209:51,18,18,12,7,0,51,0,0,0
g005143,0.125,249:11,8,8,8,0,0,11,2,0,0
g005144,0.2,247:13,5,5,4,1,0,13,0,0,0
g005146,0.0666666666666667,78:182,15,15,7,10,0,182,1,0,0
g005148,0.04,98:162,25,25,18,8,1,162,1,0,0
g005152,0.166666666666667,252:8,6,6,6,0,0,8,2,0,0
g005153,0.0416666666666667,208:52,24,24,23,1,0,52,1,0,0
g005155,0.333333333333333,5:255,3,3,1,3,1,255,1,0,0
g005161,0.142857142857143,249:11,7,7,6,2,0,11,1,0,0
g005162,0.0909090909090909,245:15,11,11,11,0,0,15,1,0,0
g005164,0.2,234:26,5,5,5,0,0,26,1,0,0
g005165,0.04,108:152,25,25,14,12,1,152,1,0,0
g005166,0.0909090909090909,240:20,11,11,11,2,0,20,0,0,0
g005167,0.1,12:248,10,10,0,10,1,248,1,0,1
g005169,0.2,255:5,5,5,5,0,0,5,2,0,0
g005173,0.2,254:6,5,5,5,0,0,6,2,0,0
g005174,0.2,249:11,5,5,5,1,0,11,1,0,0
g005180,0.0833333333333333,197:63,12,12,12,0,0,63,1,0,0
g005181,0.166666666666667,231:29,6,6,5,1,0,29,2,0,0
g005182,0.166666666666667,254:6,6,6,6,0,0,6,2,1,0
g005184,0.142857142857143,250:10,7,7,7,0,0,10,2,0,0
g005185,0.111111111111111,251:9,9,9,9,0,0,9,1,0,0
g005188,0.166666666666667,252:8,6,6,4,2,0,8,2,0,0
g005195,0.142857142857143,249:11,7,7,7,0,0,11,2,0,0
g005196,0.0344827586206897,95:165,29,29,6,23,1,165,1,0,0
g005197,0.0588235294117647,240:20,17,17,17,1,0,20,2,0,0
g005201,0.25,231:29,4,4,4,0,0,29,1,0,0
g005203,0.142857142857143,244:16,7,7,7,0,0,16,0,0,0
g005206,0.1,187:73,10,10,10,0,0,73,1,0,0
g005208,0.166666666666667,252:8,6,6,6,0,0,8,2,0,0
g005209,0.2,5:255,5,5,0,5,1,255,1,0,1
g005211,0.125,248:12,8,8,8,1,0,12,2,0,0
g005212,0.166666666666667,254:6,6,6,6,0,0,6,2,1,0
g005213,0.1,248:12,10,10,10,0,0,12,1,0,0
g005215,0.0769230769230769,246:14,13,13,13,0,0,14,2,0,0
g005217,0.166666666666667,248:12,6,6,6,1,0,12,1,0,0
g005219,0.111111111111111,245:15,9,9,9,0,0,15,1,0,0
g005220,0.2,255:5,5,5,5,0,0,5,2,1,0
g005222,0.111111111111111,224:36,9,9,9,0,0,36,1,0,0
g005223,0.25,227:33,4,4,0,4,1,33,1,0,1
g005224,0.2,255:5,5,5,5,0,0,5,2,0,0
g005227,0.2,234:26,5,5,5,0,0,26,1,0,0
g005228,0.125,233:27,8,8,8,0,0,27,0,0,0
g005229,0.2,255:5,5,5,5,0,0,5,2,0,0
g005231,0.2,251:9,5,5,5,0,0,9,2,0,0
g005232,0.0714285714285714,226:34,14,14,13,2,0,34,2,0,0
g005233,0.142857142857143,252:8,7,7,6,1,0,8,2,0,0
g005236_1,0.333333333333333,257:3,3,3,3,0,0,3,2,0,0
g005236_2,0.5,258:2,2,2,2,0,0,2,0,0,0
g005243,0.2,202:58,5,5,5,0,0,58,0,0,0
g005246,0.0714285714285714,236:24,14,14,11,5,0,24,2,0,0
g005248,0.2,253:7,5,5,5,0,0,7,2,0,0
g005250,0.166666666666667,253:7,6,6,6,0,0,7,2,0,0
g005253,0.0625,176:84,16,16,12,4,0,84,0,0,0
g005256,0.166666666666667,252:8,6,6,6,0,0,8,2,1,0
g005257,0.125,249:11,8,8,8,0,0,11,1,0,0
g005258,0.166666666666667,252:8,6,6,6,0,0,8,2,1,0
g005260,0.111111111111111,251:9,9,9,9,0,0,9,1,0,0
g005261,0.142857142857143,235:25,7,7,7,0,0,25,2,0,0
g005262,0.166666666666667,251:9,6,6,6,0,0,9,0,0,0
g005263,0.0416666666666667,196:64,24,24,21,5,0,64,1,0,0
g005266,0.142857142857143,227:33,7,7,7,0,0,33,1,0,0
g005267,0.111111111111111,251:9,9,9,9,0,0,9,1,0,0
g005268,0.125,252:8,8,8,8,0,0,8,2,1,0
g005270,0.142857142857143,252:8,7,7,7,1,0,8,2,1,0
g005271,0.0285714285714286,176:84,35,35,31,6,0,84,2,0,0
g005272,0.1,220:40,10,10,10,0,0,40,1,0,0
g005273,0.2,255:5,5,5,5,0,0,5,0,0,0
g005274,0.166666666666667,254:6,6,6,5,1,0,6,2,1,0
g005275,0.1,239:21,10,10,9,1,0,21,0,0,0
g005276,0.0555555555555556,193:67,18,18,13,5,0,67,1,0,0
g005277,0.166666666666667,252:8,6,6,6,0,0,8,2,1,0
g005278,0.166666666666667,249:11,6,6,6,0,0,11,0,0,0
g005284,0.166666666666667,253:7,6,6,6,0,0,7,1,0,0
g005285,0.04,98:162,25,25,19,7,0,162,1,0,0
g005287,0.2,239:21,5,5,5,0,0,21,1,0,0
g005289,0.2,255:5,5,5,5,0,0,5,1,0,0
g005291,0.0555555555555556,231:29,18,18,16,3,0,29,1,0,0
g005294,0.142857142857143,251:9,7,7,7,0,0,9,1,0,0
g005295,0.111111111111111,251:9,9,9,9,0,0,9,1,0,0
g005296,0.0714285714285714,236:24,14,14,11,3,0,24,2,0,0
g005297,0.037037037037037,222:38,27,27,25,3,0,38,2,0,0
g005298,0.142857142857143,252:8,7,7,6,1,0,8,2,1,0
g005299,0.142857142857143,186:74,7,7,4,3,0,74,1,0,0
g005301,0.0666666666666667,78:182,15,15,6,9,0,182,1,0,0
g005302,0.2,229:31,5,5,4,1,0,31,0,0,0
g005304,0.1,240:20,10,10,10,1,0,20,0,0,0
g005305,0.0714285714285714,212:48,14,14,11,3,0,48,1,0,0
g005307,0.111111111111111,245:15,9,9,8,1,0,15,1,0,0
g005310_1,0.166666666666667,6:254,6,6,0,6,1,254,0,0,1
g005310_2,0.5,258:2,2,2,2,0,0,2,0,0,0
g005311,0.142857142857143,253:7,7,7,7,0,0,7,2,0,0
g005313,0.125,228:32,8,8,7,1,0,32,2,0,0
g005315,0.0769230769230769,236:24,13,13,9,4,0,24,2,0,0
g005317,0.2,255:5,5,5,5,0,0,5,2,0,0
g005319,0.2,255:5,5,5,5,0,0,5,1,0,0
g005320,0.166666666666667,254:6,6,6,6,0,0,6,0,0,0
g005322,0.142857142857143,253:7,7,7,7,0,0,7,2,0,0
g005323,0.2,249:11,5,5,5,0,0,11,2,0,0
g005327,0.0666666666666667,235:25,15,15,14,1,0,25,2,0,0
g005329,0.0625,241:19,16,16,16,1,0,19,2,0,0
g005331,0.142857142857143,253:7,7,7,7,1,0,7,2,0,0
g005333,0.0714285714285714,240:20,14,14,14,0,0,20,2,0,0
g005334,0.0714285714285714,243:17,14,14,14,0,0,17,2,0,0
g005335_1,0.166666666666667,250:10,6,6,6,0,0,10,2,0,0
g005335_2,0.333333333333333,257:3,3,3,3,0,0,3,0,0,0
g005336,0.111111111111111,9:251,9,9,1,9,1,251,0,0,0
g005337,0.0666666666666667,243:17,15,15,15,0,0,17,2,0,0
g005338,0.25,252:8,4,4,4,0,0,8,0,0,0
g005339,0.2,255:5,5,5,5,0,0,5,2,1,0
g005341,0.2,255:5,5,5,5,0,0,5,1,1,0
g005342,0.142857142857143,246:14,7,7,7,0,0,14,1,0,0
g005349,0.0714285714285714,244:16,14,14,14,0,0,16,2,0,0
g005350,0.166666666666667,250:10,6,6,6,0,0,10,2,0,0
g005351_1,0.2,255:5,5,5,5,0,0,5,1,1,0
g005351_2,1,258:2,1,1,1,0,0,2,1,0,1
g005352,0.0666666666666667,78:182,15,15,7,9,0,182,1,0,0
g005353,0.125,250:10,8,8,8,1,0,10,2,1,0
g005356,0.0588235294117647,236:24,17,17,17,0,0,24,2,1,0
g005358,0.1,248:12,10,10,10,1,0,12,2,0,0
g005359,0.0666666666666667,210:50,15,15,13,3,0,50,1,0,0
g005363,0.0294117647058824,216:44,34,34,32,4,0,44,2,0,0
g005364,0.0833333333333333,238:22,12,12,8,5,0,22,2,0,0
g005365,0.0666666666666667,78:182,15,15,7,9,0,182,1,0,0
g005366,0.2,255:5,5,5,5,0,0,5,2,0,0
g005368,0.166666666666667,253:7,6,6,6,0,0,7,2,0,0
g005369,0.0833333333333333,218:42,12,12,12,0,0,42,1,0,0
g005372,0.2,254:6,5,5,5,0,0,6,2,0,0
g005375,0.2,254:6,5,5,5,0,0,6,2,0,0
g005377_1,0.0666666666666667,175:85,15,15,12,4,0,85,0,0,0
g005377_2,0.0625,176:84,16,16,12,5,0,84,0,0,0
g005378,0.2,240:20,5,5,5,0,0,20,2,0,0
g005379,0.2,251:9,5,5,5,0,0,9,2,0,0
g005380_1,0.0833333333333333,173:87,12,12,5,8,0,87,0,0,0
g005381,0.125,225:35,8,8,8,0,0,35,1,0,0
g005382,0.2,254:6,5,5,5,0,0,6,2,0,0
g005386,0.142857142857143,252:8,7,7,7,0,0,8,2,1,0
g005391_2,0.5,257:3,2,2,2,0,0,3,2,0,0
g005393,0.166666666666667,254:6,6,6,6,0,0,6,0,0,0
g005395,0.0625,243:17,16,16,16,0,0,17,2,0,0
g005396,0.111111111111111,251:9,9,9,9,0,0,9,1,0,0
g005398,0.2,254:6,5,5,5,0,0,6,0,0,0
g005399,0.0384615384615385,97:163,26,26,19,8,1,163,1,0,0
g005402,0.0434782608695652,143:117,23,23,11,17,0,117,1,0,0
g005405,0.2,254:6,5,5,5,0,0,6,2,1,0
g005406,0.0434782608695652,234:26,23,23,21,2,0,26,0,1,0
g005409,0.166666666666667,252:8,6,6,6,0,0,8,0,0,0
g005410,0.142857142857143,251:9,7,7,7,0,0,9,2,1,0
g005412,0.2,255:5,5,5,5,0,0,5,2,0,0
g005416,0.0909090909090909,247:13,11,11,10,1,0,13,2,0,0
g005417,0.0476190476190476,232:28,21,21,21,2,0,28,2,0,0
g005420,0.125,250:10,8,8,8,0,0,10,2,0,0
g005422,0.111111111111111,250:10,9,9,9,0,0,10,2,0,0
g005426,0.0588235294117647,210:50,17,17,16,2,0,50,2,0,0
g005427,0.111111111111111,245:15,9,9,8,2,0,15,2,0,0
g005428,0.142857142857143,250:10,7,7,7,0,0,10,0,0,0
g005429,0.142857142857143,253:7,7,7,7,0,0,7,2,0,0
g005432,0.05,61:199,20,20,9,12,0,199,1,0,0
g005434,0.0909090909090909,204:56,11,11,8,3,1,56,1,0,0
g005436,0.0666666666666667,243:17,15,15,15,0,0,17,1,0,0
g005439,0.111111111111111,244:16,9,9,7,2,0,16,2,0,0
g005440,0.0909090909090909,249:11,11,11,11,0,0,11,2,1,0
g005443,0.2,253:7,5,5,5,0,0,7,0,1,0
g005444,0.125,251:9,8,8,8,0,0,9,2,0,0
g005445,0.166666666666667,254:6,6,6,6,0,0,6,2,0,0
g005446,0.142857142857143,253:7,7,7,7,0,0,7,0,1,0
g005448,0.2,254:6,5,5,5,0,0,6,0,0,0
g005455,0.2,255:5,5,5,5,0,0,5,2,0,0
g005458,0.0384615384615385,233:27,26,26,26,1,0,27,2,0,0
g005459,0.0357142857142857,220:40,28,28,25,3,0,40,2,0,0
g005461,0.1,244:16,10,10,9,1,0,16,1,0,0
g005462,0.0625,101:159,16,16,7,11,0,159,0,0,0
g005463,0.05,68:192,20,20,5,15,0,192,1,0,0
g005464,1,4:256,1,1,0,1,1,256,1,0,1
g005467,0.111111111111111,243:17,9,9,9,1,0,17,2,1,0
g005470,0.25,256:4,4,4,4,0,0,4,2,0,0
g005471,0.2,253:7,5,5,5,0,0,7,2,0,0
g005473,0.25,256:4,4,4,4,0,0,4,2,0,0
g005474,0.25,256:4,4,4,3,1,0,4,2,1,0
g005475,0.25,256:4,4,4,4,0,0,4,2,0,0
g005476,0.25,253:7,4,4,4,0,0,7,1,0,0
g005477,0.166666666666667,250:10,6,6,5,1,0,10,0,0,0
g005478,0.333333333333333,205:55,3,3,3,0,0,55,1,0,0
g005479,0.166666666666667,254:6,6,6,6,0,0,6,1,0,0
g005480,0.142857142857143,247:13,7,7,6,1,0,13,1,0,0
g005481,0.25,254:6,4,4,4,0,0,6,2,0,0
g005482,0.2,255:5,5,5,5,1,0,5,2,0,0
g005483,0.2,255:5,5,5,5,0,0,5,2,0,0
g005484,0.25,256:4,4,4,4,0,0,4,2,0,0
g005485,0.166666666666667,243:17,6,6,4,2,0,17,1,0,0
g005486,0.25,253:7,4,4,4,0,0,7,1,0,0
g005487,0.25,249:11,4,4,4,0,0,11,1,0,0
g005488,0.5,257:3,2,2,2,0,0,3,0,0,0
g005489,0.125,252:8,8,8,8,0,0,8,2,0,0
g005490,0.333333333333333,256:4,3,3,2,1,0,4,0,0,0
g005491,0.2,239:21,5,5,5,1,0,21,0,0,0
g005492,0.333333333333333,243:17,3,3,3,0,0,17,1,0,0
g005493,0.25,253:7,4,4,4,0,0,7,0,0,0
g005494,0.0769230769230769,229:31,13,13,9,4,0,31,0,0,0
g005495,0.166666666666667,248:12,6,6,4,3,0,12,0,0,0
g005497,0.2,255:5,5,5,5,0,0,5,0,0,0
g005498,0.142857142857143,250:10,7,7,7,0,0,10,2,0,0
g005500,0.2,252:8,5,5,4,1,0,8,2,0,0
g005502,0.25,254:6,4,4,4,0,0,6,2,1,0
g005503,0.25,255:5,4,4,4,0,0,5,1,0,0
g005504,0.25,254:6,4,4,4,0,0,6,1,0,0
g005505_1,0.333333333333333,257:3,3,3,3,0,0,3,2,0,0
g005506,0.25,256:4,4,4,4,0,0,4,2,0,0
g005508,0.25,255:5,4,4,4,0,0,5,1,0,0
g005509,0.333333333333333,255:5,3,3,3,0,0,5,1,0,0
g005510,0.2,251:9,5,5,5,0,0,9,0,0,0
g005511,0.142857142857143,208:52,7,7,6,2,0,52,1,0,0
g005512,0.25,254:6,4,4,4,0,0,6,0,1,0
g005513,0.2,254:6,5,5,5,0,0,6,2,0,0
g005514,0.142857142857143,253:7,7,7,7,0,0,7,1,0,0
g005515,0.0909090909090909,224:36,11,11,9,2,0,36,2,0,0
g005516,0.125,249:11,8,8,8,1,0,11,0,0,0
g005517,0.25,256:4,4,4,4,0,0,4,2,0,0
g005519,0.25,255:5,4,4,3,1,0,5,2,0,0
g005522,1,239:21,1,1,1,0,0,21,1,0,1
g005523,0.2,255:5,5,5,5,0,0,5,2,1,0
g005524,0.25,256:4,4,4,4,0,0,4,0,0,0
g005525,0.125,225:35,8,8,8,0,0,35,1,0,0
g005526,0.125,191:69,8,8,8,1,0,69,1,0,0
g005527,0.125,250:10,8,8,7,1,0,10,2,0,0
g005529,0.1,235:25,10,10,9,2,0,25,1,0,0
g005530,0.333333333333333,234:26,3,3,3,0,0,26,2,0,0
g005532,0.25,256:4,4,4,4,0,0,4,0,1,0
g005533,0.25,249:11,4,4,4,0,0,11,1,0,0
g005534,0.25,256:4,4,4,4,0,0,4,0,1,0
g005535,0.166666666666667,243:17,6,6,3,3,0,17,0,0,0
g005536,0.2,253:7,5,5,5,0,0,7,0,0,0
g005537,0.166666666666667,248:12,6,6,3,3,0,12,0,0,0
g005538,0.0666666666666667,188:72,15,15,14,1,0,72,1,0,0
g005539,0.333333333333333,257:3,3,3,3,0,0,3,0,0,0
g005540,0.333333333333333,243:17,3,3,3,0,0,17,1,0,0
g005541,0.166666666666667,252:8,6,6,6,0,0,8,1,0,0
g005542,0.25,253:7,4,4,4,0,0,7,2,0,0
g005543,0.0909090909090909,234:26,11,11,9,2,0,26,1,0,0
g005545,0.333333333333333,235:25,3,3,2,1,0,25,1,0,0
g005546,0.166666666666667,252:8,6,6,6,0,0,8,1,0,0
g005547,0.333333333333333,257:3,3,3,3,0,0,3,2,1,0
g005549,0.2,252:8,5,5,5,0,0,8,1,0,0
g005550,0.166666666666667,252:8,6,6,6,0,0,8,0,0,0
g005553,0.25,256:4,4,4,4,0,0,4,2,0,0
g005554,0.25,255:5,4,4,4,0,0,5,2,1,0
g005556,0.166666666666667,254:6,6,6,6,0,0,6,1,0,0
g005557,0.0588235294117647,174:86,17,17,14,5,1,86,1,0,0
g005558,0.2,248:12,5,5,5,0,0,12,0,0,0
g005559,0.2,255:5,5,5,5,0,0,5,1,0,0
g005560,0.142857142857143,236:24,7,7,7,0,0,24,1,0,0
g005561,0.2,255:5,5,5,5,0,0,5,2,0,0
g005562,0.111111111111111,244:16,9,9,8,1,0,16,1,0,0
g005563,0.25,254:6,4,4,4,0,0,6,0,0,0
g005565,0.25,255:5,4,4,4,1,0,5,0,1,0
g005566,0.142857142857143,236:24,7,7,7,0,0,24,1,0,0
g005569,0.25,253:7,4,4,4,0,0,7,0,0,0
g005570,0.125,235:25,8,8,5,3,0,25,0,0,0
g005572,0.125,251:9,8,8,8,0,0,9,2,1,0
g005573,0.0769230769230769,229:31,13,13,9,4,0,31,0,0,0
g005574,0.25,256:4,4,4,4,0,0,4,2,1,0
g005575,0.2,255:5,5,5,5,0,0,5,2,0,0
g005576,0.2,228:32,5,5,5,1,0,32,2,0,0
g005577,0.2,253:7,5,5,5,0,0,7,0,0,0
g005578,0.25,256:4,4,4,4,0,0,4,2,0,0
g005579,0.166666666666667,250:10,6,6,5,1,0,10,0,0,0
g005580,0.1,241:19,10,10,10,1,0,19,0,0,0
g005582,0.25,254:6,4,4,4,0,0,6,0,1,0
g005584,0.25,256:4,4,4,4,0,0,4,2,1,0
g005585,0.125,243:17,8,8,8,0,0,17,1,0,0
g005586,0.25,255:5,4,4,3,1,0,5,0,1,0
g005587,0.333333333333333,253:7,3,3,3,0,0,7,0,0,0
g005588,0.2,255:5,5,5,5,0,0,5,1,0,0
g005589,0.125,249:11,8,8,8,0,0,11,1,0,0
g005590,0.2,255:5,5,5,5,0,0,5,1,0,0
g005591,0.25,256:4,4,4,4,0,0,4,2,0,0
g005592,0.2,254:6,5,5,5,0,0,6,0,0,0
g005593,0.25,235:25,4,4,4,0,0,25,1,0,0
g005594,0.25,256:4,4,4,4,0,0,4,0,1,0
g005595,0.142857142857143,167:93,7,7,6,1,0,93,1,0,0
g005596,0.142857142857143,245:15,7,7,7,0,0,15,1,0,0
g005597,0.166666666666667,247:13,6,6,6,0,0,13,1,0,0
g005598,0.0909090909090909,247:13,11,11,9,2,0,13,1,0,0
g005599,0.166666666666667,248:12,6,6,5,1,0,12,1,0,0
g005600,0.142857142857143,251:9,7,7,6,1,0,9,1,0,0
g005601,0.166666666666667,250:10,6,6,6,0,0,10,2,0,0
g005603,0.142857142857143,253:7,7,7,7,0,0,7,1,0,0
g005604,0.25,249:11,4,4,4,0,0,11,1,1,0
g005606,0.142857142857143,252:8,7,7,7,0,0,8,1,1,0
g005607,0.2,254:6,5,5,5,0,0,6,0,0,0
g005608,0.142857142857143,253:7,7,7,7,0,0,7,1,0,0
g005609,0.111111111111111,235:25,9,9,6,4,0,25,1,0,0
g005610,0.142857142857143,253:7,7,7,7,0,0,7,1,1,0
g005611,0.2,255:5,5,5,5,0,0,5,1,0,0
g005612,0.0588235294117647,204:56,17,17,13,5,1,56,1,0,0
g005613,0.25,256:4,4,4,4,0,0,4,0,1,0
g005614,0.2,254:6,5,5,5,0,0,6,0,0,0
g005615,0.25,256:4,4,4,4,0,0,4,1,0,0
g005617,0.25,255:5,4,4,4,0,0,5,1,0,0
g005618,0.25,256:4,4,4,4,0,0,4,0,1,0
g005619,0.2,253:7,5,5,5,0,0,7,1,0,0
g005621,0.25,254:6,4,4,4,0,0,6,2,0,0
g005622,0.25,255:5,4,4,4,0,0,5,2,1,0
g005623,0.166666666666667,248:12,6,6,6,1,0,12,1,0,0
g005624,0.142857142857143,245:15,7,7,7,1,0,15,1,0,0
g005625,0.142857142857143,243:17,7,7,6,2,0,17,1,0,0
g005626,0.25,249:11,4,4,3,1,0,11,1,0,0
g005627,0.125,249:11,8,8,8,1,0,11,2,0,0
g005628,0.125,249:11,8,8,8,0,0,11,1,0,0
g005629,0.2,254:6,5,5,4,1,0,6,1,0,0
g005630,0.25,253:7,4,4,4,0,0,7,0,0,0
g005632,0.166666666666667,254:6,6,6,6,0,0,6,0,1,0
g005633,0.25,256:4,4,4,4,0,0,4,1,0,0
g005634,0.0909090909090909,174:86,11,11,9,3,0,86,1,0,0
g005636,0.25,256:4,4,4,4,0,0,4,2,0,0
g005639,0.142857142857143,194:66,7,7,7,0,0,66,1,0,0
g005640,0.2,255:5,5,5,5,0,0,5,2,0,0
g005641,0.2,232:28,5,5,4,1,0,28,2,0,0
g005642,0.2,255:5,5,5,5,0,0,5,1,0,0
g005643,0.0833333333333333,242:18,12,12,12,0,0,18,1,0,0
g005645,0.166666666666667,253:7,6,6,6,0,0,7,2,0,0
g005647,0.333333333333333,243:17,3,3,3,0,0,17,1,0,0
g005648,0.142857142857143,253:7,7,7,7,0,0,7,1,0,0
g005650,0.2,255:5,5,5,5,0,0,5,1,0,0
g005651,0.25,256:4,4,4,4,0,0,4,0,0,0
g005652,0.333333333333333,256:4,3,3,3,0,0,4,2,1,0
g005653,0.1,246:14,10,10,10,0,0,14,1,0,0
g005654,0.125,251:9,8,8,8,0,0,9,2,0,0
g005656,0.25,256:4,4,4,4,0,0,4,2,0,0
g005658,0.0666666666666667,78:182,15,15,5,10,0,182,1,0,0
g005659,0.125,174:86,8,8,5,3,0,86,1,0,0
g005660,0.0588235294117647,225:35,17,17,13,4,0,35,0,0,0
g005662,0.1,239:21,10,10,9,1,0,21,0,0,0
g005667,0.2,255:5,5,5,5,0,0,5,2,0,0
g005671,0.2,255:5,5,5,5,0,0,5,1,0,0
g005674,0.142857142857143,252:8,7,7,6,1,0,8,1,0,0
g005675,0.5,217:43,2,2,2,0,0,43,1,0,0
g005676,0.0454545454545455,200:60,22,22,15,10,0,60,1,0,0
g005678,0.142857142857143,180:80,7,7,7,0,0,80,1,0,0
g005681,0.0555555555555556,186:74,18,18,13,5,0,74,1,0,0
g005682,0.2,249:11,5,5,5,1,0,11,1,0,0
g005684,0.25,256:4,4,4,4,0,0,4,0,1,0
g005686,0.0476190476190476,68:192,21,21,6,15,0,192,1,0,0
g005687,0.166666666666667,252:8,6,6,6,0,0,8,0,0,0
g005688,0.0909090909090909,247:13,11,11,11,0,0,13,2,0,0
g005689,0.2,255:5,5,5,5,0,0,5,1,0,0
g005691,0.111111111111111,251:9,9,9,9,0,0,9,1,0,0
g005692,0.2,254:6,5,5,4,1,0,6,1,0,0
g005693,0.111111111111111,251:9,9,9,9,0,0,9,1,0,0
g005694,0.25,255:5,4,4,4,0,0,5,2,0,0
g005695,0.142857142857143,180:80,7,7,7,0,0,80,1,0,0
g005696,0.25,256:4,4,4,4,0,0,4,2,0,0
g005697,0.2,240:20,5,5,5,1,0,20,0,0,0
g005698,0.25,227:33,4,4,0,4,1,33,1,0,1
g005699,0.2,254:6,5,5,5,0,0,6,2,1,0
g005701,0.1,243:17,10,10,7,3,0,17,2,0,0
g005703,0.25,256:4,4,4,4,0,0,4,2,0,0
g005704,0.25,256:4,4,4,4,0,0,4,0,0,0
g005711,0.166666666666667,243:17,6,6,4,2,0,17,1,0,0
g005712,0.166666666666667,249:11,6,6,6,1,0,11,1,0,0
g005713,0.25,256:4,4,4,4,0,0,4,2,1,0
g005714,0.166666666666667,248:12,6,6,3,4,0,12,0,0,0
g005715,0.25,256:4,4,4,4,0,0,4,2,0,0
g005716,0.25,244:16,4,4,4,0,0,16,1,0,0
g005717,0.5,234:26,2,2,2,0,0,26,1,0,0
g005718,0.2,255:5,5,5,5,0,0,5,2,0,0
g005721,0.2,255:5,5,5,5,0,0,5,2,0,0
g005723,0.25,255:5,4,4,3,1,0,5,2,0,0
g005724,0.166666666666667,250:10,6,6,6,0,0,10,2,0,0
g005726,0.142857142857143,245:15,7,7,7,1,0,15,1,0,0
g005727,0.25,256:4,4,4,4,0,0,4,1,0,0
g005728,0.111111111111111,244:16,9,9,8,1,0,16,1,0,0
g005729,0.25,244:16,4,4,3,1,0,16,1,0,0
g005730,0.25,255:5,4,4,4,0,0,5,2,0,0
g005731,0.2,254:6,5,5,5,0,0,6,0,0,0
g005732,0.25,227:33,4,4,0,4,1,33,1,0,1
g005733,0.142857142857143,249:11,7,7,6,2,0,11,1,0,0
g005734,0.166666666666667,254:6,6,6,6,0,0,6,2,0,0
g005735,0.0666666666666667,188:72,15,15,14,1,0,72,1,0,0
g005736,0.166666666666667,243:17,6,6,4,2,0,17,1,0,0
g005737,0.2,253:7,5,5,5,0,0,7,0,0,0
g005738,0.25,256:4,4,4,3,1,0,4,2,1,0
g005739,0.5,256:4,2,2,2,0,0,4,0,0,0
g005742,0.1,250:10,10,10,10,0,0,10,1,0,0
g005743,0.111111111111111,228:32,9,9,8,1,0,32,0,0,0
g005744,0.0294117647058824,177:83,34,34,30,7,0,83,2,0,0
g005745,0.2,251:9,5,5,5,0,0,9,2,0,0
g005746,0.111111111111111,245:15,9,9,9,1,0,15,1,0,0
g005747,0.25,252:8,4,4,4,0,0,8,2,0,0
g005749,0.0555555555555556,193:67,18,18,13,5,0,67,1,0,0
g005750,0.111111111111111,249:11,9,9,9,0,0,11,0,0,0
g005751,0.125,250:10,8,8,8,0,0,10,1,0,0
g005752,0.333333333333333,256:4,3,3,3,0,0,4,1,1,0
g005753,0.0666666666666667,222:38,15,15,14,2,0,38,2,0,0
g005754,0.2,232:28,5,5,4,1,0,28,2,0,0
g005760_1,0.111111111111111,250:10,9,9,9,0,0,10,2,0,0
g005762,0.0555555555555556,231:29,18,18,15,4,0,29,1,0,0
g005763,0.111111111111111,244:16,9,9,8,1,0,16,1,0,0
g005764,0.0416666666666667,208:52,24,24,22,2,0,52,1,0,0
g005765,0.25,253:7,4,4,4,0,0,7,0,0,0
g005766,0.0555555555555556,193:67,18,18,13,5,0,67,1,0,0
g005767,0.25,256:4,4,4,4,0,0,4,2,0,0
g005768,0.2,255:5,5,5,5,0,0,5,2,1,0
g005769,0.25,255:5,4,4,4,0,0,5,1,0,0
g005770,0.2,255:5,5,5,5,0,0,5,0,0,0
g005773,0.111111111111111,196:64,9,9,9,1,0,64,1,0,0
g005774,0.0666666666666667,220:40,15,15,15,0,0,40,0,0,0
g005775,0.2,254:6,5,5,5,0,0,6,1,0,0
g005776,0.25,255:5,4,4,4,0,0,5,2,1,0
g005777,0.166666666666667,244:16,6,6,4,2,0,16,1,0,0
g005778,0.0833333333333333,247:13,12,12,12,0,0,13,2,1,0
g005781,0.142857142857143,248:12,7,7,6,1,0,12,0,0,0
g005782,0.142857142857143,251:9,7,7,7,0,0,9,2,0,0
g005783,0.0555555555555556,27:233,18,18,1,18,1,233,1,0,0
g005784,0.111111111111111,251:9,9,9,9,0,0,9,1,0,0
g005785,0.0416666666666667,215:45,24,24,23,4,0,45,2,0,0
g005788,0.027027027027027,211:49,37,37,34,3,0,49,0,0,0
g005790,0.25,241:19,4,4,4,0,0,19,2,0,0
g005791,0.0714285714285714,220:40,14,14,13,2,0,40,1,0,0
g005792,0.25,252:8,4,4,4,0,0,8,2,0,0
g005796_1,0.5,258:2,2,2,2,0,0,2,2,0,0
g005799,0.2,234:26,5,5,5,0,0,26,1,0,0
g005800,0.25,256:4,4,4,4,0,0,4,2,1,0
g005801,0.25,254:6,4,4,4,0,0,6,2,0,0
g005802,0.25,255:5,4,4,4,0,0,5,2,0,0
g005804,0.2,234:26,5,5,5,0,0,26,1,0,0
g005805,0.125,249:11,8,8,8,0,0,11,1,0,0
g005806,0.0625,220:40,16,16,15,1,0,40,1,0,0
g005807_1,0.25,255:5,4,4,4,0,0,5,1,0,0
g005807_2,0.5,258:2,2,2,2,0,0,2,2,0,0
g005808,0.0454545454545455,113:147,22,22,15,9,0,147,1,0,0
g005809,0.2,196:64,5,5,5,0,0,64,1,0,0
g005811,0.1,246:14,10,10,10,0,0,14,1,0,0
g005812,0.142857142857143,251:9,7,7,6,1,0,9,2,0,0
g005813,0.125,251:9,8,8,8,0,0,9,2,0,0
g005814,0.0909090909090909,247:13,11,11,9,2,0,13,1,0,0
g005815,0.0833333333333333,245:15,12,12,12,2,0,15,2,0,0
g005816,0.111111111111111,251:9,9,9,9,0,0,9,1,0,0
g005820,0.25,256:4,4,4,4,0,0,4,0,0,0
g005822,0.166666666666667,254:6,6,6,6,0,0,6,0,0,0
g005823,0.111111111111111,249:11,9,9,7,2,0,11,1,0,0
g005824,0.0416666666666667,208:52,24,24,23,2,0,52,1,0,0
g005826,0.25,256:4,4,4,4,0,0,4,0,0,0
g005827,0.125,251:9,8,8,8,0,0,9,1,0,0
g005828,0.25,256:4,4,4,4,0,0,4,0,0,0
g005829,0.142857142857143,253:7,7,7,7,0,0,7,1,0,0
g005830,0.25,256:4,4,4,4,0,0,4,1,1,0
g005831,0.142857142857143,253:7,7,7,7,0,0,7,1,0,0
g005832,0.142857142857143,253:7,7,7,7,0,0,7,0,1,0
g005833,0.166666666666667,253:7,6,6,6,0,0,7,2,0,0
g005834,0.25,256:4,4,4,4,0,0,4,2,0,0
g005836,0.166666666666667,231:29,6,6,5,1,0,29,2,0,0
g005839,0.142857142857143,253:7,7,7,7,0,0,7,2,0,0
g005840,0.1,248:12,10,10,9,2,0,12,1,0,0
g005841,0.125,252:8,8,8,8,0,0,8,2,0,0
g005842,0.111111111111111,250:10,9,9,9,0,0,10,1,0,0
g005843,0.1,249:11,10,10,10,0,0,11,2,0,0
g005844,0.25,255:5,4,4,3,1,0,5,2,1,0
g005846,0.166666666666667,254:6,6,6,6,1,0,6,0,0,0
g005847,0.25,255:5,4,4,4,0,0,5,2,0,0
g005848,0.125,243:17,8,8,8,0,0,17,1,0,0
g005850,0.166666666666667,252:8,6,6,6,0,0,8,0,0,0
g005852,0.25,255:5,4,4,4,0,0,5,0,0,0
g005853,0.166666666666667,254:6,6,6,6,0,0,6,1,1,0
g005855,0.166666666666667,253:7,6,6,6,0,0,7,2,0,0
g005859,0.2,255:5,5,5,5,0,0,5,2,0,0
g005860,0.2,203:57,5,5,5,0,0,57,1,0,0
g005861,0.25,255:5,4,4,4,0,0,5,2,0,0
g005862,0.25,256:4,4,4,4,0,0,4,0,1,0
g005863,0.25,256:4,4,4,4,0,0,4,0,0,0
g005865,0.166666666666667,254:6,6,6,6,0,0,6,0,0,0
g005866,0.166666666666667,201:59,6,6,6,1,0,59,1,0,0
g005867,0.2,254:6,5,5,5,0,0,6,0,0,0
g005868,0.25,255:5,4,4,4,0,0,5,1,1,0
g005872,0.25,256:4,4,4,4,0,0,4,0,0,0
g005873,0.2,255:5,5,5,5,0,0,5,2,0,0
g005875,0.0769230769230769,173:87,13,13,12,1,0,87,0,0,0
g005876,0.25,255:5,4,4,3,1,0,5,0,1,0
g005877,0.0769230769230769,216:44,13,13,7,6,0,44,2,0,0
g005878,0.166666666666667,249:11,6,6,6,0,0,11,0,0,0
g005879,0.125,248:12,8,8,8,1,0,12,2,0,0
g005880,0.0714285714285714,245:15,14,14,14,0,0,15,2,0,0
g005881,0.0555555555555556,186:74,18,18,13,5,0,74,1,0,0
g005882,0.2,255:5,5,5,5,0,0,5,2,0,0
g005883,0.2,249:11,5,5,5,0,0,11,1,0,0
g005884,0.2,240:20,5,5,5,1,0,20,0,0,0
g005885,0.111111111111111,234:26,9,9,9,0,0,26,2,0,0
g005889,0.25,256:4,4,4,4,0,0,4,2,0,0
g005890,0.25,4:256,4,4,0,4,1,256,0,0,1
g005891,0.166666666666667,250:10,6,6,6,0,0,10,2,0,0
g005892,0.2,255:5,5,5,5,0,0,5,1,0,0
g005893,0.0588235294117647,127:133,17,17,14,4,0,133,1,0,0
g005896,0.25,255:5,4,4,4,0,0,5,2,0,0
g005897,0.25,255:5,4,4,4,0,0,5,2,1,0
g005898,0.125,251:9,8,8,8,0,0,9,2,0,0
g005900,0.2,252:8,5,5,5,1,0,8,2,0,0
g005902,0.0625,169:91,16,16,9,7,0,91,0,0,0
g005903,0.0714285714285714,209:51,14,14,11,4,0,51,1,0,0
g005905,0.05,222:38,20,20,16,6,0,38,1,0,0
g005907,0.142857142857143,251:9,7,7,6,1,0,9,1,0,0
g005909,0.166666666666667,252:8,6,6,6,0,0,8,2,0,0
g005910,0.25,255:5,4,4,4,0,0,5,0,0,0
g005912,0.25,256:4,4,4,4,0,0,4,2,1,0
g005914,0.166666666666667,250:10,6,6,6,0,0,10,2,0,0
g005916,0.111111111111111,227:33,9,9,8,1,0,33,2,0,0
g005917,0.2,250:10,5,5,5,0,0,10,2,0,0
g005918,0.2,252:8,5,5,5,0,0,8,2,1,0
g005921,0.2,255:5,5,5,5,0,0,5,2,1,0
g005922,0.2,255:5,5,5,5,0,0,5,2,1,0
g005924,0.125,249:11,8,8,8,0,0,11,1,0,0
g005925,0.25,256:4,4,4,4,0,0,4,0,0,0
g005926,0.111111111111111,234:26,9,9,9,1,0,26,0,0,0
g005928,0.166666666666667,254:6,6,6,6,0,0,6,1,0,0
g005933,0.0454545454545455,200:60,22,22,15,12,0,60,1,0,0
g005934,0.2,255:5,5,5,5,0,0,5,2,0,0
g005937,0.125,246:14,8,8,8,1,0,14,2,0,0
g005938,0.166666666666667,251:9,6,6,6,0,0,9,1,0,0
g005939,0.111111111111111,251:9,9,9,9,0,0,9,1,0,0
g005940,0.142857142857143,253:7,7,7,7,0,0,7,1,0,0
g005941,0.25,256:4,4,4,4,0,0,4,2,0,0
g005942,0.1,248:12,10,10,9,1,0,12,1,0,0
g005943,0.0588235294117647,212:48,17,17,10,7,0,48,2,0,0
g005944,0.0416666666666667,229:31,24,24,22,3,0,31,2,0,0
g005945,0.1,248:12,10,10,10,0,0,12,2,0,0
g005946,0.25,255:5,4,4,4,0,0,5,0,1,0
g005948,0.0909090909090909,196:64,11,11,11,0,0,64,1,0,0
g005949,0.0714285714285714,67:193,14,14,6,8,1,193,1,0,0
g005950,0.25,256:4,4,4,4,0,0,4,0,1,0
g005951,0.2,232:28,5,5,5,0,0,28,2,0,0
g005952,0.0909090909090909,247:13,11,11,10,2,0,13,1,0,0
g005955,0.166666666666667,231:29,6,6,5,1,0,29,2,0,0
g005958,0.0909090909090909,227:33,11,11,11,0,0,33,1,0,0
g005960,0.166666666666667,252:8,6,6,6,0,0,8,2,0,0
g005961,0.0555555555555556,232:28,18,18,15,3,0,28,1,0,0
g005962,0.2,254:6,5,5,4,1,0,6,2,0,0
g005963,0.25,256:4,4,4,4,0,0,4,2,1,0
g005964,0.166666666666667,253:7,6,6,6,0,0,7,2,0,0
g005966,0.1,223:37,10,10,9,2,0,37,2,0,0
g005967,0.2,253:7,5,5,5,0,0,7,2,1,0
g005968,0.142857142857143,252:8,7,7,7,0,0,8,2,0,0
g005970,0.0666666666666667,170:90,15,15,14,3,0,90,0,0,0
g005971,0.25,255:5,4,4,4,0,0,5,2,0,0
g005973,0.25,254:6,4,4,4,0,0,6,2,0,0
g005974,0.25,256:4,4,4,4,0,0,4,2,1,0
g005975,0.0625,243:17,16,16,14,3,0,17,1,0,0
g005977,0.142857142857143,253:7,7,7,7,1,0,7,2,0,0
g005981,0.25,256:4,4,4,4,0,0,4,2,0,0
g005982,0.0714285714285714,240:20,14,14,13,2,0,20,2,0,0
g005984,0.25,256:4,4,4,4,0,0,4,0,0,0
g005985,0.25,253:7,4,4,4,0,0,7,2,1,0
g005987,0.0714285714285714,242:18,14,14,14,1,0,18,1,0,0
g005988,0.166666666666667,253:7,6,6,6,0,0,7,2,0,0
g005989,0.0625,176:84,16,16,11,5,0,84,0,0,0
g005990,0.166666666666667,195:65,6,6,6,0,0,65,1,0,0
g005992,0.0476190476190476,231:29,21,21,20,1,0,29,1,0,0
g005994,0.2,226:34,5,5,5,0,0,34,1,0,0
g005995,0.1,222:38,10,10,8,2,0,38,0,0,0
g005996,0.0909090909090909,233:27,11,11,9,2,0,27,0,0,0
g005997,0.166666666666667,254:6,6,6,6,0,0,6,0,0,0
g005999,0.25,256:4,4,4,4,0,0,4,2,0,0
g006001,0.142857142857143,253:7,7,7,7,0,0,7,2,1,0
g006003,0.2,255:5,5,5,5,0,0,5,1,0,0
g006006,0.25,256:4,4,4,4,0,0,4,2,1,0
g006007,0.2,254:6,5,5,5,0,0,6,2,0,0
g006008,0.25,256:4,4,4,4,0,0,4,1,0,0
g006009,0.166666666666667,252:8,6,6,6,0,0,8,2,0,0
g006010,0.0833333333333333,218:42,12,12,12,0,0,42,1,0,0
g006011,0.111111111111111,249:11,9,9,9,1,0,11,2,0,0
g006012,0.166666666666667,254:6,6,6,6,0,0,6,1,0,0
g006013,0.125,252:8,8,8,8,0,0,8,2,1,0
g006014,0.25,255:5,4,4,4,0,0,5,2,1,0
g006015,0.166666666666667,252:8,6,6,6,0,0,8,2,0,0
g006017,0.0434782608695652,230:30,23,23,22,3,0,30,2,0,0
g006018,0.111111111111111,226:34,9,9,9,0,0,34,2,0,0
g006019,0.0588235294117647,241:19,17,17,17,1,0,19,1,0,0
g006020,0.2,255:5,5,5,5,0,0,5,2,0,0
g006022,0.25,256:4,4,4,4,0,0,4,2,1,0
g006024,0.25,256:4,4,4,4,0,0,4,0,0,0
g006025,0.0833333333333333,238:22,12,12,9,5,0,22,2,0,0
g006030,0.0454545454545455,200:60,22,22,16,11,0,60,1,0,0
g006032,0.2,246:14,5,5,5,1,0,14,2,0,0
g006033,0.1,225:35,10,10,9,1,0,35,2,0,0
g006034,0.0769230769230769,244:16,13,13,13,0,0,16,0,0,0
g006035,0.25,256:4,4,4,4,0,0,4,0,1,0
g006036,0.1,249:11,10,10,10,0,0,11,2,0,0
g006037,0.0454545454545455,24:236,22,22,2,20,1,236,1,0,0
g006040,0.0909090909090909,248:12,11,11,11,1,0,12,2,0,0
g006044,0.25,255:5,4,4,3,2,0,5,0,0,0
g006047,0.142857142857143,253:7,7,7,7,1,0,7,2,1,0
g006049,0.0714285714285714,174:86,14,14,13,3,0,86,1,0,0
g006050,0.25,256:4,4,4,4,0,0,4,2,0,0
g006051,0.25,252:8,4,4,4,0,0,8,1,0,0
g006052,0.142857142857143,244:16,7,7,5,3,0,16,0,0,0
g006054,0.25,256:4,4,4,4,0,0,4,0,0,0
g006058,0.142857142857143,250:10,7,7,7,0,0,10,2,0,0
g006059,0.0833333333333333,245:15,12,12,10,2,0,15,2,0,0
g006060,0.125,232:28,8,8,8,0,0,28,0,0,0
g006061,0.2,234:26,5,5,5,0,0,26,1,0,0
g006063,0.166666666666667,252:8,6,6,6,0,0,8,2,0,0
g006064,0.25,256:4,4,4,4,1,0,4,2,1,0
g006065,0.166666666666667,254:6,6,6,6,0,0,6,0,0,0
g006066,0.25,254:6,4,4,4,0,0,6,0,0,0
g006067,0.166666666666667,253:7,6,6,6,0,0,7,2,1,0
g006068,0.25,256:4,4,4,4,0,0,4,0,0,0
g006069,0.166666666666667,254:6,6,6,6,0,0,6,1,1,0
g006070,0.125,251:9,8,8,8,0,0,9,0,0,0
g006071,0.0909090909090909,247:13,11,11,10,2,0,13,1,0,0
g006072,0.166666666666667,253:7,6,6,6,0,0,7,2,0,0
g006073,0.2,255:5,5,5,5,0,0,5,1,0,0
g006074,0.0714285714285714,236:24,14,14,10,5,0,24,2,0,0
g006075,0.125,250:10,8,8,8,0,0,10,2,0,0
g006080,0.25,227:33,4,4,3,1,0,33,0,0,0
g006081,0.2,240:20,5,5,5,1,0,20,2,0,0
g006082,0.125,251:9,8,8,8,0,0,9,2,1,0
g006083,0.2,252:8,5,5,5,0,0,8,2,0,0
g006085,0.125,233:27,8,8,8,0,0,27,0,0,0
g006088,0.0833333333333333,242:18,12,12,12,2,0,18,2,0,0
g006089,0.25,244:16,4,4,4,1,0,16,1,0,0
g006090,0.111111111111111,248:12,9,9,9,1,0,12,2,0,0
g006091,0.0769230769230769,237:23,13,13,10,4,0,23,2,0,0
g006093,0.166666666666667,254:6,6,6,6,0,0,6,0,1,0
g006094,0.2,253:7,5,5,5,0,0,7,2,0,0
g006095,0.125,249:11,8,8,8,0,0,11,1,0,0
g006097,0.111111111111111,251:9,9,9,9,0,0,9,1,0,0
g006098,0.2,251:9,5,5,5,0,0,9,2,0,0
g006099,0.0909090909090909,244:16,11,11,11,0,0,16,2,0,0
g006100,0.25,254:6,4,4,4,0,0,6,2,1,0
g006102,0.125,233:27,8,8,8,0,0,27,0,0,0
g006103,0.2,255:5,5,5,5,0,0,5,2,0,0
g006105,0.142857142857143,253:7,7,7,7,0,0,7,0,0,0
g006106,0.166666666666667,231:29,6,6,5,1,0,29,0,0,0
g006107,0.166666666666667,248:12,6,6,6,0,0,12,0,0,0
g006109,0.2,240:20,5,5,5,0,0,20,2,0,0
g006110,0.0909090909090909,247:13,11,11,10,1,0,13,1,0,0
g006111,0.2,253:7,5,5,5,0,0,7,2,1,0
g006112,0.166666666666667,253:7,6,6,5,1,0,7,1,0,0
g006114,0.142857142857143,249:11,7,7,7,0,0,11,2,0,0
g006115,0.166666666666667,238:22,6,6,6,0,0,22,0,0,0
g006119,0.25,256:4,4,4,4,0,0,4,2,1,0
g006120,0.333333333333333,256:4,3,3,3,0,0,4,2,0,0
g006121,0.5,207:53,2,2,2,0,0,53,0,0,0
g006122,1,234:26,1,1,1,0,0,26,1,0,1
g006123,0.333333333333333,249:11,3,3,3,0,0,11,1,0,0
g006124,0.333333333333333,256:4,3,3,3,0,0,4,2,0,0
g006125,0.333333333333333,257:3,3,3,3,0,0,3,0,1,0
g006126,0.25,255:5,4,4,4,0,0,5,2,0,0
g006127,0.333333333333333,257:3,3,3,3,0,0,3,1,1,0
g006128,0.333333333333333,257:3,3,3,3,0,0,3,2,0,0
g006129,0.166666666666667,252:8,6,6,6,0,0,8,2,0,0
g006130,0.333333333333333,257:3,3,3,3,0,0,3,1,0,0
g006131,0.2,254:6,5,5,4,1,0,6,2,0,0
g006132,0.5,257:3,2,2,2,0,0,3,1,0,0
g006133,0.333333333333333,257:3,3,3,3,0,0,3,0,0,0
g006136,0.125,250:10,8,8,8,0,0,10,2,0,0
g006137,0.5,256:4,2,2,2,0,0,4,0,0,0
g006138_1,0.5,257:3,2,2,2,0,0,3,2,0,0
g006138_2,1,258:2,1,1,1,0,0,2,1,0,1
g006139,0.5,207:53,2,2,2,0,0,53,0,0,0
g006140,0.142857142857143,249:11,7,7,5,2,0,11,0,0,0
g006141,0.25,255:5,4,4,4,0,0,5,2,0,0
g006142,0.333333333333333,251:9,3,3,3,0,0,9,0,0,0
g006143,0.25,255:5,4,4,4,0,0,5,2,0,0
g006144,0.333333333333333,254:6,3,3,3,0,0,6,1,0,0
g006145,0.333333333333333,257:3,3,3,3,0,0,3,0,0,0
g006146,0.5,256:4,2,2,2,0,0,4,0,0,0
g006147,0.25,256:4,4,4,4,0,0,4,1,0,0
g006148,0.25,256:4,4,4,4,0,0,4,2,0,0
g006149,0.2,254:6,5,5,4,1,0,6,2,0,0
g006150,0.333333333333333,257:3,3,3,3,0,0,3,0,1,0
g006151,0.333333333333333,243:17,3,3,3,0,0,17,1,0,0
g006152,0.333333333333333,256:4,3,3,3,0,0,4,0,0,0
g006153,0.5,257:3,2,2,2,0,0,3,1,0,0
g006154,0.2,255:5,5,5,5,0,0,5,0,0,0
g006155,0.2,254:6,5,5,5,0,0,6,0,0,0
g006156,0.333333333333333,206:54,3,3,3,0,0,54,1,0,0
g006158,0.333333333333333,254:6,3,3,3,0,0,6,2,0,0
g006159,1,208:52,1,1,1,0,0,52,0,0,1
g006160,0.2,255:5,5,5,5,0,0,5,1,0,0
g006162,0.333333333333333,256:4,3,3,3,0,0,4,1,0,0
g006163,0.333333333333333,257:3,3,3,3,0,0,3,1,0,0
g006164,0.333333333333333,257:3,3,3,3,0,0,3,1,0,0
g006165,0.2,255:5,5,5,5,0,0,5,1,0,0
g006166,0.25,256:4,4,4,4,0,0,4,1,0,0
g006167,0.25,250:10,4,4,4,0,0,10,1,0,0
g006168,0.111111111111111,213:47,9,9,9,0,0,47,1,0,0
g006169,0.25,255:5,4,4,4,0,0,5,2,0,0
g006170,0.2,252:8,5,5,5,0,0,8,0,0,0
g006171,0.142857142857143,253:7,7,7,7,0,0,7,0,0,0
g006172,0.333333333333333,257:3,3,3,3,0,0,3,2,0,0
g006174,0.333333333333333,257:3,3,3,3,0,0,3,1,0,0
g006175,0.333333333333333,257:3,3,3,3,0,0,3,2,0,0
g006176,0.2,254:6,5,5,5,0,0,6,1,0,0
g006177,0.5,255:5,2,2,2,0,0,5,2,0,0
g006178,0.25,255:5,4,4,4,0,0,5,2,0,0
g006179,0.25,249:11,4,4,4,0,0,11,1,0,0
g006180,0.166666666666667,253:7,6,6,4,2,0,7,0,0,0
g006181,0.2,254:6,5,5,5,0,0,6,2,0,0
g006182,0.25,256:4,4,4,4,0,0,4,0,0,0
g006183,0.333333333333333,257:3,3,3,3,1,0,3,2,0,0
g006184,0.25,255:5,4,4,4,1,0,5,1,0,0
g006186,0.333333333333333,257:3,3,3,3,0,0,3,2,1,0
g006187,0.166666666666667,243:17,6,6,4,3,0,17,0,0,0
g006188,0.2,250:10,5,5,5,0,0,10,0,0,0
g006189,0.25,250:10,4,4,3,1,0,10,1,0,0
g006190,0.5,257:3,2,2,2,1,0,3,0,0,0
g006191,0.2,253:7,5,5,5,0,0,7,0,0,0
g006192,0.333333333333333,257:3,3,3,3,0,0,3,0,0,0
g006194,0.333333333333333,257:3,3,3,3,0,0,3,2,1,0
g006195,0.333333333333333,256:4,3,3,3,0,0,4,0,0,0
g006196,0.25,254:6,4,4,4,0,0,6,2,0,0
g006197,0.142857142857143,249:11,7,7,5,3,0,11,0,0,0
g006198,0.333333333333333,256:4,3,3,3,0,0,4,2,0,0
g006199,0.333333333333333,256:4,3,3,3,0,0,4,2,1,0
g006200,0.25,256:4,4,4,3,1,0,4,2,0,0
g006201,0.333333333333333,257:3,3,3,3,0,0,3,2,0,0
g006202,0.166666666666667,253:7,6,6,6,0,0,7,2,0,0
g006203,0.5,233:27,2,2,2,0,0,27,1,0,0
g006205,0.333333333333333,257:3,3,3,3,0,0,3,0,0,0
g006206,0.25,256:4,4,4,4,0,0,4,0,0,0
g006207,0.333333333333333,257:3,3,3,3,0,0,3,1,0,0
g006209,0.5,258:2,2,2,2,0,0,2,0,0,0
g006210,0.166666666666667,250:10,6,6,6,0,0,10,2,0,0
g006211,0.333333333333333,257:3,3,3,3,1,0,3,2,1,0
g006212,0.333333333333333,253:7,3,3,3,0,0,7,1,0,0
g006213,0.333333333333333,257:3,3,3,3,0,0,3,1,1,0
g006214,0.333333333333333,257:3,3,3,3,0,0,3,0,1,0
g006215,0.333333333333333,257:3,3,3,3,0,0,3,1,0,0
g006216,0.166666666666667,254:6,6,6,6,0,0,6,1,0,0
g006217,0.333333333333333,256:4,3,3,3,0,0,4,0,0,0
g006218,0.333333333333333,257:3,3,3,3,0,0,3,0,0,0
g006219,0.25,256:4,4,4,4,0,0,4,2,1,0
g006220,0.1,239:21,10,10,9,1,0,21,0,0,0
g006221,0.333333333333333,257:3,3,3,3,0,0,3,2,1,0
g006222,0.333333333333333,206:54,3,3,3,0,0,54,1,0,0
g006223,0.333333333333333,257:3,3,3,3,0,0,3,2,0,0
g006225,0.333333333333333,257:3,3,3,3,0,0,3,1,0,0
g006227,0.0833333333333333,242:18,12,12,12,0,0,18,1,0,0
g006228,0.25,256:4,4,4,4,0,0,4,1,0,0
g006229,0.333333333333333,206:54,3,3,3,0,0,54,1,0,0
g006231,0.25,255:5,4,4,4,0,0,5,2,0,0
g006232,0.25,255:5,4,4,4,0,0,5,1,0,0
g006233,0.166666666666667,254:6,6,6,6,0,0,6,1,0,0
g006234,0.2,255:5,5,5,5,0,0,5,2,1,0
g006236,0.2,250:10,5,5,5,0,0,10,0,0,0
g006237,1,208:52,1,1,1,0,0,52,1,0,1
g006238,0.333333333333333,255:5,3,3,3,0,0,5,1,0,0
g006239,0.333333333333333,257:3,3,3,3,0,0,3,0,0,0
g006240,0.333333333333333,256:4,3,3,3,0,0,4,1,0,0
g006241,0.142857142857143,186:74,7,7,4,3,0,74,1,0,0
g006242,0.333333333333333,243:17,3,3,3,0,0,17,1,0,0
g006243,0.25,255:5,4,4,4,0,0,5,2,0,0
g006244,0.25,256:4,4,4,4,0,0,4,1,0,0
g006245,0.333333333333333,206:54,3,3,3,0,0,54,1,0,0
g006246,0.2,254:6,5,5,5,0,0,6,2,0,0
g006247,0.125,247:13,8,8,8,1,0,13,1,0,0
g006249,0.333333333333333,255:5,3,3,3,0,0,5,1,0,0
g006250,0.25,256:4,4,4,4,0,0,4,1,0,0
g006251,0.142857142857143,249:11,7,7,7,0,0,11,2,0,0
g006253,0.333333333333333,256:4,3,3,3,0,0,4,1,0,0
g006254,0.333333333333333,257:3,3,3,3,0,0,3,2,1,0
g006255,0.125,191:69,8,8,8,1,0,69,1,0,0
g006256,0.2,234:26,5,5,5,0,0,26,1,0,0
g006258,0.125,249:11,8,8,7,1,0,11,0,0,0
g006259,0.25,250:10,4,4,4,0,0,10,1,0,0
g006260,0.142857142857143,252:8,7,7,7,1,0,8,1,0,0
g006261,0.125,247:13,8,8,8,1,0,13,1,0,0
g006262,0.333333333333333,237:23,3,3,3,0,0,23,0,0,0
g006263,0.333333333333333,257:3,3,3,3,0,0,3,1,0,0
g006264,0.2,249:11,5,5,5,0,0,11,1,0,0
g006265,0.25,256:4,4,4,4,0,0,4,2,1,0
g006266,0.25,256:4,4,4,4,0,0,4,1,0,0
g006268,0.25,254:6,4,4,4,1,0,6,1,0,0
g006269,0.111111111111111,244:16,9,9,8,1,0,16,1,0,0
g006270,0.142857142857143,249:11,7,7,5,3,0,11,0,0,0
g006271,0.142857142857143,250:10,7,7,7,0,0,10,2,0,0
g006272,0.25,255:5,4,4,4,1,0,5,0,0,0
g006273,0.5,256:4,2,2,2,0,0,4,2,0,0
g006274,0.333333333333333,257:3,3,3,3,0,0,3,2,0,0
g006275,0.333333333333333,257:3,3,3,3,0,0,3,2,0,0
g006276,0.142857142857143,228:32,7,7,3,4,0,32,1,0,0
g006277,0.2,249:11,5,5,4,1,0,11,1,0,0
g006278,0.333333333333333,206:54,3,3,3,0,0,54,1,0,0
g006279,0.2,243:17,5,5,6,2,0,17,1,0,0
g006280,0.142857142857143,253:7,7,7,7,0,0,7,1,0,0
g006282,0.333333333333333,257:3,3,3,3,0,0,3,0,0,0
g006283,0.25,254:6,4,4,4,0,0,6,1,0,0
g006284,0.2,255:5,5,5,5,0,0,5,1,0,0
g006285,0.333333333333333,257:3,3,3,3,0,0,3,0,0,0
g006286,0.333333333333333,257:3,3,3,3,0,0,3,1,0,0
g006288,0.25,255:5,4,4,3,1,0,5,1,0,0
g006289,0.142857142857143,226:34,7,7,6,1,0,34,2,0,0
g006290,0.5,257:3,2,2,2,0,0,3,1,0,0
g006291,0.333333333333333,255:5,3,3,3,0,0,5,1,0,0
g006293,0.333333333333333,256:4,3,3,3,0,0,4,1,0,0
g006294,0.333333333333333,257:3,3,3,3,0,0,3,1,0,0
g006295,0.142857142857143,228:32,7,7,4,4,0,32,1,0,0
g006296,0.5,258:2,2,2,2,0,0,2,1,1,0
g006297,0.333333333333333,256:4,3,3,3,0,0,4,1,0,0
g006299,0.125,249:11,8,8,8,0,0,11,2,0,0
g006300,0.25,256:4,4,4,4,0,0,4,1,0,0
g006302,0.25,256:4,4,4,4,0,0,4,1,0,0
g006303,0.142857142857143,228:32,7,7,4,4,0,32,1,0,0
g006304,0.166666666666667,252:8,6,6,6,0,0,8,0,0,0
g006305,0.333333333333333,256:4,3,3,3,0,0,4,1,0,0
g006306,0.166666666666667,254:6,6,6,6,0,0,6,1,1,0
g006307,0.125,249:11,8,8,8,0,0,11,2,0,0
g006308,0.333333333333333,257:3,3,3,3,0,0,3,2,0,0
g006310,0.25,255:5,4,4,4,0,0,5,1,0,0
g006311,0.333333333333333,256:4,3,3,3,0,0,4,1,0,0
g006312,0.25,256:4,4,4,4,0,0,4,1,0,0
g006313,0.166666666666667,254:6,6,6,5,1,0,6,1,0,0
g006314,0.142857142857143,228:32,7,7,3,4,0,32,1,0,0
g006315,0.2,255:5,5,5,5,0,0,5,2,0,0
g006317,0.333333333333333,257:3,3,3,3,0,0,3,1,0,0
g006318,0.2,251:9,5,5,5,0,0,9,2,0,0
g006319,0.333333333333333,257:3,3,3,3,0,0,3,1,0,0
g006320,0.142857142857143,249:11,7,7,6,2,0,11,1,0,0
g006321,0.2,251:9,5,5,4,1,0,9,1,0,0
g006322,0.166666666666667,254:6,6,6,6,0,0,6,1,0,0
g006323,0.25,253:7,4,4,4,0,0,7,1,0,0
g006324,0.333333333333333,256:4,3,3,3,0,0,4,1,0,0
g006325,0.25,256:4,4,4,4,0,0,4,2,0,0
g006326,0.333333333333333,249:11,3,3,3,0,0,11,1,0,0
g006328,0.333333333333333,257:3,3,3,3,0,0,3,1,1,0
g006329,0.166666666666667,254:6,6,6,6,0,0,6,1,0,0
g006330,0.2,255:5,5,5,5,0,0,5,1,0,0
g006331,0.333333333333333,257:3,3,3,3,1,0,3,2,0,0
g006333,0.166666666666667,248:12,6,6,3,3,0,12,0,0,0
g006334,0.25,255:5,4,4,4,0,0,5,1,0,0
g006335,0.25,255:5,4,4,4,0,0,5,1,0,0
g006336,0.333333333333333,256:4,3,3,3,0,0,4,1,0,0
g006337,0.2,255:5,5,5,4,1,0,5,1,0,0
g006338,0.1,233:27,10,10,10,0,0,27,2,0,0
g006339,0.125,221:39,8,8,2,6,0,39,2,0,0
g006340,0.0588235294117647,204:56,17,17,12,5,0,56,1,0,0
g006341,0.166666666666667,252:8,6,6,6,1,0,8,0,1,0
g006342,0.25,256:4,4,4,4,0,0,4,2,0,0
g006343,0.5,204:56,2,2,2,0,0,56,1,0,0
g006344,0.333333333333333,257:3,3,3,3,0,0,3,2,0,0
g006346,0.2,193:67,5,5,3,2,0,67,0,0,0
g006347,0.166666666666667,252:8,6,6,6,0,0,8,0,0,0
g006348,0.333333333333333,257:3,3,3,3,1,0,3,0,1,0
g006349,0.142857142857143,245:15,7,7,7,0,0,15,1,0,0
g006350,0.25,256:4,4,4,4,0,0,4,1,0,0
g006351,1,208:52,1,1,1,0,0,52,0,0,1
g006352,0.333333333333333,233:27,3,3,2,1,0,27,2,0,0
g006353,0.333333333333333,257:3,3,3,3,0,0,3,2,0,0
g006354,0.2,254:6,5,5,5,0,0,6,2,0,0
g006355,0.333333333333333,257:3,3,3,3,0,0,3,1,1,0
g006357,0.333333333333333,250:10,3,3,3,0,0,10,2,0,0
g006358,0.25,256:4,4,4,4,0,0,4,1,0,0
g006359,0.2,251:9,5,5,4,1,0,9,0,0,0
g006360,0.111111111111111,244:16,9,9,8,1,0,16,1,0,0
g006361,0.25,256:4,4,4,4,0,0,4,2,1,0
g006362_1,0.5,258:2,2,2,2,0,0,2,2,0,0
g006363,0.5,204:56,2,2,2,0,0,56,1,0,0
g006364,0.333333333333333,257:3,3,3,3,0,0,3,2,1,0
g006365,0.2,249:11,5,5,4,1,0,11,1,0,0
g006366,0.333333333333333,257:3,3,3,3,0,0,3,1,0,0
g006367,0.333333333333333,257:3,3,3,3,0,0,3,1,0,0
g006368,0.5,258:2,2,2,2,0,0,2,1,0,0
g006369,0.333333333333333,256:4,3,3,3,1,0,4,2,0,0
g006370,0.333333333333333,257:3,3,3,3,0,0,3,2,0,0
g006371,0.166666666666667,249:11,6,6,6,1,0,11,1,0,0
g006372,0.333333333333333,257:3,3,3,3,0,0,3,0,0,0
g006373,0.5,231:29,2,2,2,0,0,29,1,0,0
g006374,0.333333333333333,256:4,3,3,3,0,0,4,1,0,0
g006375,0.25,256:4,4,4,4,0,0,4,1,0,0
g006376,0.25,256:4,4,4,4,0,0,4,1,0,0
g006377,0.25,243:17,4,4,3,1,0,17,1,0,0
g006378,0.2,255:5,5,5,5,0,0,5,2,0,0
g006379,0.333333333333333,256:4,3,3,3,0,0,4,1,0,0
g006380,0.333333333333333,257:3,3,3,3,0,0,3,2,1,0
g006381,0.25,255:5,4,4,4,0,0,5,1,0,0
g006382,0.2,255:5,5,5,5,0,0,5,2,0,0
g006383,0.25,250:10,4,4,4,0,0,10,1,0,0
g006384,0.333333333333333,254:6,3,3,3,0,0,6,1,0,0
g006385,0.25,250:10,4,4,4,0,0,10,1,0,0
g006386,0.333333333333333,256:4,3,3,3,0,0,4,1,0,0
g006387,0.333333333333333,250:10,3,3,2,2,0,10,1,0,0
g006388_1,0.25,255:5,4,4,4,0,0,5,1,0,0
g006388_2,0.25,255:5,4,4,4,0,0,5,1,0,0
g006390,0.166666666666667,237:23,6,6,6,0,0,23,1,0,0
g006391,0.2,243:17,5,5,4,2,0,17,1,0,0
g006392,0.5,251:9,2,2,2,0,0,9,1,0,0
g006394,0.333333333333333,257:3,3,3,3,0,0,3,1,0,0
g006395,0.2,255:5,5,5,5,0,0,5,1,0,0
g006396,0.2,255:5,5,5,5,1,0,5,1,0,0
g006398,0.111111111111111,251:9,9,9,9,0,0,9,1,0,0
g006399,0.5,256:4,2,2,2,0,0,4,1,1,0
g006401,0.25,254:6,4,4,4,0,0,6,1,0,0
g006403_1,0.5,258:2,2,2,2,0,0,2,2,0,0
g006404,0.2,234:26,5,5,5,0,0,26,1,0,0
g006405,0.166666666666667,249:11,6,6,5,1,0,11,1,0,0
g006406,0.333333333333333,254:6,3,3,3,0,0,6,1,0,0
g006407,1,208:52,1,1,1,0,0,52,1,0,1
g006408,0.333333333333333,243:17,3,3,3,0,0,17,1,0,0
g006409,0.111111111111111,249:11,9,9,9,0,0,11,1,0,0
g006410,0.333333333333333,257:3,3,3,3,0,0,3,0,0,0
g006411,0.142857142857143,249:11,7,7,5,3,0,11,0,0,0
g006412,0.333333333333333,256:4,3,3,3,0,0,4,1,0,0
g006413,0.2,255:5,5,5,5,0,0,5,1,0,0
g006414,0.333333333333333,256:4,3,3,3,0,0,4,0,1,0
g006415,0.142857142857143,253:7,7,7,7,0,0,7,1,0,0
g006416,0.333333333333333,251:9,3,3,3,0,0,9,0,0,0
g006420,0.142857142857143,245:15,7,7,6,1,0,15,1,0,0
g006421,0.25,256:4,4,4,4,0,0,4,1,0,0
g006422,0.142857142857143,249:11,7,7,4,3,0,11,0,0,0
g006424,0.0714285714285714,71:189,14,14,1,13,1,189,1,0,0
g006426,0.333333333333333,256:4,3,3,3,0,0,4,2,0,0
g006427,0.142857142857143,228:32,7,7,4,4,0,32,1,0,0
g006428,0.2,252:8,5,5,5,0,0,8,1,0,0
g006429,0.25,256:4,4,4,4,0,0,4,0,0,0
g006430,0.333333333333333,257:3,3,3,3,0,0,3,1,0,0
g006431,0.04,108:152,25,25,14,13,1,152,1,0,0
g006432,0.0588235294117647,56:204,17,17,4,14,1,204,1,0,0
g006434,0.142857142857143,228:32,7,7,4,3,0,32,1,0,0
g006435,0.0833333333333333,236:24,12,12,12,1,0,24,2,0,0
g006436,0.333333333333333,257:3,3,3,3,0,0,3,1,0,0
g006437,0.0909090909090909,224:36,11,11,9,2,0,36,2,0,0
g006438,0.0588235294117647,204:56,17,17,14,4,0,56,1,0,0
g006440,0.1,239:21,10,10,10,1,0,21,0,0,0
g006441,0.25,256:4,4,4,4,0,0,4,2,0,0
g006442,0.142857142857143,251:9,7,7,6,1,0,9,1,0,0
g006443,0.333333333333333,257:3,3,3,3,0,0,3,2,0,0
g006444,0.333333333333333,234:26,3,3,2,1,0,26,2,0,0
g006445,0.25,256:4,4,4,4,0,0,4,2,0,0
g006446,0.333333333333333,250:10,3,3,3,0,0,10,1,0,0
g006449,0.25,240:20,4,4,4,0,0,20,0,0,0
g006450,0.333333333333333,257:3,3,3,3,0,0,3,1,1,0
g006451,0.333333333333333,256:4,3,3,3,0,0,4,0,0,0
g006452,0.142857142857143,167:93,7,7,7,1,0,93,1,0,0
g006453,1,256:4,1,1,1,0,0,4,2,0,1
g006454,0.25,256:4,4,4,4,0,0,4,0,0,0
g006455,0.2,243:17,5,5,4,1,0,17,0,0,0
g006456,0.333333333333333,257:3,3,3,3,0,0,3,2,0,0
g006457,0.333333333333333,256:4,3,3,3,0,0,4,2,0,0
g006459,0.333333333333333,257:3,3,3,3,0,0,3,1,0,0
g006460,0.2,253:7,5,5,5,0,0,7,1,0,0
g006461,0.166666666666667,252:8,6,6,6,0,0,8,0,0,0
g006462,0.5,257:3,2,2,2,0,0,3,0,0,0
g006463,0.5,256:4,2,2,2,0,0,4,2,1,0
g006464,0.166666666666667,252:8,6,6,6,0,0,8,0,0,0
g006465,0.333333333333333,257:3,3,3,3,0,0,3,2,0,0
g006466,0.142857142857143,251:9,7,7,6,1,0,9,1,0,0
g006467,0.25,256:4,4,4,4,0,0,4,1,0,0
g006470,0.333333333333333,257:3,3,3,3,0,0,3,0,1,0
g006472,0.0588235294117647,204:56,17,17,14,3,1,56,1,0,0
g006473,0.25,252:8,4,4,3,1,0,8,0,0,0
g006474,0.0769230769230769,173:87,13,13,12,2,0,87,0,0,0
g006476,0.333333333333333,257:3,3,3,3,0,0,3,2,1,0
g006477,0.333333333333333,257:3,3,3,3,0,0,3,2,0,0
g006479,0.333333333333333,242:18,3,3,3,0,0,18,1,0,0
g006480,0.333333333333333,257:3,3,3,3,0,0,3,0,0,0
g006481,0.333333333333333,256:4,3,3,3,0,0,4,0,0,0
g006482,0.333333333333333,257:3,3,3,3,0,0,3,1,0,0
g006483,0.2,251:9,5,5,5,0,0,9,2,0,0
g006484,0.333333333333333,257:3,3,3,3,0,0,3,1,0,0
g006485,0.25,255:5,4,4,4,0,0,5,0,0,0
g006486,0.166666666666667,248:12,6,6,4,2,0,12,0,0,0
g006488,0.166666666666667,249:11,6,6,5,1,0,11,1,0,0
g006489,0.333333333333333,254:6,3,3,3,0,0,6,2,0,0
g006490,0.166666666666667,250:10,6,6,5,1,0,10,0,0,0
g006491,0.5,254:6,2,2,2,0,0,6,0,0,0
g006492,0.25,256:4,4,4,4,0,0,4,2,0,0
g006493,0.333333333333333,257:3,3,3,3,0,0,3,2,1,0
g006494,0.333333333333333,257:3,3,3,3,0,0,3,1,0,0
g006495,0.2,255:5,5,5,5,0,0,5,0,0,0
g006497,0.125,249:11,8,8,8,0,0,11,1,0,0
g006498,0.2,203:57,5,5,5,1,0,57,1,0,0
g006499,0.25,256:4,4,4,4,0,0,4,1,0,0
g006500,0.25,256:4,4,4,4,0,0,4,1,0,0
g006501,0.333333333333333,257:3,3,3,3,0,0,3,1,0,0
g006502,0.333333333333333,256:4,3,3,3,0,0,4,1,0,0
g006503,0.25,255:5,4,4,4,0,0,5,2,0,0
g006504,0.5,204:56,2,2,2,0,0,56,1,0,0
g006505,0.333333333333333,256:4,3,3,3,0,0,4,1,0,0
g006507,0.142857142857143,167:93,7,7,7,1,0,93,1,0,0
g006509,0.142857142857143,233:27,7,7,6,2,0,27,1,0,0
g006510,0.2,234:26,5,5,5,0,0,26,1,0,0
g006512,0.0555555555555556,231:29,18,18,16,3,0,29,1,0,0
g006513,0.142857142857143,245:15,7,7,7,1,0,15,1,0,0
g006516,0.333333333333333,257:3,3,3,3,0,0,3,0,0,0
g006517,0.2,255:5,5,5,5,0,0,5,1,0,0
g006519,0.0555555555555556,190:70,18,18,17,2,0,70,1,0,0
g006521,0.25,250:10,4,4,3,1,0,10,1,0,0
g006524,0.142857142857143,246:14,7,7,7,0,0,14,2,0,0
g006525,0.25,256:4,4,4,4,0,0,4,2,0,0
g006526,0.142857142857143,247:13,7,7,6,1,0,13,2,1,0
g006527,0.142857142857143,248:12,7,7,7,0,0,12,0,0,0
g006528,0.125,191:69,8,8,8,0,0,69,1,0,0
g006529,0.2,239:21,5,5,5,0,0,21,2,0,0
g006530,0.2,254:6,5,5,5,0,0,6,0,0,0
g006531,0.25,256:4,4,4,4,0,0,4,2,0,0
g006532,0.333333333333333,257:3,3,3,3,0,0,3,2,0,0
g006533_1,0.25,255:5,4,4,4,1,0,5,1,0,0
g006533_2,0.5,258:2,2,2,2,0,0,2,2,0,0
g006534,0.142857142857143,251:9,7,7,6,2,0,9,1,0,0
g006535,0.333333333333333,257:3,3,3,3,0,0,3,0,0,0
g006536,0.333333333333333,257:3,3,3,3,0,0,3,1,0,0
g006538_1,0.25,255:5,4,4,4,1,0,5,1,0,0
g006538_2,0.25,255:5,4,4,3,1,0,5,1,0,0
g006541,0.142857142857143,248:12,7,7,7,1,0,12,2,0,0
g006542,0.333333333333333,257:3,3,3,3,0,0,3,2,0,0
g006544,0.0555555555555556,186:74,18,18,13,5,0,74,1,0,0
g006545,0.0666666666666667,177:83,15,15,10,5,0,83,0,0,0
g006546,0.125,220:40,8,8,7,1,0,40,0,0,0
g006547,0.333333333333333,255:5,3,3,3,0,0,5,1,0,0
g006548,0.333333333333333,256:4,3,3,3,0,0,4,0,0,0
g006549,0.25,256:4,4,4,4,0,0,4,1,0,0
g006550,0.333333333333333,257:3,3,3,3,0,0,3,2,1,0
g006551,0.25,255:5,4,4,4,1,0,5,0,1,0
g006552,0.333333333333333,257:3,3,3,3,0,0,3,2,1,0
g006553,0.2,255:5,5,5,5,0,0,5,2,1,0
g006556,0.2,192:68,5,5,3,2,0,68,0,0,0
g006557,0.125,249:11,8,8,8,0,0,11,1,0,0
g006558,0.111111111111111,250:10,9,9,8,1,0,10,1,0,0
g006559,0.2,254:6,5,5,5,0,0,6,1,0,0
g006560,0.2,254:6,5,5,5,0,0,6,1,0,0
g006563,0.333333333333333,257:3,3,3,3,0,0,3,0,0,0
g006565,0.25,256:4,4,4,4,0,0,4,2,0,0
g006567,0.142857142857143,245:15,7,7,7,1,0,15,1,0,0
g006568,0.2,254:6,5,5,5,0,0,6,2,0,0
g006569,0.25,251:9,4,4,4,0,0,9,2,0,0
g006570,0.2,253:7,5,5,5,1,0,7,2,0,0
g006571,0.25,256:4,4,4,4,0,0,4,2,0,0
g006572,0.333333333333333,257:3,3,3,3,0,0,3,2,1,0
g006573,0.2,255:5,5,5,5,0,0,5,2,1,0
g006576,0.333333333333333,257:3,3,3,3,0,0,3,2,1,0
g006578,0.333333333333333,256:4,3,3,3,0,0,4,2,1,0
g006579,0.333333333333333,252:8,3,3,3,0,0,8,2,0,0
g006580,0.333333333333333,257:3,3,3,3,0,0,3,2,1,0
g006581,0.0666666666666667,222:38,15,15,14,3,0,38,2,0,0
g006582,0.166666666666667,253:7,6,6,6,0,0,7,2,0,0
g006583,0.166666666666667,254:6,6,6,6,0,0,6,2,0,0
g006585,0.333333333333333,257:3,3,3,3,0,0,3,2,0,0
g006586,0.333333333333333,253:7,3,3,3,0,0,7,2,0,0
g006587,0.333333333333333,257:3,3,3,3,0,0,3,2,0,0
g006588,0.111111111111111,251:9,9,9,9,0,0,9,2,0,0
g006589,0.333333333333333,257:3,3,3,3,0,0,3,1,0,0
g006590,0.5,234:26,2,2,2,0,0,26,1,0,0
g006591,0.2,255:5,5,5,5,0,0,5,2,0,0
g006592,0.333333333333333,257:3,3,3,3,0,0,3,1,0,0
g006593,0.166666666666667,252:8,6,6,6,1,0,8,2,0,0
g006594,0.2,252:8,5,5,5,0,0,8,2,0,0
g006595,0.1,243:17,10,10,10,0,0,17,1,0,0
g006596,0.333333333333333,257:3,3,3,3,0,0,3,2,1,0
g006597,0.333333333333333,257:3,3,3,3,0,0,3,2,0,0
g006600,0.1,243:17,10,10,10,1,0,17,2,0,0
g006601,0.166666666666667,254:6,6,6,6,0,0,6,2,0,0
g006602,0.2,239:21,5,5,5,1,0,21,2,0,0
g006603,0.25,241:19,4,4,4,0,0,19,2,0,0
g006605,0.25,255:5,4,4,4,1,0,5,2,0,0
g006606,0.166666666666667,195:65,6,6,6,0,0,65,1,0,0
g006607,0.0833333333333333,218:42,12,12,12,0,0,42,1,0,0
g006608,0.111111111111111,251:9,9,9,9,0,0,9,2,0,0
g006609,0.166666666666667,251:9,6,6,6,0,0,9,1,0,0
g006610,0.111111111111111,249:11,9,9,9,0,0,11,2,0,0
g006611,0.1,239:21,10,10,10,0,0,21,0,0,0
g006612,0.333333333333333,257:3,3,3,3,0,0,3,2,0,0
g006613,0.166666666666667,254:6,6,6,6,0,0,6,1,0,0
g006616,0.0526315789473684,197:63,19,19,10,10,0,63,0,0,0
g006617,0.333333333333333,257:3,3,3,3,0,0,3,2,0,0
g006618_1,0.333333333333333,257:3,3,3,3,0,0,3,2,0,0
g006620,0.142857142857143,252:8,7,7,7,0,0,8,2,0,0
g006621,0.333333333333333,257:3,3,3,3,0,0,3,0,0,0
g006622,0.0416666666666667,107:153,24,24,14,11,1,153,1,0,0
g006624,0.166666666666667,251:9,6,6,6,1,0,9,0,0,0
g006625,0.333333333333333,257:3,3,3,3,0,0,3,0,0,0
g006626,0.25,197:63,4,4,4,0,0,63,1,0,0
g006627,0.333333333333333,254:6,3,3,3,0,0,6,1,0,0
g006630,0.333333333333333,257:3,3,3,3,0,0,3,0,0,0
g006631,0.166666666666667,248:12,6,6,6,0,0,12,1,0,0
g006632,0.25,252:8,4,4,4,0,0,8,2,0,0
g006633,0.333333333333333,257:3,3,3,3,0,0,3,2,0,0
g006635,0.142857142857143,250:10,7,7,7,0,0,10,2,0,0
g006636,0.333333333333333,257:3,3,3,3,0,0,3,1,0,0
g006638,0.333333333333333,256:4,3,3,3,0,0,4,2,0,0
g006639,0.333333333333333,257:3,3,3,3,0,0,3,2,0,0
g006640,0.333333333333333,256:4,3,3,3,0,0,4,1,0,0
g006641,0.333333333333333,257:3,3,3,3,0,0,3,2,0,0
g006643,0.142857142857143,245:15,7,7,7,1,0,15,1,0,0
g006644,0.2,255:5,5,5,5,0,0,5,2,0,0
g006645,0.25,256:4,4,4,4,0,0,4,2,1,0
g006646,0.333333333333333,257:3,3,3,3,0,0,3,1,0,0
g006648,0.333333333333333,257:3,3,3,3,0,0,3,0,0,0
g006649,0.142857142857143,253:7,7,7,7,0,0,7,1,0,0
g006650_1,1,258:2,1,1,1,0,0,2,0,0,1
g006650_2,1,258:2,1,1,1,0,0,2,1,0,1
g006651,0.333333333333333,257:3,3,3,3,0,0,3,0,0,0
g006652,0.125,231:29,8,8,7,1,0,29,2,0,0
g006653,0.333333333333333,257:3,3,3,3,0,0,3,0,1,0
g006654,0.25,256:4,4,4,4,0,0,4,0,0,0
g006655,0.333333333333333,257:3,3,3,3,0,0,3,1,0,0
g006657,0.166666666666667,254:6,6,6,6,0,0,6,2,0,0
g006658,0.25,256:4,4,4,4,0,0,4,2,1,0
g006661,0.333333333333333,256:4,3,3,3,0,0,4,2,0,0
g006662,0.333333333333333,257:3,3,3,3,0,0,3,1,0,0
g006663_1,1,256:4,1,1,1,0,0,4,1,0,1
g006664,0.166666666666667,253:7,6,6,5,1,0,7,2,0,0
g006665,0.333333333333333,257:3,3,3,3,0,0,3,2,1,0
g006666,0.333333333333333,257:3,3,3,3,0,0,3,2,1,0
g006667,0.25,253:7,4,4,4,0,0,7,0,0,0
g006668,0.0434782608695652,216:44,23,23,21,2,0,44,2,0,0
g006670,0.333333333333333,256:4,3,3,3,0,0,4,0,0,0
g006671,0.142857142857143,251:9,7,7,6,1,0,9,1,0,0
g006672,0.166666666666667,248:12,6,6,6,0,0,12,1,0,0
g006673_1,0.5,258:2,2,2,2,0,0,2,2,0,0
g006674,0.333333333333333,256:4,3,3,3,0,0,4,1,0,0
g006675,1,250:10,1,1,1,0,0,10,1,0,1
g006676,0.333333333333333,257:3,3,3,3,0,0,3,0,0,0
g006677,0.125,251:9,8,8,8,0,0,9,2,0,0
g006679,0.2,251:9,5,5,4,1,0,9,0,0,0
g006680,0.25,256:4,4,4,4,0,0,4,1,0,0
g006681,0.333333333333333,257:3,3,3,3,0,0,3,2,1,0
g006682,0.333333333333333,256:4,3,3,3,0,0,4,0,0,0
g006683,0.333333333333333,257:3,3,3,3,0,0,3,1,1,0
g006684,0.2,255:5,5,5,5,0,0,5,1,0,0
g006685,0.333333333333333,257:3,3,3,3,0,0,3,0,0,0
g006686,0.25,253:7,4,4,4,0,0,7,1,1,0
g006689,0.142857142857143,245:15,7,7,6,1,0,15,1,0,0
g006691,0.333333333333333,257:3,3,3,3,0,0,3,2,1,0
g006692,0.333333333333333,257:3,3,3,3,0,0,3,0,0,0
g006694,0.25,250:10,4,4,3,1,0,10,1,0,0
g006695,0.333333333333333,257:3,3,3,3,0,0,3,2,1,0
g006696,0.333333333333333,257:3,3,3,3,0,0,3,2,0,0
g006697,0.25,256:4,4,4,4,0,0,4,0,1,0
g006698,0.333333333333333,256:4,3,3,3,0,0,4,2,1,0
g006699,0.25,254:6,4,4,4,0,0,6,2,0,0
g006701,0.333333333333333,256:4,3,3,3,0,0,4,2,0,0
g006702,0.0769230769230769,173:87,13,13,11,2,0,87,0,0,0
g006703,0.166666666666667,252:8,6,6,6,0,0,8,2,0,0
g006704,0.333333333333333,256:4,3,3,3,0,0,4,1,0,0
g006705,0.333333333333333,256:4,3,3,3,0,0,4,1,0,0
g006709,0.25,256:4,4,4,4,0,0,4,2,0,0
g006710,0.25,253:7,4,4,4,0,0,7,2,0,0
g006711,0.333333333333333,257:3,3,3,3,0,0,3,1,0,0
g006712,0.333333333333333,257:3,3,3,2,1,0,3,2,1,0
g006713,0.333333333333333,256:4,3,3,3,0,0,4,0,0,0
g006714,0.333333333333333,257:3,3,3,3,0,0,3,0,0,0
g006715,0.333333333333333,257:3,3,3,3,0,0,3,2,1,0
g006716,0.2,252:8,5,5,5,0,0,8,2,0,0
g006717,0.1,250:10,10,10,10,0,0,10,2,0,0
g006718,0.2,254:6,5,5,5,0,0,6,2,0,0
g006719,0.1,248:12,10,10,10,0,0,12,2,0,0
g006720,0.25,256:4,4,4,4,0,0,4,1,0,0
g006723,0.25,256:4,4,4,4,0,0,4,1,1,0
g006724,0.333333333333333,256:4,3,3,3,0,0,4,1,0,0
g006725,0.2,255:5,5,5,5,0,0,5,2,0,0
g006726,0.333333333333333,257:3,3,3,3,0,0,3,1,0,0
g006729,0.333333333333333,257:3,3,3,3,0,0,3,2,1,0
g006730,0.333333333333333,257:3,3,3,3,0,0,3,2,1,0
g006733,0.333333333333333,257:3,3,3,3,0,0,3,2,0,0
g006734,0.333333333333333,257:3,3,3,3,0,0,3,2,1,0
g006735,0.25,256:4,4,4,4,0,0,4,2,0,0
g006736,0.2,255:5,5,5,5,0,0,5,1,0,0
g006737,0.5,256:4,2,2,2,0,0,4,2,0,0
g006738,0.125,249:11,8,8,8,0,0,11,1,0,0
g006739,0.0555555555555556,189:71,18,18,13,5,0,71,1,0,0
g006740,0.25,256:4,4,4,4,0,0,4,2,0,0
g006741,0.333333333333333,256:4,3,3,3,0,0,4,2,0,0
g006742,0.333333333333333,257:3,3,3,3,0,0,3,0,0,0
g006743,0.166666666666667,202:58,6,6,6,1,0,58,1,0,0
g006745,0.333333333333333,254:6,3,3,3,0,0,6,1,0,0
g006746_1,0.5,258:2,2,2,2,0,0,2,2,0,0
g006748,0.333333333333333,257:3,3,3,3,0,0,3,2,0,0
g006749,0.25,250:10,4,4,3,1,0,10,0,0,0
g006750_1,0.5,258:2,2,2,2,0,0,2,0,0,0
g006751,0.25,256:4,4,4,4,0,0,4,1,0,0
g006752,0.25,255:5,4,4,3,1,0,5,0,0,0
g006753,0.333333333333333,256:4,3,3,3,0,0,4,1,0,0
g006754,0.2,246:14,5,5,5,1,0,14,1,0,0
g006755,0.25,256:4,4,4,3,1,0,4,2,0,0
g006758,0.333333333333333,255:5,3,3,3,0,0,5,2,0,0
g006759,0.333333333333333,255:5,3,3,3,0,0,5,2,0,0
g006760,0.333333333333333,256:4,3,3,3,0,0,4,1,0,0
g006761,0.166666666666667,249:11,6,6,6,0,0,11,2,0,0
g006762,0.0625,234:26,16,16,14,3,0,26,2,0,0
g006763_1,0.2,254:6,5,5,5,0,0,6,2,0,0
g006764,0.25,256:4,4,4,4,0,0,4,1,0,0
g006765,0.5,253:7,2,2,2,0,0,7,0,0,0
g006766,0.1,215:45,10,10,10,0,0,45,1,0,0
g006768,0.2,254:6,5,5,5,0,0,6,0,0,0
g006769,0.333333333333333,257:3,3,3,3,0,0,3,2,0,0
g006770,0.125,247:13,8,8,8,1,0,13,1,0,0
g006771,0.2,243:17,5,5,4,1,0,17,0,0,0
g006773,0.5,253:7,2,2,2,0,0,7,1,0,0
g006774,0.333333333333333,257:3,3,3,3,0,0,3,0,0,0
g006775,0.142857142857143,249:11,7,7,5,3,0,11,0,0,0
g006776_1,0.5,258:2,2,2,2,0,0,2,2,0,0
g006779,0.0384615384615385,153:107,26,26,10,18,1,107,1,0,0
g006780,0.333333333333333,254:6,3,3,3,0,0,6,1,0,0
g006782,0.142857142857143,248:12,7,7,7,0,0,12,0,0,0
g006783,0.25,255:5,4,4,4,0,0,5,2,0,0
g006784,0.125,249:11,8,8,8,0,0,11,1,0,0
g006785,0.333333333333333,257:3,3,3,3,0,0,3,2,0,0
g006787,0.0769230769230769,241:19,13,13,12,2,0,19,1,0,0
g006788,0.333333333333333,254:6,3,3,3,0,0,6,2,0,0
g006790,0.0769230769230769,44:216,13,13,1,12,1,216,1,0,0
g006791,0.25,256:4,4,4,4,0,0,4,2,1,0
g006793,0.25,256:4,4,4,4,0,0,4,2,0,0
g006794,0.25,256:4,4,4,4,1,0,4,2,0,0
g006795,0.2,254:6,5,5,5,0,0,6,0,0,0
g006796,0.333333333333333,257:3,3,3,3,0,0,3,2,1,0
g006797,0.333333333333333,257:3,3,3,3,0,0,3,0,0,0
g006798,0.333333333333333,256:4,3,3,3,0,0,4,0,1,0
g006800,0.333333333333333,255:5,3,3,3,0,0,5,2,1,0
g006804,0.333333333333333,257:3,3,3,3,0,0,3,2,0,0
g006805,0.0714285714285714,212:48,14,14,13,3,0,48,1,0,0
g006806,0.333333333333333,257:3,3,3,3,0,0,3,0,1,0
g006807,0.333333333333333,257:3,3,3,3,0,0,3,0,0,0
g006808,0.111111111111111,251:9,9,9,9,0,0,9,1,0,0
g006809,0.2,254:6,5,5,5,0,0,6,1,0,0
g006810,0.333333333333333,257:3,3,3,3,0,0,3,2,0,0
g006812,0.142857142857143,52:208,7,7,3,5,1,208,1,0,0
g006813,0.142857142857143,252:8,7,7,7,0,0,8,2,0,0
g006814,0.5,254:6,2,2,2,0,0,6,0,0,0
g006816,0.25,256:4,4,4,4,0,0,4,2,0,0
g006817,0.25,256:4,4,4,4,0,0,4,2,1,0
g006818,0.333333333333333,257:3,3,3,3,0,0,3,2,0,0
g006819,1,257:3,1,1,1,0,0,3,0,0,1
g006820,0.333333333333333,257:3,3,3,3,0,0,3,1,1,0
g006821,0.166666666666667,250:10,6,6,5,1,0,10,0,0,0
g006822,0.333333333333333,257:3,3,3,3,0,0,3,2,0,0
g006823,0.2,196:64,5,5,5,0,0,64,1,0,0
g006826,0.333333333333333,254:6,3,3,3,0,0,6,1,0,0
g006827,0.5,257:3,2,2,2,0,0,3,0,0,0
g006828,0.111111111111111,213:47,9,9,9,0,0,47,1,0,0
g006830,0.125,251:9,8,8,8,0,0,9,2,0,0
g006831,0.142857142857143,249:11,7,7,7,0,0,11,2,0,0
g006832,0.2,252:8,5,5,5,1,0,8,2,0,0
g006836,0.2,232:28,5,5,5,0,0,28,2,0,0
g006837,0.166666666666667,250:10,6,6,6,0,0,10,2,0,0
g006838,0.333333333333333,257:3,3,3,3,0,0,3,2,0,0
g006840,0.333333333333333,257:3,3,3,3,0,0,3,2,0,0
g006841,0.333333333333333,257:3,3,3,3,0,0,3,1,0,0
g006842,0.333333333333333,255:5,3,3,3,0,0,5,1,0,0
g006844,0.333333333333333,257:3,3,3,3,0,0,3,2,0,0
g006845,0.125,250:10,8,8,8,0,0,10,2,0,0
g006846,0.333333333333333,257:3,3,3,3,0,0,3,2,0,0
g006848,0.25,227:33,4,4,0,4,1,33,1,0,1
g006849,0.2,255:5,5,5,5,0,0,5,2,0,0
g006854,0.142857142857143,228:32,7,7,4,4,0,32,1,0,0
g006855,0.333333333333333,256:4,3,3,3,0,0,4,2,1,0
g006856,0.333333333333333,257:3,3,3,3,0,0,3,2,1,0
g006857,0.25,256:4,4,4,4,0,0,4,2,0,0
g006860,0.333333333333333,257:3,3,3,3,0,0,3,2,1,0
g006862,0.333333333333333,257:3,3,3,3,0,0,3,0,0,0
g006863,0.2,255:5,5,5,5,0,0,5,1,0,0
g006864,0.333333333333333,257:3,3,3,3,0,0,3,2,1,0
g006865,0.333333333333333,256:4,3,3,3,0,0,4,2,0,0
g006866,0.25,256:4,4,4,4,0,0,4,0,0,0
g006867,0.333333333333333,257:3,3,3,3,0,0,3,1,1,0
g006869,0.125,225:35,8,8,8,0,0,35,1,0,0
g006870,0.05,219:41,20,20,20,2,0,41,2,0,0
g006871,0.25,256:4,4,4,4,0,0,4,2,0,0
g006872,0.0625,234:26,16,16,14,2,0,26,2,0,0
g006873,0.142857142857143,253:7,7,7,7,0,0,7,1,0,0
g006876,0.25,255:5,4,4,3,1,0,5,2,1,0
g006877,0.333333333333333,256:4,3,3,3,0,0,4,0,0,0
g006878,0.25,256:4,4,4,4,0,0,4,2,0,0
g006879,0.333333333333333,254:6,3,3,3,0,0,6,1,0,0
g006880,0.25,255:5,4,4,4,0,0,5,1,0,0
g006881,0.142857142857143,251:9,7,7,6,1,0,9,2,0,0
g006882,0.333333333333333,257:3,3,3,3,0,0,3,2,0,0
g006884,0.0476190476190476,68:192,21,21,6,15,0,192,1,0,0
g006886,0.166666666666667,250:10,6,6,6,0,0,10,2,0,0
g006887,0.333333333333333,257:3,3,3,3,0,0,3,2,0,0
g006888,0.5,257:3,2,2,2,0,0,3,2,0,0
g006890,0.111111111111111,249:11,9,9,9,1,0,11,2,0,0
g006892,0.0909090909090909,245:15,11,11,11,0,0,15,1,0,0
g006893,0.166666666666667,250:10,6,6,6,0,0,10,2,0,0
g006894,0.5,257:3,2,2,2,0,0,3,1,0,0
g006895,0.142857142857143,253:7,7,7,7,0,0,7,1,0,0
g006896,0.25,255:5,4,4,4,0,0,5,2,0,0
g006897,0.111111111111111,251:9,9,9,9,0,0,9,2,0,0
g006899,0.25,256:4,4,4,4,0,0,4,2,0,0
g006900,0.333333333333333,257:3,3,3,3,0,0,3,0,0,0
g006901,0.142857142857143,247:13,7,7,7,1,0,13,2,0,0
g006902,0.142857142857143,228:32,7,7,4,4,0,32,1,0,0
g006903,0.25,256:4,4,4,4,0,0,4,1,0,0
g006904,0.333333333333333,257:3,3,3,3,0,0,3,0,0,0
g006906,0.25,256:4,4,4,4,0,0,4,2,0,0
g006907,0.2,255:5,5,5,5,0,0,5,1,0,0
g006908,0.25,256:4,4,4,4,0,0,4,2,0,0
g006909,0.333333333333333,257:3,3,3,3,0,0,3,2,0,0
g006910,0.333333333333333,256:4,3,3,3,0,0,4,1,0,0
g006912,0.2,255:5,5,5,5,0,0,5,2,0,0
g006913,0.2,254:6,5,5,3,2,0,6,0,0,0
g006914,0.25,255:5,4,4,4,0,0,5,0,1,0
g006916,0.0666666666666667,240:20,15,15,15,0,0,20,2,0,0
g006918,0.333333333333333,257:3,3,3,3,0,0,3,1,0,0
g006919,0.5,256:4,2,2,2,0,0,4,1,1,0
g006920,0.25,253:7,4,4,4,0,0,7,2,0,0
g006923,0.0666666666666667,188:72,15,15,14,1,0,72,1,0,0
g006924,0.25,255:5,4,4,4,0,0,5,2,0,0
g006925,0.333333333333333,256:4,3,3,3,0,0,4,2,0,0
g006926,0.166666666666667,253:7,6,6,6,0,0,7,2,0,0
g006927,0.25,256:4,4,4,4,0,0,4,2,1,0
g006928,0.111111111111111,247:13,9,9,9,0,0,13,2,0,0
g006929,0.25,256:4,4,4,4,0,0,4,1,0,0
g006931,0.25,255:5,4,4,4,0,0,5,2,0,0
g006932,0.166666666666667,253:7,6,6,6,0,0,7,1,0,0
g006934,0.037037037037037,231:29,27,27,27,1,0,29,2,0,0
g006936,0.111111111111111,244:16,9,9,9,0,0,16,2,1,0
g006937,0.333333333333333,257:3,3,3,3,0,0,3,0,0,0
g006938,0.0833333333333333,245:15,12,12,11,2,0,15,2,0,0
g006939_2,0.333333333333333,257:3,3,3,3,0,0,3,2,0,0
g006940,0.333333333333333,256:4,3,3,3,0,0,4,2,0,0
g006941,0.333333333333333,257:3,3,3,3,0,0,3,0,0,0
g006943,0.25,254:6,4,4,4,0,0,6,1,0,0
g006944,0.333333333333333,257:3,3,3,3,0,0,3,0,0,0
g006945,0.25,256:4,4,4,4,0,0,4,0,0,0
g006946,0.166666666666667,252:8,6,6,6,0,0,8,2,0,0
g006947,0.333333333333333,256:4,3,3,3,0,0,4,1,0,0
g006948,0.166666666666667,254:6,6,6,6,0,0,6,2,0,0
g006949,0.333333333333333,257:3,3,3,3,0,0,3,2,0,0
g006950,0.25,255:5,4,4,4,1,0,5,0,0,0
g006951,0.142857142857143,249:11,7,7,4,3,0,11,0,0,0
g006952,0.333333333333333,257:3,3,3,2,1,0,3,2,0,0
g006954,0.333333333333333,257:3,3,3,3,0,0,3,1,0,0
g006956,0.2,255:5,5,5,5,0,0,5,2,0,0
g006958_1,0.333333333333333,256:4,3,3,3,0,0,4,2,0,0
g006959,0.2,253:7,5,5,5,0,0,7,0,0,0
g006960,0.2,255:5,5,5,5,0,0,5,2,1,0
g006961,0.333333333333333,255:5,3,3,3,0,0,5,0,1,0
g006963,0.2,255:5,5,5,5,0,0,5,2,1,0
g006964,0.1,247:13,10,10,10,0,0,13,2,0,0
g006965,0.125,250:10,8,8,8,0,0,10,2,0,0
g006966,0.166666666666667,254:6,6,6,6,1,0,6,1,0,0
g006967,0.25,256:4,4,4,4,0,0,4,0,0,0
g006968,0.166666666666667,254:6,6,6,6,0,0,6,2,0,0
g006969,0.333333333333333,257:3,3,3,3,0,0,3,2,1,0
g006971,0.0625,214:46,16,16,15,3,0,46,1,0,0
g006972,0.333333333333333,257:3,3,3,3,0,0,3,2,0,0
g006973,0.333333333333333,253:7,3,3,3,0,0,7,0,0,0
g006974,0.333333333333333,255:5,3,3,3,0,0,5,0,0,0
g006975,0.25,256:4,4,4,4,0,0,4,2,0,0
g006976,0.25,256:4,4,4,4,1,0,4,2,0,0
g006977_1,0.25,255:5,4,4,4,0,0,5,1,0,0
g006977_2,0.5,258:2,2,2,2,0,0,2,2,1,0
g006979,0.125,245:15,8,8,5,3,0,15,1,0,0
g006980,0.333333333333333,256:4,3,3,3,0,0,4,0,0,0
g006981,0.142857142857143,251:9,7,7,6,1,0,9,2,0,0
g006982,0.2,253:7,5,5,5,0,0,7,2,0,0
g006983,0.333333333333333,256:4,3,3,3,0,0,4,0,0,0
g006984,0.333333333333333,257:3,3,3,3,0,0,3,2,0,0
g006985,0.2,21:239,5,5,0,5,1,239,0,0,1
g006986,0.166666666666667,250:10,6,6,6,0,0,10,2,0,0
g006989,0.333333333333333,257:3,3,3,2,1,0,3,1,0,0
g006990,0.333333333333333,3:257,3,3,0,3,1,257,1,0,1
g006991,0.333333333333333,256:4,3,3,3,0,0,4,2,0,0
g006992,0.333333333333333,255:5,3,3,3,0,0,5,2,0,0
g006993,0.333333333333333,257:3,3,3,3,0,0,3,2,0,0
g006994,0.333333333333333,234:26,3,3,2,1,0,26,2,0,0
g006995,0.333333333333333,257:3,3,3,3,0,0,3,2,0,0
g006996,0.2,252:8,5,5,5,0,0,8,2,0,0
g006997,0.166666666666667,248:12,6,6,4,3,0,12,0,0,0
g006998,0.0588235294117647,233:27,17,17,16,3,0,27,2,0,0
g006999,0.333333333333333,257:3,3,3,3,0,0,3,2,1,0
g007002,0.0416666666666667,229:31,24,24,22,2,0,31,2,0,0
g007003,0.333333333333333,253:7,3,3,3,0,0,7,2,0,0
g007004,0.0769230769230769,246:14,13,13,13,0,0,14,2,0,0
g007006,0.111111111111111,251:9,9,9,9,0,0,9,1,0,0
g007007,0.25,256:4,4,4,4,0,0,4,0,0,0
g007008,0.2,255:5,5,5,5,1,0,5,2,0,0
g007010,0.333333333333333,257:3,3,3,3,0,0,3,0,0,0
g007011,0.0416666666666667,107:153,24,24,14,11,1,153,1,0,0
g007012,0.2,250:10,5,5,5,0,0,10,2,0,0
g007013,0.333333333333333,257:3,3,3,3,0,0,3,2,1,0
g007015,0.25,256:4,4,4,4,0,0,4,0,0,0
g007016,0.142857142857143,251:9,7,7,6,1,0,9,1,0,0
g007017,0.142857142857143,250:10,7,7,7,0,0,10,2,0,0
g007018_1,1,239:21,1,1,1,0,0,21,1,0,1
g007018_2,0.333333333333333,257:3,3,3,3,1,0,3,1,0,0
g007019,0.333333333333333,257:3,3,3,3,0,0,3,1,1,0
g007023,0.0769230769230769,242:18,13,13,13,1,0,18,2,0,0
g007027,0.2,254:6,5,5,5,0,0,6,1,0,0
g007029,0.25,255:5,4,4,3,1,0,5,0,1,0
g007030,0.333333333333333,257:3,3,3,3,0,0,3,0,0,0
g007031,0.25,252:8,4,4,4,0,0,8,2,0,0
g007033,0.25,255:5,4,4,3,1,0,5,2,0,0
g007034,0.25,256:4,4,4,4,0,0,4,1,0,0
g007036,0.166666666666667,227:33,6,6,5,1,0,33,2,0,0
g007037,0.166666666666667,252:8,6,6,6,0,0,8,2,1,0
g007038,0.2,255:5,5,5,5,0,0,5,2,0,0
g007039,0.5,257:3,2,2,2,0,0,3,0,0,0
g007042,0.2,234:26,5,5,5,0,0,26,1,0,0
g007043,0.333333333333333,254:6,3,3,3,0,0,6,1,0,0
g007044,0.142857142857143,252:8,7,7,7,0,0,8,2,1,0
g007045,0.333333333333333,257:3,3,3,3,0,0,3,0,0,0
g007047,0.0454545454545455,200:60,22,22,14,11,0,60,1,0,0
g007048,0.111111111111111,251:9,9,9,9,0,0,9,2,0,0
g007049,0.2,255:5,5,5,5,0,0,5,2,0,0
g007050,0.0909090909090909,174:86,11,11,8,3,0,86,1,0,0
g007053,0.5,235:25,2,2,2,0,0,25,2,0,0
g007054,0.25,231:29,4,4,4,0,0,29,1,0,0
g007055,0.166666666666667,250:10,6,6,6,0,0,10,2,0,0
g007056,0.166666666666667,252:8,6,6,6,0,0,8,2,1,0
g007059,0.0909090909090909,247:13,11,11,9,2,0,13,1,0,0
g007060,0.25,233:27,4,4,4,0,0,27,2,0,0
g007061,0.333333333333333,257:3,3,3,3,0,0,3,2,1,0
g007064,0.166666666666667,254:6,6,6,6,0,0,6,2,0,0
g007066,0.2,240:20,5,5,5,0,0,20,0,0,0
g007067,0.0833333333333333,218:42,12,12,12,0,0,42,1,0,0
g007069,0.25,255:5,4,4,4,0,0,5,0,1,0
g007070,0.0909090909090909,225:35,11,11,11,0,0,35,2,0,0
g007071,0.333333333333333,257:3,3,3,3,0,0,3,2,0,0
g007072,0.0588235294117647,177:83,17,17,12,5,0,83,0,0,0
g007075,0.25,256:4,4,4,4,0,0,4,2,0,0
g007076_1,0.5,258:2,2,2,2,0,0,2,2,0,0
g007077,0.142857142857143,186:74,7,7,4,3,0,74,1,0,0
g007078,0.25,254:6,4,4,4,0,0,6,2,1,0
g007082,0.2,251:9,5,5,5,0,0,9,2,0,0
g007083,0.25,255:5,4,4,4,0,0,5,2,0,0
g007084,0.333333333333333,256:4,3,3,3,0,0,4,0,0,0
g007085,0.333333333333333,257:3,3,3,3,0,0,3,2,0,0
g007086,0.166666666666667,254:6,6,6,6,0,0,6,2,1,0
g007089,0.25,255:5,4,4,4,0,0,5,2,0,0
g007090,0.2,251:9,5,5,5,0,0,9,2,0,0
g007091,0.166666666666667,254:6,6,6,6,1,0,6,2,0,0
g007092,0.142857142857143,253:7,7,7,7,0,0,7,2,0,0
g007093,0.2,232:28,5,5,5,0,0,28,2,0,0
g007094,0.2,251:9,5,5,5,0,0,9,2,0,0
g007096,0.0588235294117647,241:19,17,17,17,1,0,19,0,0,0
g007097,0.333333333333333,256:4,3,3,3,1,0,4,2,0,0
g007098,0.333333333333333,257:3,3,3,3,0,0,3,1,0,0
g007099,0.333333333333333,257:3,3,3,3,0,0,3,2,0,0
g007100,0.111111111111111,213:47,9,9,8,1,0,47,1,0,0
g007101,0.25,244:16,4,4,4,1,0,16,1,0,0
g007102,0.25,177:83,4,4,4,0,0,83,1,0,0
g007104,0.5,256:4,2,2,2,0,0,4,0,0,0
g007105,0.2,255:5,5,5,5,0,0,5,0,0,0
g007106,0.5,257:3,2,2,2,0,0,3,1,0,0
g007107,0.5,258:2,2,2,2,0,0,2,1,0,0
g007108,0.25,252:8,4,4,4,1,0,8,0,0,0
g007109,0.5,258:2,2,2,2,0,0,2,1,0,0
g007110,0.5,258:2,2,2,2,0,0,2,2,0,0
g007111,1,244:16,1,1,1,0,0,16,0,0,1
g007112,0.5,258:2,2,2,2,0,0,2,2,0,0
g007113,1,258:2,1,1,1,0,0,2,1,0,1
g007114,0.5,256:4,2,2,1,1,0,4,1,0,1
g007115,0.333333333333333,257:3,3,3,3,0,0,3,2,1,0
g007116,0.333333333333333,257:3,3,3,3,0,0,3,1,0,0
g007117,1,257:3,1,1,1,0,0,3,1,0,1
g007118,1,255:5,1,1,1,0,0,5,0,0,1
g007119,0.5,257:3,2,2,2,0,0,3,1,0,0
g007120,0.333333333333333,257:3,3,3,3,0,0,3,1,0,0
g007121,0.333333333333333,257:3,3,3,3,0,0,3,0,0,0
g007122,0.5,255:5,2,2,2,0,0,5,1,0,0
g007123,0.5,255:5,2,2,2,0,0,5,2,0,0
g007124,0.5,258:2,2,2,2,0,0,2,1,0,0
g007125,0.5,255:5,2,2,2,0,0,5,1,0,0
g007126,0.5,258:2,2,2,2,0,0,2,1,1,0
g007127,0.5,255:5,2,2,2,0,0,5,1,0,0
g007128,0.5,258:2,2,2,2,0,0,2,0,0,0
g007129,0.5,257:3,2,2,2,0,0,3,1,0,0
g007130,0.5,258:2,2,2,2,0,0,2,0,0,0
g007131,0.5,258:2,2,2,2,0,0,2,2,1,0
g007132,0.5,258:2,2,2,2,0,0,2,1,0,0
g007133,0.5,257:3,2,2,2,0,0,3,2,0,0
g007134,0.5,258:2,2,2,2,0,0,2,2,0,0
g007135,0.5,258:2,2,2,2,0,0,2,2,0,0
g007136,0.25,255:5,4,4,4,0,0,5,1,0,0
g007137,0.5,258:2,2,2,2,0,0,2,0,0,0
g007138,0.5,257:3,2,2,2,0,0,3,1,0,0
g007139,0.5,258:2,2,2,2,0,0,2,0,0,0
g007140,0.5,258:2,2,2,2,0,0,2,0,0,0
g007141,0.5,255:5,2,2,2,0,0,5,1,0,0
g007142,1,258:2,1,1,1,0,0,2,1,0,1
g007143,0.5,258:2,2,2,2,0,0,2,2,0,0
g007144,0.333333333333333,257:3,3,3,3,1,0,3,1,0,0
g007145,0.5,258:2,2,2,2,0,0,2,1,0,0
g007146,0.333333333333333,257:3,3,3,3,0,0,3,1,0,0
g007147,0.333333333333333,257:3,3,3,3,0,0,3,1,0,0
g007148_1,0.5,258:2,2,2,2,0,0,2,1,0,0
g007149,0.5,258:2,2,2,2,0,0,2,2,0,0
g007150,0.5,258:2,2,2,2,0,0,2,2,0,0
g007151,0.5,258:2,2,2,2,0,0,2,2,0,0
g007152,1,257:3,1,1,1,0,0,3,0,0,1
g007154,0.5,258:2,2,2,2,0,0,2,2,0,0
g007155,0.5,251:9,2,2,2,0,0,9,1,0,0
g007156,0.5,257:3,2,2,2,0,0,3,2,0,0
g007157,1,257:3,1,1,1,0,0,3,1,0,1
g007158,0.5,257:3,2,2,2,0,0,3,0,0,0
g007159,1,256:4,1,1,1,0,0,4,1,0,1
g007161,0.5,258:2,2,2,2,0,0,2,0,0,0
g007162,0.2,255:5,5,5,5,0,0,5,0,0,0
g007163,1,256:4,1,1,1,0,0,4,1,0,1
g007164,0.5,258:2,2,2,2,0,0,2,0,0,0
g007165,1,258:2,1,1,1,0,0,2,1,0,1
g007166,0.5,258:2,2,2,2,0,0,2,1,0,0
g007167,0.5,258:2,2,2,2,0,0,2,2,0,0
g007168,0.5,255:5,2,2,2,0,0,5,1,0,0
g007169,0.5,258:2,2,2,2,0,0,2,0,0,0
g007170,0.5,258:2,2,2,2,0,0,2,0,0,0
g007171,1,257:3,1,1,1,0,0,3,1,0,1
g007172,0.5,258:2,2,2,2,0,0,2,0,0,0
g007173,0.5,207:53,2,2,2,0,0,53,1,0,0
g007174,0.5,258:2,2,2,2,0,0,2,1,0,0
g007175,1,258:2,1,1,1,0,0,2,2,1,1
g007178,0.5,256:4,2,2,2,0,0,4,1,0,0
g007180,0.5,258:2,2,2,2,0,0,2,1,0,0
g007181,0.5,258:2,2,2,2,0,0,2,0,0,0
g007182,0.5,257:3,2,2,2,0,0,3,2,0,0
g007183,0.5,257:3,2,2,2,0,0,3,1,0,0
g007184,0.5,257:3,2,2,2,0,0,3,0,0,0
g007185,0.5,258:2,2,2,2,0,0,2,1,0,0
g007187,0.5,258:2,2,2,2,0,0,2,0,0,0
g007188,0.333333333333333,257:3,3,3,3,0,0,3,1,0,0
g007189,0.5,258:2,2,2,2,0,0,2,2,0,0
g007190,0.5,258:2,2,2,2,0,0,2,0,0,0
g007191,0.5,256:4,2,2,2,0,0,4,0,0,0
g007192,1,258:2,1,1,1,0,0,2,0,0,1
g007193,0.25,255:5,4,4,4,0,0,5,2,0,0
g007194,0.333333333333333,256:4,3,3,3,0,0,4,0,1,0
g007195,0.5,257:3,2,2,2,0,0,3,0,0,0
g007196,0.5,258:2,2,2,2,0,0,2,1,0,0
g007197,0.5,258:2,2,2,2,0,0,2,2,0,0
g007198,0.5,258:2,2,2,2,0,0,2,1,0,0
g007199,0.5,258:2,2,2,2,0,0,2,0,0,0
g007200,0.333333333333333,257:3,3,3,3,0,0,3,0,0,0
g007201,1,258:2,1,1,1,0,0,2,0,0,1
g007202,0.5,258:2,2,2,2,0,0,2,0,0,0
g007203,0.142857142857143,228:32,7,7,3,4,0,32,1,0,0
g007204,0.5,257:3,2,2,2,0,0,3,0,0,0
g007205,0.5,258:2,2,2,2,0,0,2,1,1,0
g007206,0.5,258:2,2,2,2,0,0,2,2,0,0
g007207,0.5,258:2,2,2,2,0,0,2,1,1,0
g007208,1,256:4,1,1,1,0,0,4,1,0,1
g007209,0.5,258:2,2,2,2,0,0,2,1,0,0
g007210,0.5,258:2,2,2,2,0,0,2,1,0,0
g007211,0.333333333333333,257:3,3,3,3,0,0,3,2,0,0
g007212,0.5,258:2,2,2,2,0,0,2,2,0,0
g007213,0.5,258:2,2,2,2,0,0,2,2,1,0
g007215,0.5,258:2,2,2,2,0,0,2,2,0,0
g007216,0.5,258:2,2,2,2,0,0,2,2,0,0
g007217,0.5,258:2,2,2,2,0,0,2,1,1,0
g007218,0.2,253:7,5,5,5,0,0,7,0,0,0
g007219,0.5,257:3,2,2,2,0,0,3,0,0,0
g007220,0.5,258:2,2,2,2,0,0,2,0,0,0
g007221,0.5,207:53,2,2,2,0,0,53,0,0,0
g007222,0.5,258:2,2,2,2,0,0,2,2,1,0
g007223,1,256:4,1,1,1,0,0,4,1,0,1
g007224,0.333333333333333,256:4,3,3,3,0,0,4,1,0,0
g007225,0.5,258:2,2,2,2,0,0,2,1,0,0
g007226,0.333333333333333,257:3,3,3,3,0,0,3,1,0,0
g007227,0.5,258:2,2,2,2,0,0,2,2,0,0
g007228,0.25,255:5,4,4,4,1,0,5,1,0,0
g007229,1,255:5,1,1,1,0,0,5,1,0,1
g007230,0.5,258:2,2,2,2,0,0,2,1,0,0
g007231,0.166666666666667,254:6,6,6,6,0,0,6,1,0,0
g007232,0.333333333333333,255:5,3,3,3,0,0,5,1,0,0
g007233,0.333333333333333,257:3,3,3,3,0,0,3,1,0,0
g007234,0.333333333333333,256:4,3,3,3,0,0,4,1,0,0
g007235,0.5,258:2,2,2,2,0,0,2,1,0,0
g007236,0.5,258:2,2,2,2,0,0,2,0,0,0
g007237,1,254:6,1,1,1,0,0,6,1,0,1
g007238,0.333333333333333,257:3,3,3,3,0,0,3,1,0,0
g007239,0.5,257:3,2,2,2,0,0,3,1,0,0
g007240,1,256:4,1,1,1,0,0,4,1,0,1
g007241,0.5,258:2,2,2,2,0,0,2,1,0,0
g007243,0.25,255:5,4,4,4,0,0,5,1,0,0
g007244,0.5,258:2,2,2,2,0,0,2,1,0,0
g007245,0.333333333333333,253:7,3,3,3,0,0,7,2,0,0
g007246,1,254:6,1,1,1,0,0,6,1,0,1
g007247,0.5,258:2,2,2,2,0,0,2,0,1,0
g007249,0.5,207:53,2,2,2,0,0,53,0,0,0
g007250,0.5,258:2,2,2,2,0,0,2,0,0,0
g007251,0.2,248:12,5,5,5,1,0,12,2,0,0
g007252,0.5,256:4,2,2,2,0,0,4,0,0,0
g007253,1,258:2,1,1,1,0,0,2,1,0,1
g007254,0.5,256:4,2,2,2,0,0,4,0,0,0
g007255,0.5,258:2,2,2,2,0,0,2,0,0,0
g007256,0.5,258:2,2,2,2,0,0,2,1,0,0
g007257,0.5,255:5,2,2,1,1,0,5,2,0,1
g007258,0.333333333333333,257:3,3,3,3,0,0,3,2,1,0
g007259,0.5,258:2,2,2,2,0,0,2,0,1,0
g007260,0.5,258:2,2,2,2,0,0,2,0,0,0
g007261_1,1,258:2,1,1,1,0,0,2,1,0,1
g007261_2,1,258:2,1,1,1,0,0,2,0,0,1
g007262,0.5,258:2,2,2,2,0,0,2,1,0,0
g007263,0.5,258:2,2,2,2,0,0,2,2,0,0
g007264,0.5,258:2,2,2,2,0,0,2,2,0,0
g007265,0.5,258:2,2,2,2,0,0,2,1,1,0
g007266,0.5,258:2,2,2,2,0,0,2,0,0,0
g007267,0.2,251:9,5,5,4,1,0,9,0,0,0
g007268,0.2,254:6,5,5,5,0,0,6,2,0,0
g007269,0.333333333333333,257:3,3,3,3,0,0,3,2,0,0
g007270,0.333333333333333,206:54,3,3,3,0,0,54,1,0,0
g007271,0.5,258:2,2,2,2,0,0,2,0,0,0
g007272,0.5,257:3,2,2,2,0,0,3,2,0,0
g007273,1,258:2,1,1,1,0,0,2,1,0,1
g007274,0.5,258:2,2,2,2,0,0,2,1,0,0
g007275,0.333333333333333,256:4,3,3,3,0,0,4,1,0,0
g007277,0.5,256:4,2,2,2,0,0,4,0,0,0
g007278,0.5,258:2,2,2,2,0,0,2,2,0,0
g007279,0.5,258:2,2,2,2,0,0,2,2,0,0
g007280,0.5,258:2,2,2,2,0,0,2,2,0,0
g007281,0.5,258:2,2,2,2,0,0,2,0,0,0
g007282,0.333333333333333,257:3,3,3,3,0,0,3,0,0,0
g007283,0.5,255:5,2,2,2,0,0,5,1,0,0
g007284,0.5,258:2,2,2,2,0,0,2,1,0,0
g007285,0.5,258:2,2,2,2,0,0,2,2,0,0
g007286,0.25,243:17,4,4,3,1,0,17,1,0,0
g007287,0.5,258:2,2,2,2,0,0,2,1,0,0
g007288,0.5,258:2,2,2,2,0,0,2,1,0,0
g007289,0.5,258:2,2,2,2,0,0,2,1,0,0
g007290,0.5,258:2,2,2,2,0,0,2,2,1,0
g007291,0.333333333333333,257:3,3,3,3,0,0,3,1,0,0
g007292,0.333333333333333,254:6,3,3,3,0,0,6,1,0,0
g007293,0.5,258:2,2,2,2,0,0,2,2,1,0
g007294,0.5,258:2,2,2,2,0,0,2,0,1,0
g007295,0.5,257:3,2,2,2,0,0,3,1,0,0
g007296,0.125,240:20,8,8,8,1,0,20,2,0,0
g007297,0.5,258:2,2,2,2,0,0,2,2,0,0
g007298,0.333333333333333,256:4,3,3,3,0,0,4,1,0,0
g007299,0.333333333333333,257:3,3,3,3,0,0,3,2,0,0
g007300,0.5,258:2,2,2,2,0,0,2,0,0,0
g007301,0.5,258:2,2,2,2,0,0,2,1,1,0
g007302,0.25,253:7,4,4,4,0,0,7,0,0,0
g007303,0.333333333333333,257:3,3,3,3,0,0,3,1,0,0
g007304,0.333333333333333,206:54,3,3,3,0,0,54,1,0,0
g007305,0.333333333333333,257:3,3,3,3,0,0,3,2,0,0
g007306,0.5,258:2,2,2,2,0,0,2,2,1,0
g007307,0.5,258:2,2,2,2,0,0,2,0,0,0
g007308,0.333333333333333,256:4,3,3,2,1,0,4,1,0,0
g007309,0.5,255:5,2,2,2,0,0,5,1,0,0
g007310,0.5,258:2,2,2,2,0,0,2,1,0,0
g007312,0.166666666666667,246:14,6,6,4,4,0,14,0,0,0
g007313,0.5,258:2,2,2,2,0,0,2,1,0,0
g007314,0.5,258:2,2,2,2,0,0,2,0,0,0
g007315,0.5,258:2,2,2,2,0,0,2,2,0,0
g007316,0.5,258:2,2,2,2,0,0,2,1,0,0
g007318,0.5,251:9,2,2,2,0,0,9,2,0,0
g007319,0.125,240:20,8,8,8,1,0,20,2,0,0
g007320,0.333333333333333,256:4,3,3,3,0,0,4,1,0,0
g007321,0.2,254:6,5,5,5,1,0,6,1,0,0
g007322,0.166666666666667,253:7,6,6,6,0,0,7,2,0,0
g007323,0.5,256:4,2,2,2,0,0,4,1,0,0
g007324,0.5,256:4,2,2,2,0,0,4,1,0,0
g007325,1,257:3,1,1,1,0,0,3,1,0,1
g007326,0.5,258:2,2,2,2,0,0,2,1,0,0
g007327,0.5,258:2,2,2,2,0,0,2,2,1,0
g007328,0.5,258:2,2,2,2,0,0,2,0,1,0
g007329,0.5,257:3,2,2,2,0,0,3,1,0,0
g007330,0.5,258:2,2,2,2,0,0,2,1,0,0
g007331,0.5,254:6,2,2,2,0,0,6,0,0,0
g007332,0.5,258:2,2,2,2,0,0,2,0,0,0
g007333,0.333333333333333,255:5,3,3,3,0,0,5,1,0,0
g007334,0.5,258:2,2,2,2,0,0,2,1,0,0
g007335,0.5,258:2,2,2,2,0,0,2,0,0,0
g007336,0.5,258:2,2,2,2,0,0,2,2,0,0
g007337,0.333333333333333,256:4,3,3,3,0,0,4,0,1,0
g007338,0.5,258:2,2,2,2,0,0,2,2,0,0
g007339,0.5,258:2,2,2,2,0,0,2,2,1,0
g007340,0.5,257:3,2,2,2,0,0,3,1,0,0
g007341,0.5,258:2,2,2,2,0,0,2,0,0,0
g007342,0.5,258:2,2,2,2,0,0,2,2,0,0
g007343,0.5,254:6,2,2,2,0,0,6,0,0,0
g007344,0.5,254:6,2,2,2,0,0,6,1,0,0
g007345,0.5,258:2,2,2,2,0,0,2,0,0,0
g007346,0.5,258:2,2,2,2,0,0,2,0,0,0
g007347,0.5,258:2,2,2,2,0,0,2,0,0,0
g007348,0.166666666666667,229:31,6,6,3,3,0,31,1,0,0
g007349,0.5,258:2,2,2,2,0,0,2,2,0,0
g007350,0.5,258:2,2,2,2,0,0,2,1,0,0
g007351,0.5,258:2,2,2,2,0,0,2,0,0,0
g007352,0.5,258:2,2,2,2,0,0,2,2,0,0
g007353,0.5,258:2,2,2,2,0,0,2,1,0,0
g007354,0.5,258:2,2,2,2,0,0,2,1,0,0
g007355,1,244:16,1,1,1,0,0,16,1,0,1
g007356,0.5,258:2,2,2,2,0,0,2,1,0,0
g007357,0.5,258:2,2,2,2,0,0,2,1,0,0
g007358,0.25,255:5,4,4,4,0,0,5,1,0,0
g007359,0.333333333333333,257:3,3,3,3,0,0,3,1,0,0
g007360,0.5,258:2,2,2,2,0,0,2,0,1,0
g007361,0.333333333333333,257:3,3,3,3,0,0,3,0,0,0
g007362,0.5,258:2,2,2,2,0,0,2,0,0,0
g007363,0.142857142857143,228:32,7,7,4,3,0,32,1,0,0
g007364,0.5,256:4,2,2,2,0,0,4,1,0,0
g007365,0.5,258:2,2,2,2,0,0,2,1,0,0
g007366,0.333333333333333,257:3,3,3,3,0,0,3,1,0,0
g007367,0.5,258:2,2,2,2,0,0,2,1,0,0
g007368,0.333333333333333,256:4,3,3,3,0,0,4,1,0,0
g007369,0.5,257:3,2,2,2,0,0,3,1,0,0
g007370,0.25,251:9,4,4,4,0,0,9,1,0,0
g007371,0.5,258:2,2,2,2,0,0,2,1,0,0
g007372,0.5,258:2,2,2,2,0,0,2,1,1,0
g007375,0.5,258:2,2,2,2,0,0,2,1,0,0
g007376,0.25,256:4,4,4,4,0,0,4,0,0,0
g007377,0.333333333333333,257:3,3,3,3,0,0,3,1,0,0
g007378,0.5,258:2,2,2,2,0,0,2,0,0,0
g007380,0.5,256:4,2,2,2,0,0,4,1,0,0
g007381,0.333333333333333,256:4,3,3,3,0,0,4,1,1,0
g007382,0.333333333333333,255:5,3,3,3,0,0,5,1,0,0
g007383,0.333333333333333,256:4,3,3,3,0,0,4,1,0,0
g007384,0.5,254:6,2,2,2,0,0,6,1,0,0
g007385,0.25,249:11,4,4,4,0,0,11,1,0,0
g007386,0.25,255:5,4,4,4,0,0,5,2,0,0
g007387,0.5,254:6,2,2,2,0,0,6,1,0,0
g007388,0.2,193:67,5,5,3,2,0,67,0,0,0
g007389,1,258:2,1,1,1,0,0,2,1,0,1
g007390,0.5,258:2,2,2,2,0,0,2,1,0,0
g007391,0.5,251:9,2,2,2,0,0,9,1,0,0
g007392,0.5,257:3,2,2,2,0,0,3,1,0,0
g007393,0.5,258:2,2,2,2,0,0,2,1,0,0
g007394,0.5,258:2,2,2,2,0,0,2,0,0,0
g007395,0.5,258:2,2,2,2,0,0,2,1,0,0
g007396,0.5,258:2,2,2,2,0,0,2,1,1,0
g007397,0.5,258:2,2,2,2,0,0,2,1,0,0
g007398,0.25,256:4,4,4,4,0,0,4,1,0,0
g007399,0.5,256:4,2,2,2,0,0,4,0,0,0
g007401,0.25,250:10,4,4,4,0,0,10,1,0,0
g007402,0.5,258:2,2,2,2,0,0,2,1,1,0
g007403,0.25,255:5,4,4,4,0,0,5,1,0,0
g007404,0.333333333333333,257:3,3,3,3,1,0,3,1,0,0
g007405,0.25,255:5,4,4,4,0,0,5,1,0,0
g007406,0.5,258:2,2,2,2,0,0,2,1,0,0
g007407,0.333333333333333,234:26,3,3,3,0,0,26,2,0,0
g007408,0.5,258:2,2,2,2,0,0,2,0,0,0
g007409,0.333333333333333,250:10,3,3,2,2,0,10,1,0,0
g007410,0.5,258:2,2,2,2,0,0,2,2,0,0
g007411,0.5,258:2,2,2,2,0,0,2,1,0,0
g007412,0.333333333333333,251:9,3,3,2,1,0,9,1,0,0
g007413,0.5,256:4,2,2,2,0,0,4,1,0,0
g007414,0.25,255:5,4,4,4,1,0,5,1,0,0
g007415,0.25,252:8,4,4,4,0,0,8,1,0,0
g007416,0.5,258:2,2,2,2,0,0,2,1,0,0
g007417,0.5,256:4,2,2,2,0,0,4,1,0,0
g007418,0.5,258:2,2,2,2,0,0,2,1,0,0
g007419,0.25,253:7,4,4,4,0,0,7,1,0,0
g007420,0.5,257:3,2,2,2,0,0,3,1,0,0
g007421,0.142857142857143,228:32,7,7,4,4,0,32,1,0,0
g007422,0.25,253:7,4,4,4,0,0,7,1,0,0
g007423,0.25,255:5,4,4,4,1,0,5,1,0,0
g007424,0.5,258:2,2,2,2,0,0,2,2,0,0
g007425,0.5,253:7,2,2,2,0,0,7,2,0,0
g007426,0.5,258:2,2,2,2,0,0,2,2,0,0
g007427,0.5,258:2,2,2,2,0,0,2,1,1,0
g007428,0.5,258:2,2,2,2,0,0,2,0,0,0
g007429,0.5,258:2,2,2,2,0,0,2,0,0,0
g007430,0.333333333333333,257:3,3,3,3,0,0,3,0,0,0
g007431,0.333333333333333,257:3,3,3,3,1,0,3,2,0,0
g007432,0.333333333333333,256:4,3,3,3,1,0,4,0,0,0
g007433,0.2,254:6,5,5,5,0,0,6,2,0,0
g007434_1,0.5,258:2,2,2,2,0,0,2,0,0,0
g007435,0.5,258:2,2,2,2,0,0,2,1,0,0
g007436,0.5,258:2,2,2,2,0,0,2,0,0,0
g007438,0.5,258:2,2,2,2,0,0,2,1,0,0
g007440,0.5,257:3,2,2,2,0,0,3,2,0,0
g007441,1,258:2,1,1,1,0,0,2,1,0,1
g007442,0.5,257:3,2,2,2,0,0,3,1,0,0
g007444,0.5,258:2,2,2,2,0,0,2,1,0,0
g007445,0.25,247:13,4,4,4,0,0,13,0,0,0
g007446,0.333333333333333,257:3,3,3,3,0,0,3,0,0,0
g007447,0.333333333333333,251:9,3,3,2,1,0,9,1,0,0
g007448,0.5,258:2,2,2,2,0,0,2,2,1,0
g007449,0.25,256:4,4,4,4,0,0,4,1,0,0
g007450,0.5,258:2,2,2,2,0,0,2,2,0,0
g007451,0.5,258:2,2,2,2,0,0,2,2,1,0
g007452,0.5,235:25,2,2,2,0,0,25,0,0,0
g007454,0.5,257:3,2,2,2,0,0,3,0,1,0
g007455,0.333333333333333,242:18,3,3,3,1,0,18,0,0,0
g007456,0.5,258:2,2,2,2,0,0,2,0,0,0
g007457,0.5,255:5,2,2,2,0,0,5,1,0,0
g007458,0.5,257:3,2,2,2,0,0,3,0,0,0
g007459,0.5,258:2,2,2,2,0,0,2,1,0,0
g007460,0.5,258:2,2,2,2,0,0,2,1,0,0
g007461,0.5,258:2,2,2,2,0,0,2,2,0,0
g007462,0.333333333333333,257:3,3,3,3,0,0,3,2,0,0
g007463,0.333333333333333,257:3,3,3,3,0,0,3,1,0,0
g007464,0.333333333333333,256:4,3,3,3,0,0,4,1,0,0
g007465,0.5,258:2,2,2,2,0,0,2,2,0,0
g007466,0.5,204:56,2,2,2,0,0,56,1,0,0
g007467,0.166666666666667,254:6,6,6,6,0,0,6,1,0,0
g007468,0.166666666666667,253:7,6,6,6,0,0,7,2,0,0
g007469,0.333333333333333,256:4,3,3,3,0,0,4,1,0,0
g007470,0.25,256:4,4,4,4,0,0,4,1,0,0
g007471,0.25,177:83,4,4,4,0,0,83,1,0,0
g007472,0.2,255:5,5,5,5,0,0,5,1,0,0
g007473,0.25,249:11,4,4,4,0,0,11,1,0,0
g007474,0.333333333333333,256:4,3,3,3,0,0,4,2,0,0
g007475,0.5,257:3,2,2,2,0,0,3,1,0,0
g007476,0.25,256:4,4,4,4,0,0,4,1,0,0
g007477,0.333333333333333,254:6,3,3,3,0,0,6,1,0,0
g007478,0.25,255:5,4,4,4,0,0,5,1,0,0
g007479,0.5,256:4,2,2,2,0,0,4,0,0,0
g007480,0.5,254:6,2,2,2,0,0,6,1,0,0
g007481,0.5,257:3,2,2,2,0,0,3,1,0,0
g007483,0.5,254:6,2,2,2,0,0,6,1,0,0
g007484,0.5,258:2,2,2,2,0,0,2,0,0,0
g007485,0.1,230:30,10,10,7,4,0,30,0,0,0
g007486,0.5,258:2,2,2,2,0,0,2,1,0,0
g007488,0.333333333333333,256:4,3,3,3,0,0,4,1,0,0
g007489,0.333333333333333,256:4,3,3,3,0,0,4,0,0,0
g007490,0.5,258:2,2,2,2,0,0,2,1,0,0
g007491,0.5,204:56,2,2,2,0,0,56,1,0,0
g007492,0.166666666666667,243:17,6,6,4,3,0,17,0,0,0
g007493,0.333333333333333,256:4,3,3,3,0,0,4,0,0,0
g007494,0.5,258:2,2,2,2,0,0,2,1,0,0
g007495,0.5,257:3,2,2,2,0,0,3,0,0,0
g007496,0.5,258:2,2,2,2,0,0,2,0,1,0
g007498,0.5,257:3,2,2,2,0,0,3,1,0,0
g007499,0.111111111111111,249:11,9,9,9,0,0,11,1,0,0
g007500,0.5,258:2,2,2,2,0,0,2,0,0,0
g007501,0.5,258:2,2,2,2,0,0,2,0,0,0
g007502,0.5,258:2,2,2,2,0,0,2,0,0,0
g007503,0.25,255:5,4,4,4,0,0,5,2,0,0
g007504,0.5,258:2,2,2,2,0,0,2,2,0,0
g007505,1,208:52,1,1,1,0,0,52,0,0,1
g007506,0.5,255:5,2,2,2,0,0,5,1,0,0
g007507,0.25,256:4,4,4,4,0,0,4,2,1,0
g007508,1,258:2,1,1,1,0,0,2,0,0,1
g007509,0.5,258:2,2,2,2,0,0,2,1,0,0
g007510,0.5,207:53,2,2,2,0,0,53,0,0,0
g007511,0.5,258:2,2,2,2,0,0,2,1,0,0
g007513,0.25,255:5,4,4,4,0,0,5,0,1,0
g007514,0.5,258:2,2,2,2,0,0,2,2,0,0
g007515,0.333333333333333,257:3,3,3,3,0,0,3,0,0,0
g007516,0.5,258:2,2,2,2,0,0,2,0,0,0
g007517,0.2,251:9,5,5,4,1,0,9,1,0,0
g007518,0.5,258:2,2,2,2,0,0,2,2,0,0
g007519,0.5,258:2,2,2,2,0,0,2,0,0,0
g007520,0.5,257:3,2,2,2,0,0,3,0,0,0
g007521,0.333333333333333,257:3,3,3,3,0,0,3,1,0,0
g007522,1,257:3,1,1,1,0,0,3,1,0,1
g007523,0.142857142857143,245:15,7,7,7,0,0,15,1,0,0
g007524,0.2,253:7,5,5,5,0,0,7,1,0,0
g007525,0.2,254:6,5,5,5,1,0,6,0,0,0
g007526,0.5,258:2,2,2,2,0,0,2,1,0,0
g007527,0.5,253:7,2,2,2,0,0,7,0,0,0
g007528,0.125,234:26,8,8,6,3,0,26,1,0,0
g007529,0.5,255:5,2,2,2,0,0,5,1,1,0
g007530,0.5,258:2,2,2,2,0,0,2,1,0,0
g007531,0.2,254:6,5,5,5,0,0,6,2,0,0
g007532,0.5,258:2,2,2,2,0,0,2,2,0,0
g007533,0.5,258:2,2,2,2,0,0,2,1,0,0
g007534,0.333333333333333,257:3,3,3,3,0,0,3,1,0,0
g007535,0.5,258:2,2,2,2,0,0,2,1,0,0
g007536,0.166666666666667,250:10,6,6,6,0,0,10,2,0,0
g007537,0.333333333333333,255:5,3,3,3,0,0,5,1,0,0
g007538,0.5,258:2,2,2,2,0,0,2,0,0,0
g007539,0.5,243:17,2,2,1,1,0,17,0,0,1
g007540,0.5,258:2,2,2,2,0,0,2,0,1,0
g007541,0.25,243:17,4,4,3,1,0,17,1,0,0
g007542,0.166666666666667,252:8,6,6,6,0,0,8,0,0,0
g007543,0.333333333333333,256:4,3,3,3,0,0,4,1,0,0
g007545,0.5,258:2,2,2,2,0,0,2,1,0,0
g007546,0.5,258:2,2,2,2,0,0,2,2,0,0
g007547,0.5,256:4,2,2,2,0,0,4,1,0,0
g007548,0.5,258:2,2,2,2,0,0,2,1,0,0
g007549,0.5,254:6,2,2,2,0,0,6,1,0,0
g007550,0.5,256:4,2,2,2,0,0,4,0,0,0
g007551,0.5,258:2,2,2,2,0,0,2,1,0,0
g007552,0.5,258:2,2,2,2,0,0,2,0,0,0
g007553,0.5,258:2,2,2,2,0,0,2,1,0,0
g007554,0.333333333333333,256:4,3,3,3,0,0,4,1,0,0
g007555,0.166666666666667,249:11,6,6,6,1,0,11,1,0,0
g007556,0.333333333333333,256:4,3,3,3,0,0,4,1,0,0
g007557,0.5,254:6,2,2,2,0,0,6,1,0,0
g007558,0.5,256:4,2,2,2,0,0,4,1,0,0
g007559,0.25,256:4,4,4,4,0,0,4,1,0,0
g007560,0.25,255:5,4,4,3,1,0,5,2,0,0
g007561,0.2,254:6,5,5,5,0,0,6,0,0,0
g007562,0.333333333333333,256:4,3,3,3,0,0,4,1,0,0
g007563,0.5,258:2,2,2,2,0,0,2,0,0,0
g007564,0.25,255:5,4,4,4,0,0,5,1,0,0
g007565,0.5,257:3,2,2,2,0,0,3,0,0,0
g007566,0.5,258:2,2,2,2,0,0,2,0,1,0
g007567,0.166666666666667,246:14,6,6,4,3,0,14,0,0,0
g007568,0.5,258:2,2,2,2,0,0,2,1,0,0
g007569,0.125,214:46,8,8,8,1,0,46,1,0,0
g007570,0.333333333333333,256:4,3,3,3,0,0,4,1,0,0
g007571,0.333333333333333,257:3,3,3,3,0,0,3,1,0,0
g007572,0.5,258:2,2,2,2,0,0,2,1,0,0
g007573,0.25,254:6,4,4,4,0,0,6,1,0,0
g007574,0.5,258:2,2,2,2,0,0,2,1,0,0
g007575,0.5,257:3,2,2,2,0,0,3,1,0,0
g007576,0.5,258:2,2,2,2,0,0,2,1,0,0
g007577,0.5,258:2,2,2,2,0,0,2,0,0,0
g007578,0.142857142857143,228:32,7,7,4,4,0,32,1,0,0
g007579,0.25,255:5,4,4,4,1,0,5,1,0,0
g007580,0.333333333333333,206:54,3,3,3,0,0,54,1,0,0
g007581,0.5,254:6,2,2,2,0,0,6,1,0,0
g007582,0.5,258:2,2,2,2,0,0,2,2,1,0
g007583,0.5,258:2,2,2,2,0,0,2,2,1,0
g007584,0.333333333333333,206:54,3,3,3,0,0,54,1,0,0
g007585,0.333333333333333,254:6,3,3,3,0,0,6,2,0,0
g007586,0.5,254:6,2,2,2,0,0,6,1,0,0
g007587,1,258:2,1,1,1,0,0,2,0,0,1
g007588,0.333333333333333,255:5,3,3,3,0,0,5,1,0,0
g007589,0.5,258:2,2,2,2,0,0,2,1,0,0
g007590,0.111111111111111,249:11,9,9,9,0,0,11,1,0,0
g007591,1,258:2,1,1,1,0,0,2,0,0,1
g007592,0.5,258:2,2,2,2,0,0,2,1,0,0
g007593,0.5,258:2,2,2,2,0,0,2,1,0,0
g007594,0.5,258:2,2,2,2,0,0,2,2,1,0
g007595,0.25,255:5,4,4,4,0,0,5,1,0,0
g007596,0.333333333333333,255:5,3,3,3,0,0,5,1,0,0
g007597,0.5,257:3,2,2,2,0,0,3,2,0,0
g007598,0.5,257:3,2,2,2,0,0,3,1,0,0
g007599,0.142857142857143,253:7,7,7,7,0,0,7,1,0,0
g007600,1,257:3,1,1,1,0,0,3,1,0,1
g007601,0.5,258:2,2,2,2,0,0,2,1,0,0
g007602,0.2,250:10,5,5,5,0,0,10,0,0,0
g007603,0.2,251:9,5,5,4,1,0,9,1,0,0
g007604,0.333333333333333,256:4,3,3,3,0,0,4,0,0,0
g007605,0.5,258:2,2,2,2,0,0,2,0,0,0
g007606,0.333333333333333,257:3,3,3,3,0,0,3,1,0,0
g007607,0.2,255:5,5,5,5,0,0,5,1,0,0
g007608,0.5,258:2,2,2,2,0,0,2,2,0,0
g007609,0.5,258:2,2,2,2,0,0,2,1,0,0
g007611,0.5,258:2,2,2,2,0,0,2,2,0,0
g007612,0.5,258:2,2,2,2,0,0,2,2,0,0
g007613,0.333333333333333,257:3,3,3,3,0,0,3,2,0,0
g007614,0.111111111111111,248:12,9,9,8,1,0,12,1,0,0
g007615,0.5,258:2,2,2,2,0,0,2,1,0,0
g007616,0.125,249:11,8,8,8,1,0,11,0,0,0
g007617,0.333333333333333,257:3,3,3,3,0,0,3,1,0,0
g007618,0.5,258:2,2,2,2,0,0,2,1,0,0
g007619,0.333333333333333,257:3,3,3,3,0,0,3,1,0,0
g007620,0.5,258:2,2,2,2,0,0,2,2,0,0
g007621,0.0909090909090909,224:36,11,11,9,2,0,36,2,0,0
g007622,0.333333333333333,206:54,3,3,3,0,0,54,1,0,0
g007623,0.5,258:2,2,2,2,0,0,2,1,1,0
g007624,0.333333333333333,257:3,3,3,3,0,0,3,1,0,0
g007625,0.5,258:2,2,2,2,0,0,2,1,0,0
g007626,0.5,258:2,2,2,2,0,0,2,1,0,0
g007627,0.5,258:2,2,2,2,0,0,2,1,0,0
g007628,0.333333333333333,257:3,3,3,3,1,0,3,1,0,0
g007629,0.166666666666667,253:7,6,6,4,3,0,7,0,0,0
g007630,0.333333333333333,256:4,3,3,3,0,0,4,1,0,0
g007631,0.5,258:2,2,2,2,0,0,2,2,0,0
g007632,0.5,258:2,2,2,2,0,0,2,2,0,0
g007633,0.5,256:4,2,2,2,0,0,4,2,0,0
g007634,0.5,258:2,2,2,2,0,0,2,0,0,0
g007635,0.5,258:2,2,2,2,0,0,2,1,0,0
g007636,0.5,258:2,2,2,2,0,0,2,1,0,0
g007637,0.0909090909090909,224:36,11,11,9,2,0,36,2,0,0
g007638,0.5,257:3,2,2,2,0,0,3,1,0,0
g007639,0.5,258:2,2,2,2,0,0,2,1,0,0
g007640,0.333333333333333,257:3,3,3,3,0,0,3,1,0,0
g007641,0.5,258:2,2,2,2,0,0,2,0,0,0
g007642,0.5,258:2,2,2,2,0,0,2,2,0,0
g007643,0.5,258:2,2,2,2,0,0,2,1,0,0
g007644,0.5,258:2,2,2,2,0,0,2,2,0,0
g007645,0.5,258:2,2,2,2,0,0,2,1,0,0
g007646,0.333333333333333,241:19,3,3,3,1,0,19,0,0,0
g007647,0.5,258:2,2,2,2,0,0,2,0,0,0
g007648,0.5,258:2,2,2,2,0,0,2,2,0,0
g007649,0.25,256:4,4,4,4,0,0,4,2,0,0
g007650,0.333333333333333,257:3,3,3,3,0,0,3,1,0,0
g007651,0.5,258:2,2,2,2,1,0,2,1,0,0
g007652,0.333333333333333,251:9,3,3,3,0,0,9,2,0,0
g007653,0.25,247:13,4,4,4,0,0,13,0,0,0
g007654,0.333333333333333,255:5,3,3,3,0,0,5,1,0,0
g007655,0.5,258:2,2,2,2,0,0,2,0,0,0
g007656,0.5,258:2,2,2,2,0,0,2,0,1,0
g007657,0.2,255:5,5,5,5,0,0,5,2,0,0
g007658,0.5,258:2,2,2,2,0,0,2,1,0,0
g007659,0.5,258:2,2,2,2,0,0,2,1,0,0
g007661,0.142857142857143,186:74,7,7,4,3,0,74,1,0,0
g007662,0.0769230769230769,222:38,13,13,11,2,0,38,2,0,0
g007663,1,257:3,1,1,1,0,0,3,1,0,1
g007664,0.333333333333333,256:4,3,3,3,0,0,4,1,0,0
g007666,0.5,258:2,2,2,2,0,0,2,0,0,0
g007667,0.333333333333333,257:3,3,3,3,0,0,3,1,0,0
g007668,0.333333333333333,255:5,3,3,3,0,0,5,1,0,0
g007669,0.5,258:2,2,2,2,0,0,2,2,0,0
g007670,0.166666666666667,252:8,6,6,6,0,0,8,0,0,0
g007671,0.333333333333333,257:3,3,3,3,0,0,3,2,0,0
g007672,1,255:5,1,1,1,0,0,5,1,0,1
g007673,0.5,255:5,2,2,2,0,0,5,1,0,0
g007674,0.333333333333333,256:4,3,3,3,0,0,4,1,0,0
g007675,0.333333333333333,257:3,3,3,3,0,0,3,1,0,0
g007676,0.5,258:2,2,2,2,0,0,2,2,0,0
g007677,0.5,258:2,2,2,2,0,0,2,1,0,0
g007678,0.5,255:5,2,2,2,0,0,5,1,0,0
g007679,0.5,258:2,2,2,2,0,0,2,1,0,0
g007680,0.5,258:2,2,2,2,0,0,2,2,0,0
g007681,0.333333333333333,257:3,3,3,3,0,0,3,2,0,0
g007682,0.333333333333333,256:4,3,3,3,0,0,4,2,0,0
g007684,0.5,258:2,2,2,2,0,0,2,0,0,0
g007685,0.5,258:2,2,2,2,0,0,2,0,0,0
g007686,0.333333333333333,252:8,3,3,1,2,0,8,0,0,1
g007687,0.5,258:2,2,2,2,0,0,2,2,1,0
g007688,0.25,256:4,4,4,4,0,0,4,1,0,0
g007689,0.5,209:51,2,2,1,1,0,51,1,0,1
g007690,0.5,258:2,2,2,2,0,0,2,1,0,0
g007691,0.0833333333333333,238:22,12,12,11,1,0,22,1,0,0
g007692,0.5,257:3,2,2,2,0,0,3,1,0,0
g007693,0.5,257:3,2,2,2,0,0,3,0,0,0
g007694,0.333333333333333,257:3,3,3,3,0,0,3,1,0,0
g007695,0.5,258:2,2,2,2,0,0,2,1,0,0
g007696,0.166666666666667,229:31,6,6,3,4,0,31,1,0,0
g007697,0.25,231:29,4,4,4,0,0,29,1,0,0
g007698,1,254:6,1,1,1,0,0,6,0,0,1
g007699,0.2,254:6,5,5,5,0,0,6,2,0,0
g007700,0.5,254:6,2,2,2,0,0,6,1,0,0
g007701,0.5,258:2,2,2,2,0,0,2,0,0,0
g007702,0.5,258:2,2,2,2,0,0,2,0,1,0
g007703,0.5,258:2,2,2,2,0,0,2,0,0,0
g007704,0.142857142857143,228:32,7,7,4,4,0,32,1,0,0
g007705,0.5,258:2,2,2,2,0,0,2,1,0,0
g007706,0.5,255:5,2,2,2,0,0,5,1,0,0
g007707,0.166666666666667,253:7,6,6,4,2,0,7,0,0,0
g007708,0.5,258:2,2,2,2,0,0,2,2,0,0
g007709,0.125,240:20,8,8,8,1,0,20,2,0,0
g007710,0.5,258:2,2,2,2,1,0,2,2,0,0
g007711,0.5,257:3,2,2,2,0,0,3,1,0,0
g007712,0.5,253:7,2,2,2,0,0,7,1,0,0
g007713,0.25,256:4,4,4,4,0,0,4,1,0,0
g007714,0.333333333333333,255:5,3,3,3,0,0,5,1,0,0
g007715,0.2,249:11,5,5,5,1,0,11,1,0,0
g007716,0.2,255:5,5,5,5,0,0,5,1,0,0
g007717,0.5,258:2,2,2,2,0,0,2,1,0,0
g007718,0.2,249:11,5,5,5,1,0,11,1,0,0
g007719,1,257:3,1,1,1,0,0,3,0,0,1
g007720,0.25,256:4,4,4,4,1,0,4,2,0,0
g007721,0.333333333333333,256:4,3,3,3,0,0,4,1,0,0
g007722,0.5,258:2,2,2,2,0,0,2,1,0,0
g007723,0.5,258:2,2,2,2,0,0,2,2,1,0
g007724,0.25,255:5,4,4,4,0,0,5,1,0,0
g007725,0.5,258:2,2,2,2,0,0,2,1,1,0
g007726,0.5,257:3,2,2,2,0,0,3,2,0,0
g007727,0.25,255:5,4,4,3,1,0,5,1,0,0
g007728,0.5,258:2,2,2,2,0,0,2,0,0,0
g007729_1,0.5,258:2,2,2,2,0,0,2,1,0,0
g007730,0.5,206:54,2,2,2,0,0,54,1,0,0
g007731,1,256:4,1,1,1,0,0,4,1,0,1
g007732,1,258:2,1,1,1,0,0,2,1,0,1
g007733,0.5,256:4,2,2,2,0,0,4,1,1,0
g007734,0.25,250:10,4,4,4,0,0,10,1,0,0
g007735,0.5,251:9,2,2,2,0,0,9,2,0,0
g007736,0.2,252:8,5,5,5,0,0,8,1,0,0
g007737,0.5,258:2,2,2,2,0,0,2,2,0,0
g007738,0.5,258:2,2,2,2,0,0,2,2,0,0
g007739,0.5,258:2,2,2,2,0,0,2,1,0,0
g007740,0.5,258:2,2,2,2,0,0,2,2,0,0
g007741,0.333333333333333,206:54,3,3,3,0,0,54,1,0,0
g007742,0.5,258:2,2,2,2,0,0,2,0,0,0
g007743,0.5,258:2,2,2,2,0,0,2,2,0,0
g007744,0.5,258:2,2,2,2,0,0,2,2,0,0
g007745,0.5,240:20,2,2,2,0,0,20,1,0,0
g007746,0.142857142857143,233:27,7,7,6,1,0,27,1,0,0
g007747,0.2,255:5,5,5,4,1,0,5,1,0,0
g007748,0.2,249:11,5,5,5,0,0,11,1,0,0
g007749,0.2,254:6,5,5,5,0,0,6,2,0,0
g007750,0.0909090909090909,224:36,11,11,9,2,0,36,2,0,0
g007751,0.2,254:6,5,5,5,0,0,6,2,0,0
g007752,0.5,258:2,2,2,2,0,0,2,1,1,0
g007753,0.5,258:2,2,2,2,0,0,2,1,0,0
g007755,0.5,258:2,2,2,2,0,0,2,1,1,0
g007756,0.333333333333333,256:4,3,3,3,0,0,4,1,0,0
g007757,0.25,251:9,4,4,4,0,0,9,1,0,0
g007758,0.5,258:2,2,2,2,0,0,2,1,0,0
g007759,0.5,258:2,2,2,2,0,0,2,1,0,0
g007760,0.142857142857143,246:14,7,7,5,2,0,14,2,0,0
g007761,0.5,258:2,2,2,2,0,0,2,1,0,0
g007762,0.5,258:2,2,2,2,0,0,2,0,0,0
g007763,0.142857142857143,228:32,7,7,4,4,0,32,1,0,0
g007764,0.25,244:16,4,4,4,1,0,16,1,0,0
g007765,0.166666666666667,249:11,6,6,6,1,0,11,1,0,0
g007766,0.333333333333333,257:3,3,3,3,0,0,3,1,0,0
g007767,0.5,254:6,2,2,2,0,0,6,1,0,0
g007768,0.333333333333333,255:5,3,3,3,0,0,5,1,0,0
g007769,0.5,258:2,2,2,2,0,0,2,0,0,0
g007770,0.5,258:2,2,2,2,0,0,2,0,0,0
g007771,0.142857142857143,245:15,7,7,7,0,0,15,1,0,0
g007772,0.2,251:9,5,5,4,1,0,9,1,0,0
g007773,0.333333333333333,241:19,3,3,2,1,0,19,0,0,0
g007774,0.125,251:9,8,8,7,1,0,9,2,0,0
g007775,0.5,258:2,2,2,2,1,0,2,1,0,0
g007776,0.5,258:2,2,2,2,0,0,2,2,0,0
g007777,0.5,258:2,2,2,2,0,0,2,2,1,0
g007778,0.5,258:2,2,2,2,0,0,2,1,0,0
g007779,0.5,258:2,2,2,2,0,0,2,0,0,0
g007780,0.142857142857143,251:9,7,7,6,1,0,9,1,0,0
g007781,0.5,258:2,2,2,2,0,0,2,1,0,0
g007782,0.5,258:2,2,2,2,0,0,2,0,0,0
g007783,0.333333333333333,255:5,3,3,3,0,0,5,0,0,0
g007784,1,256:4,1,1,1,0,0,4,1,0,1
g007785,0.25,250:10,4,4,4,0,0,10,1,0,0
g007786,0.5,255:5,2,2,2,0,0,5,1,0,0
g007787,0.5,256:4,2,2,2,0,0,4,1,0,0
g007788,0.333333333333333,257:3,3,3,3,0,0,3,1,0,0
g007789,0.5,258:2,2,2,2,0,0,2,1,0,0
g007791,0.5,258:2,2,2,2,0,0,2,1,0,0
g007793,0.166666666666667,254:6,6,6,6,0,0,6,0,0,0
g007794,0.5,258:2,2,2,2,0,0,2,1,0,0
g007795,0.5,258:2,2,2,2,0,0,2,0,0,0
g007796,0.333333333333333,257:3,3,3,3,0,0,3,2,1,0
g007797,0.142857142857143,228:32,7,7,3,4,0,32,1,0,0
g007798,0.5,258:2,2,2,2,0,0,2,2,0,0
g007799,0.5,258:2,2,2,2,0,0,2,2,0,0
g007800,0.5,257:3,2,2,2,0,0,3,0,0,0
g007801,0.333333333333333,257:3,3,3,3,0,0,3,2,0,0
g007802,0.333333333333333,256:4,3,3,3,0,0,4,1,0,0
g007803,0.5,258:2,2,2,2,0,0,2,2,1,0
g007804,0.5,258:2,2,2,2,0,0,2,1,0,0
g007805,0.5,258:2,2,2,2,0,0,2,0,0,0
g007806,0.333333333333333,252:8,3,3,1,2,0,8,0,0,1
g007807,0.25,255:5,4,4,4,0,0,5,1,0,0
g007808,0.5,258:2,2,2,2,0,0,2,0,0,0
g007809,0.5,258:2,2,2,2,0,0,2,0,0,0
g007811,0.333333333333333,257:3,3,3,3,0,0,3,2,0,0
g007812,0.5,258:2,2,2,2,0,0,2,0,0,0
g007813,0.5,258:2,2,2,2,0,0,2,0,0,0
g007814,0.5,258:2,2,2,2,0,0,2,1,0,0
g007815,0.333333333333333,257:3,3,3,3,0,0,3,1,0,0
g007816,0.5,258:2,2,2,2,0,0,2,1,0,0
g007817,0.333333333333333,256:4,3,3,3,0,0,4,1,0,0
g007818,0.5,258:2,2,2,2,0,0,2,0,0,0
g007819,0.5,257:3,2,2,2,1,0,3,2,0,0
g007820,0.25,231:29,4,4,4,0,0,29,1,0,0
g007821,0.0909090909090909,247:13,11,11,10,2,0,13,1,0,0
g007822,0.25,254:6,4,4,4,0,0,6,1,0,0
g007823,0.25,254:6,4,4,4,0,0,6,1,0,0
g007824,1,256:4,1,1,1,0,0,4,1,0,1
g007825,0.5,258:2,2,2,2,0,0,2,0,0,0
g007826,0.5,258:2,2,2,2,0,0,2,1,0,0
g007827,0.166666666666667,253:7,6,6,6,0,0,7,2,0,0
g007828,0.333333333333333,257:3,3,3,3,0,0,3,1,0,0
g007829,0.125,216:44,8,8,8,1,0,44,1,0,0
g007830,0.142857142857143,228:32,7,7,4,3,0,32,1,0,0
g007831,0.333333333333333,256:4,3,3,3,0,0,4,1,0,0
g007832,0.5,258:2,2,2,2,0,0,2,2,0,0
g007833,0.333333333333333,257:3,3,3,3,0,0,3,1,0,0
g007834,0.5,255:5,2,2,2,0,0,5,1,0,0
g007835,0.5,258:2,2,2,2,0,0,2,0,0,0
g007836,0.5,258:2,2,2,2,0,0,2,1,0,0
g007837,0.166666666666667,246:14,6,6,4,2,0,14,1,0,0
g007838,0.2,254:6,5,5,5,0,0,6,2,0,0
g007839,0.5,258:2,2,2,2,0,0,2,1,0,0
g007840,0.5,257:3,2,2,2,0,0,3,0,0,0
g007841,0.5,258:2,2,2,2,0,0,2,1,0,0
g007842,0.25,252:8,4,4,4,0,0,8,0,0,0
g007843,0.5,258:2,2,2,2,0,0,2,0,0,0
g007844,0.142857142857143,247:13,7,7,4,4,0,13,1,0,0
g007845,0.2,249:11,5,5,4,1,0,11,1,0,0
g007846,0.5,258:2,2,2,2,0,0,2,0,1,0
g007847,0.5,258:2,2,2,2,0,0,2,0,1,0
g007848,0.5,258:2,2,2,2,0,0,2,1,0,0
g007850,0.333333333333333,257:3,3,3,3,0,0,3,1,0,0
g007851,1,258:2,1,1,1,0,0,2,0,0,1
g007852,0.5,258:2,2,2,2,0,0,2,1,0,0
g007853,0.2,254:6,5,5,5,0,0,6,2,0,0
g007854,0.5,258:2,2,2,2,0,0,2,1,1,0
g007855,1,255:5,1,1,1,0,0,5,1,0,1
g007856,0.5,258:2,2,2,2,0,0,2,0,0,0
g007857,0.142857142857143,228:32,7,7,4,3,0,32,1,0,0
g007858,0.25,256:4,4,4,4,0,0,4,1,0,0
g007859,0.142857142857143,251:9,7,7,6,1,0,9,1,0,0
g007860,0.5,258:2,2,2,2,0,0,2,1,0,0
g007861,0.5,258:2,2,2,2,0,0,2,2,0,0
g007863,0.25,242:18,4,4,4,0,0,18,0,0,0
g007864,0.2,255:5,5,5,5,1,0,5,1,0,0
g007865,0.333333333333333,255:5,3,3,3,0,0,5,1,0,0
g007866,0.5,258:2,2,2,2,0,0,2,1,0,0
g007868,0.5,257:3,2,2,2,0,0,3,2,0,0
g007870,0.5,258:2,2,2,2,0,0,2,1,0,0
g007871,0.2,255:5,5,5,5,0,0,5,1,0,0
g007874,0.333333333333333,253:7,3,3,3,0,0,7,1,0,0
g007875,0.142857142857143,253:7,7,7,7,0,0,7,1,0,0
g007876,0.333333333333333,257:3,3,3,3,0,0,3,1,0,0
g007877,0.5,258:2,2,2,2,0,0,2,0,0,0
g007878,0.25,254:6,4,4,3,1,0,6,1,0,0
g007879,0.5,258:2,2,2,2,0,0,2,1,0,0
g007880,0.333333333333333,257:3,3,3,3,0,0,3,1,0,0
g007881,0.5,258:2,2,2,2,0,0,2,0,0,0
g007882,0.166666666666667,254:6,6,6,6,0,0,6,1,0,0
g007883,0.5,254:6,2,2,2,0,0,6,1,0,0
g007884,0.142857142857143,222:38,7,7,1,6,0,38,1,0,1
g007885,0.2,255:5,5,5,5,0,0,5,1,0,0
g007886,1,256:4,1,1,1,0,0,4,0,0,1
g007887,0.5,258:2,2,2,2,0,0,2,0,1,0
g007888,0.5,258:2,2,2,2,0,0,2,2,0,0
g007889,0.333333333333333,242:18,3,3,3,0,0,18,1,0,0
g007890,0.25,253:7,4,4,4,0,0,7,1,0,0
g007891,0.5,257:3,2,2,2,0,0,3,2,0,0
g007892,0.5,258:2,2,2,2,0,0,2,1,0,0
g007893,0.333333333333333,256:4,3,3,3,0,0,4,1,0,0
g007894,0.5,258:2,2,2,2,0,0,2,2,0,0
g007895,0.25,256:4,4,4,4,0,0,4,1,0,0
g007896,0.25,243:17,4,4,3,1,0,17,1,0,0
g007897,0.5,258:2,2,2,2,0,0,2,0,0,0
g007898,0.5,258:2,2,2,2,0,0,2,1,0,0
g007899,0.333333333333333,257:3,3,3,3,0,0,3,0,0,0
g007900,0.166666666666667,248:12,6,6,5,1,0,12,2,0,0
g007901,0.5,258:2,2,2,2,0,0,2,0,0,0
g007902,0.5,258:2,2,2,2,0,0,2,1,0,0
g007903,0.5,258:2,2,2,2,0,0,2,1,0,0
g007904,0.25,256:4,4,4,4,0,0,4,1,0,0
g007905,0.2,254:6,5,5,5,0,0,6,2,0,0
g007906,0.142857142857143,253:7,7,7,6,1,0,7,2,0,0
g007907,0.5,258:2,2,2,2,0,0,2,2,0,0
g007908,0.5,258:2,2,2,2,0,0,2,0,0,0
g007910,0.2,251:9,5,5,5,0,0,9,0,0,0
g007911_1,0.5,258:2,2,2,2,0,0,2,2,0,0
g007912,0.5,258:2,2,2,2,0,0,2,1,0,0
g007913,0.5,257:3,2,2,2,0,0,3,0,0,0
g007914,0.5,258:2,2,2,2,0,0,2,2,0,0
g007915,0.5,255:5,2,2,2,0,0,5,1,0,0
g007916,0.333333333333333,250:10,3,3,3,0,0,10,2,0,0
g007917,0.25,256:4,4,4,4,0,0,4,1,0,0
g007918,0.5,258:2,2,2,2,0,0,2,2,0,0
g007919,0.5,258:2,2,2,2,0,0,2,2,0,0
g007920,0.2,249:11,5,5,5,1,0,11,1,0,0
g007921,0.1,248:12,10,10,9,2,0,12,1,0,0
g007922,0.333333333333333,257:3,3,3,3,0,0,3,1,0,0
g007923,0.2,254:6,5,5,5,0,0,6,2,0,0
g007924,0.333333333333333,256:4,3,3,3,0,0,4,0,0,0
g007925,0.5,253:7,2,2,2,0,0,7,0,0,0
g007926,0.5,207:53,2,2,2,0,0,53,0,0,0
g007927,0.25,252:8,4,4,3,1,0,8,0,0,0
g007928,0.25,256:4,4,4,4,0,0,4,2,0,0
g007929,0.25,256:4,4,4,4,0,0,4,1,0,0
g007930,0.333333333333333,256:4,3,3,2,2,0,4,1,0,0
g007931,0.142857142857143,228:32,7,7,4,4,0,32,1,0,0
g007932,0.5,258:2,2,2,2,0,0,2,2,0,0
g007933,0.2,254:6,5,5,5,0,0,6,0,0,0
g007934,0.333333333333333,257:3,3,3,3,0,0,3,1,0,0
g007936,0.333333333333333,257:3,3,3,3,0,0,3,0,0,0
g007937,0.5,207:53,2,2,2,0,0,53,0,0,0
g007938,0.5,257:3,2,2,2,1,0,3,1,0,0
g007940,0.25,256:4,4,4,4,0,0,4,0,0,0
g007941,0.5,258:2,2,2,2,0,0,2,1,0,0
g007942,0.333333333333333,257:3,3,3,3,1,0,3,1,0,0
g007943,0.166666666666667,250:10,6,6,6,0,0,10,0,0,0
g007944,0.333333333333333,230:30,3,3,2,1,0,30,1,0,0
g007945,0.25,254:6,4,4,4,1,0,6,1,0,0
g007946,0.5,258:2,2,2,2,0,0,2,1,0,0
g007947,0.333333333333333,256:4,3,3,3,0,0,4,0,0,0
g007948,0.5,258:2,2,2,2,0,0,2,2,0,0
g007949,0.5,258:2,2,2,2,0,0,2,2,0,0
g007950,0.5,258:2,2,2,2,0,0,2,1,0,0
g007951,0.5,243:17,2,2,2,0,0,17,0,0,0
g007952,0.25,255:5,4,4,4,1,0,5,1,0,0
g007953,0.333333333333333,235:25,3,3,2,1,0,25,1,0,0
g007954,0.5,258:2,2,2,2,0,0,2,2,1,0
g007955,0.5,258:2,2,2,2,0,0,2,1,0,0
g007956,0.125,243:17,8,8,8,0,0,17,1,0,0
g007957,0.2,249:11,5,5,5,0,0,11,1,0,0
g007958,0.25,256:4,4,4,4,0,0,4,1,0,0
g007959,0.5,258:2,2,2,2,0,0,2,1,0,0
g007960,0.5,258:2,2,2,2,0,0,2,1,0,0
g007961,0.142857142857143,228:32,7,7,4,4,0,32,1,0,0
g007962,0.5,258:2,2,2,2,0,0,2,2,0,0
g007963,1,258:2,1,1,1,0,0,2,1,0,1
g007964,0.5,258:2,2,2,2,0,0,2,1,0,0
g007967,0.5,258:2,2,2,2,0,0,2,1,0,0
g007968,0.5,258:2,2,2,2,0,0,2,1,1,0
g007969,0.5,257:3,2,2,2,0,0,3,2,1,0
g007970,0.5,258:2,2,2,2,0,0,2,2,0,0
g007971,0.333333333333333,257:3,3,3,3,1,0,3,1,0,0
g007972,0.5,258:2,2,2,2,0,0,2,2,0,0
g007973,0.5,258:2,2,2,2,0,0,2,0,0,0
g007974,0.5,258:2,2,2,2,0,0,2,1,0,0
g007975,0.333333333333333,256:4,3,3,3,0,0,4,1,0,0
g007976,0.5,258:2,2,2,2,0,0,2,1,1,0
g007979,0.5,257:3,2,2,2,0,0,3,0,0,0
g007980,0.5,258:2,2,2,2,0,0,2,0,1,0
g007981,1,257:3,1,1,1,0,0,3,0,0,1
g007982,0.333333333333333,256:4,3,3,3,0,0,4,1,0,0
g007983,0.5,258:2,2,2,2,0,0,2,0,0,0
g007984,0.5,254:6,2,2,2,0,0,6,2,0,0
g007985,0.1,244:16,10,10,10,1,0,16,0,0,0
g007986,0.5,257:3,2,2,2,0,0,3,0,0,0
g007987,0.5,258:2,2,2,2,0,0,2,1,0,0
g007988,1,258:2,1,1,1,0,0,2,0,0,1
g007989,0.142857142857143,228:32,7,7,4,4,0,32,1,0,0
g007990,0.5,253:7,2,2,2,0,0,7,0,0,0
g007991,0.5,258:2,2,2,2,0,0,2,1,0,0
g007992,0.25,254:6,4,4,4,1,0,6,0,0,0
g007993,0.25,243:17,4,4,3,1,0,17,1,0,0
g007994,0.25,242:18,4,4,4,0,0,18,0,0,0
g007995,0.111111111111111,251:9,9,9,9,0,0,9,1,0,0
g007996,0.5,258:2,2,2,2,0,0,2,0,1,0
g007997,0.5,258:2,2,2,2,0,0,2,2,0,0
g007998,0.111111111111111,251:9,9,9,9,0,0,9,2,0,0
g007999,0.5,257:3,2,2,2,0,0,3,1,0,0
g008000,0.5,258:2,2,2,2,0,0,2,0,0,0
g008001,0.5,258:2,2,2,2,0,0,2,2,0,0
g008002,0.2,254:6,5,5,5,0,0,6,2,0,0
g008003,0.25,256:4,4,4,4,0,0,4,2,0,0
g008004,0.2,249:11,5,5,5,0,0,11,1,0,0
g008005,1,258:2,1,1,1,0,0,2,1,0,1
g008006,0.333333333333333,257:3,3,3,3,0,0,3,1,0,0
g008007,0.5,207:53,2,2,2,0,0,53,0,0,0
g008008,0.333333333333333,257:3,3,3,3,0,0,3,1,0,0
g008009,0.5,258:2,2,2,2,0,0,2,1,0,0
g008010,0.5,258:2,2,2,2,0,0,2,1,0,0
g008011,0.2,246:14,5,5,4,1,0,14,1,0,0
g008012,0.5,256:4,2,2,2,0,0,4,0,0,0
g008013,0.5,258:2,2,2,2,0,0,2,2,0,0
g008014,0.5,258:2,2,2,2,0,0,2,1,1,0
g008015,1,234:26,1,1,1,0,0,26,1,0,1
g008016,0.5,258:2,2,2,2,0,0,2,2,1,0
g008017,0.5,258:2,2,2,2,0,0,2,1,0,0
g008018,0.5,257:3,2,2,2,0,0,3,2,0,0
g008020,0.333333333333333,253:7,3,3,3,0,0,7,2,0,0
g008021,0.5,258:2,2,2,2,0,0,2,2,1,0
g008022,0.5,258:2,2,2,2,0,0,2,0,0,0
g008023,0.5,258:2,2,2,2,0,0,2,1,0,0
g008024,0.5,258:2,2,2,2,0,0,2,1,1,0
g008025,0.5,258:2,2,2,2,0,0,2,1,0,0
g008026,0.2,255:5,5,5,5,0,0,5,2,0,0
g008027,0.5,258:2,2,2,2,0,0,2,2,0,0
g008028,0.2,243:17,5,5,4,1,0,17,0,0,0
g008029,0.5,258:2,2,2,2,0,0,2,2,0,0
g008030,0.333333333333333,257:3,3,3,3,0,0,3,1,0,0
g008031,0.5,258:2,2,2,2,0,0,2,1,1,0
g008032,0.5,258:2,2,2,2,0,0,2,1,0,0
g008033,0.333333333333333,241:19,3,3,2,1,0,19,0,0,0
g008034,0.25,254:6,4,4,4,0,0,6,1,0,0
g008035,0.5,258:2,2,2,2,0,0,2,1,1,0
g008036,0.333333333333333,218:42,3,3,2,1,0,42,1,0,0
g008037,0.333333333333333,256:4,3,3,3,0,0,4,0,0,0
g008038,0.5,258:2,2,2,2,0,0,2,0,1,0
g008039,0.5,258:2,2,2,2,0,0,2,1,0,0
g008040,0.25,255:5,4,4,4,0,0,5,2,0,0
g008041,0.111111111111111,225:35,9,9,9,1,0,35,2,0,0
g008042,0.333333333333333,255:5,3,3,2,1,0,5,2,0,0
g008043,0.5,258:2,2,2,2,0,0,2,0,0,0
g008044,0.125,225:35,8,8,8,0,0,35,1,0,0
g008045,0.5,258:2,2,2,2,0,0,2,0,0,0
g008046,0.333333333333333,257:3,3,3,3,0,0,3,2,0,0
g008047,0.5,258:2,2,2,2,0,0,2,0,0,0
g008049,0.25,256:4,4,4,4,0,0,4,1,0,0
g008050,0.333333333333333,257:3,3,3,3,0,0,3,1,0,0
g008051,0.5,258:2,2,2,2,0,0,2,2,1,0
g008052,0.333333333333333,257:3,3,3,3,0,0,3,2,0,0
g008053,0.5,258:2,2,2,2,0,0,2,1,0,0
g008054,0.5,258:2,2,2,2,0,0,2,1,0,0
g008055,0.5,258:2,2,2,2,0,0,2,0,1,0
g008056,0.5,258:2,2,2,2,0,0,2,2,0,0
g008057,0.5,258:2,2,2,2,0,0,2,0,0,0
g008058,0.0909090909090909,174:86,11,11,9,3,0,86,1,0,0
g008059,0.5,258:2,2,2,2,0,0,2,2,0,0
g008060,0.5,258:2,2,2,2,0,0,2,0,0,0
g008061,0.5,258:2,2,2,2,0,0,2,0,0,0
g008062,0.5,258:2,2,2,2,0,0,2,0,0,0
g008063,0.25,249:11,4,4,4,0,0,11,1,0,0
g008064,0.142857142857143,251:9,7,7,6,1,0,9,1,0,0
g008065,0.333333333333333,250:10,3,3,3,0,0,10,2,0,0
g008066,0.111111111111111,244:16,9,9,8,1,0,16,1,0,0
g008067,0.5,252:8,2,2,1,1,0,8,0,0,1
g008068,0.111111111111111,220:40,9,9,3,6,0,40,1,0,0
g008069,0.125,249:11,8,8,8,0,0,11,1,0,0
g008070,0.5,258:2,2,2,2,0,0,2,0,0,0
g008071,0.5,258:2,2,2,2,0,0,2,2,1,0
g008072,0.333333333333333,257:3,3,3,3,0,0,3,1,0,0
g008073,0.5,258:2,2,2,2,0,0,2,2,0,0
g008074,0.5,258:2,2,2,2,0,0,2,1,0,0
g008075,0.5,254:6,2,2,2,0,0,6,1,0,0
g008076,0.5,258:2,2,2,2,0,0,2,1,0,0
g008077,0.166666666666667,253:7,6,6,4,3,0,7,0,0,0
g008078,0.5,258:2,2,2,2,0,0,2,1,0,0
g008079,0.2,240:20,5,5,5,1,0,20,0,0,0
g008080,0.2,255:5,5,5,5,0,0,5,1,0,0
g008081,0.5,258:2,2,2,2,0,0,2,0,0,0
g008082,0.5,254:6,2,2,2,0,0,6,1,0,0
g008083,0.25,255:5,4,4,4,1,0,5,1,0,0
g008084,0.5,257:3,2,2,2,0,0,3,2,1,0
g008085,0.5,258:2,2,2,2,0,0,2,0,0,0
g008086,0.25,255:5,4,4,4,0,0,5,2,0,0
g008087,1,258:2,1,1,1,0,0,2,1,0,1
g008089,0.333333333333333,257:3,3,3,3,0,0,3,1,0,0
g008090,0.25,236:24,4,4,2,2,0,24,1,0,0
g008091,0.5,258:2,2,2,2,0,0,2,2,1,0
g008092,0.5,258:2,2,2,2,0,0,2,2,0,0
g008093,1,257:3,1,1,1,0,0,3,1,0,1
g008094,0.25,254:6,4,4,3,1,0,6,1,0,0
g008095,0.333333333333333,256:4,3,3,3,0,0,4,0,0,0
g008096,0.25,256:4,4,4,4,0,0,4,2,0,0
g008097,0.5,258:2,2,2,2,0,0,2,2,1,0
g008098,0.5,258:2,2,2,2,0,0,2,1,0,0
g008099,0.5,258:2,2,2,2,0,0,2,2,0,0
g008100,0.5,258:2,2,2,2,0,0,2,1,0,0
g008102,0.5,255:5,2,2,2,0,0,5,1,0,0
g008103,0.5,256:4,2,2,2,0,0,4,1,0,0
g008104,0.333333333333333,257:3,3,3,3,0,0,3,1,0,0
g008105,0.5,258:2,2,2,2,0,0,2,2,0,0
g008106,0.25,256:4,4,4,4,0,0,4,2,0,0
g008107,0.5,258:2,2,2,2,0,0,2,0,1,0
g008108,0.111111111111111,245:15,9,9,9,0,0,15,1,0,0
g008109,0.5,257:3,2,2,2,0,0,3,2,0,0
g008111,0.5,258:2,2,2,2,0,0,2,0,0,0
g008112,0.5,257:3,2,2,2,0,0,3,0,1,0
g008113,0.5,258:2,2,2,2,0,0,2,0,0,0
g008114,0.333333333333333,257:3,3,3,3,0,0,3,2,0,0
g008115,0.5,258:2,2,2,2,0,0,2,2,0,0
g008116,0.5,258:2,2,2,2,0,0,2,0,0,0
g008117,0.333333333333333,257:3,3,3,3,0,0,3,2,1,0
g008118,0.5,258:2,2,2,2,0,0,2,0,1,0
g008119,0.5,257:3,2,2,2,0,0,3,2,0,0
g008120,0.5,258:2,2,2,2,0,0,2,2,0,0
g008121,0.25,235:25,4,4,3,1,0,25,1,0,0
g008122,0.25,256:4,4,4,4,0,0,4,1,0,0
g008123,0.5,258:2,2,2,2,0,0,2,1,0,0
g008124,0.333333333333333,257:3,3,3,3,0,0,3,2,0,0
g008125,0.5,258:2,2,2,2,0,0,2,0,0,0
g008126,0.5,258:2,2,2,2,0,0,2,2,0,0
g008127,0.333333333333333,257:3,3,3,3,0,0,3,2,0,0
g008128_1,0.25,255:5,4,4,4,1,0,5,1,0,0
g008129,0.25,256:4,4,4,4,0,0,4,2,0,0
g008131,0.142857142857143,219:41,7,7,7,0,0,41,1,0,0
g008132,0.5,258:2,2,2,2,0,0,2,2,0,0
g008133,0.0714285714285714,220:40,14,14,12,2,0,40,0,0,0
g008135,0.166666666666667,250:10,6,6,5,1,0,10,1,0,0
g008136,0.333333333333333,257:3,3,3,3,0,0,3,2,1,0
g008137,0.333333333333333,256:4,3,3,3,0,0,4,2,0,0
g008138,0.5,258:2,2,2,2,0,0,2,1,0,0
g008139,0.5,258:2,2,2,2,0,0,2,2,0,0
g008140,0.333333333333333,252:8,3,3,3,0,0,8,2,0,0
g008142,0.125,214:46,8,8,8,0,0,46,1,0,0
g008143,0.166666666666667,250:10,6,6,6,0,0,10,1,0,0
g008144,0.25,256:4,4,4,4,0,0,4,2,0,0
g008145,0.333333333333333,256:4,3,3,3,1,0,4,1,0,0
g008146,0.5,258:2,2,2,2,0,0,2,1,0,0
g008147,0.142857142857143,251:9,7,7,7,0,0,9,2,0,0
g008148,0.2,254:6,5,5,5,0,0,6,1,0,0
g008149,0.5,258:2,2,2,2,0,0,2,1,0,0
g008150,0.5,258:2,2,2,2,0,0,2,1,0,0
g008151,0.5,258:2,2,2,2,0,0,2,2,0,0
g008152,0.5,258:2,2,2,2,0,0,2,1,0,0
g008153,0.5,258:2,2,2,2,0,0,2,2,1,0
g008154,0.5,258:2,2,2,2,0,0,2,2,1,0
g008155,0.5,256:4,2,2,2,0,0,4,2,0,0
g008156,0.166666666666667,254:6,6,6,6,0,0,6,0,0,0
g008157,0.111111111111111,251:9,9,9,9,0,0,9,1,0,0
g008158,0.5,258:2,2,2,2,0,0,2,0,0,0
g008159,0.125,251:9,8,8,7,1,0,9,2,0,0
g008160,0.166666666666667,253:7,6,6,6,0,0,7,2,0,0
g008161,0.5,258:2,2,2,2,0,0,2,1,0,0
g008162,0.5,258:2,2,2,2,0,0,2,2,0,0
g008165,0.333333333333333,257:3,3,3,3,0,0,3,2,0,0
g008166,0.5,258:2,2,2,2,0,0,2,0,0,0
g008167,0.0454545454545455,220:40,22,22,21,2,0,40,2,0,0
g008168,0.333333333333333,257:3,3,3,3,0,0,3,1,0,0
g008169,0.0909090909090909,248:12,11,11,11,0,0,12,2,0,0
g008170,0.5,258:2,2,2,2,0,0,2,0,0,0
g008171,0.333333333333333,257:3,3,3,3,0,0,3,0,0,0
g008172,0.5,258:2,2,2,2,0,0,2,1,0,0
g008173,0.0833333333333333,243:17,12,12,11,1,0,17,2,0,0
g008174,0.5,258:2,2,2,2,0,0,2,2,0,0
g008175,0.2,255:5,5,5,5,0,0,5,1,0,0
g008176,0.0434782608695652,211:49,23,23,22,2,0,49,2,0,0
g008177,0.25,256:4,4,4,4,0,0,4,0,0,0
g008178,0.333333333333333,257:3,3,3,3,0,0,3,2,0,0
g008179,0.25,255:5,4,4,4,1,0,5,1,0,0
g008180,0.5,256:4,2,2,2,0,0,4,0,0,0
g008181,0.5,258:2,2,2,2,0,0,2,0,1,0
g008182,0.25,256:4,4,4,4,0,0,4,2,0,0
g008183,0.5,258:2,2,2,2,0,0,2,2,1,0
g008187,0.0434782608695652,204:56,23,23,20,5,0,56,1,0,0
g008188,0.111111111111111,251:9,9,9,9,0,0,9,2,0,0
g008189,0.5,258:2,2,2,2,0,0,2,2,0,0
g008190,0.5,258:2,2,2,2,0,0,2,1,0,0
g008191,0.1,250:10,10,10,9,2,0,10,1,0,0
g008192,0.5,258:2,2,2,2,0,0,2,2,0,0
g008193,0.25,256:4,4,4,4,0,0,4,2,0,0
g008194,0.25,256:4,4,4,4,0,0,4,2,0,0
g008195,0.5,258:2,2,2,2,0,0,2,0,1,0
g008196,0.5,258:2,2,2,2,0,0,2,1,0,0
g008197,0.5,258:2,2,2,2,0,0,2,2,0,0
g008198,0.5,258:2,2,2,2,0,0,2,2,0,0
g008199,0.5,258:2,2,2,2,0,0,2,1,0,0
g008200,0.25,252:8,4,4,3,1,0,8,0,0,0
g008201,0.5,243:17,2,2,2,0,0,17,0,0,0
g008202,0.333333333333333,256:4,3,3,3,0,0,4,2,0,0
g008203,0.2,255:5,5,5,5,0,0,5,1,0,0
g008206,0.333333333333333,257:3,3,3,3,0,0,3,1,0,0
g008207,0.5,258:2,2,2,2,0,0,2,0,0,0
g008208,0.5,258:2,2,2,2,0,0,2,2,0,0
g008210,0.2,255:5,5,5,5,0,0,5,1,0,0
g008211,0.166666666666667,254:6,6,6,6,0,0,6,1,0,0
g008212,0.333333333333333,257:3,3,3,3,0,0,3,1,0,0
g008213,0.5,258:2,2,2,2,0,0,2,2,0,0
g008214,0.5,4:256,2,2,1,2,1,256,0,0,0
g008215,0.333333333333333,253:7,3,3,3,0,0,7,2,0,0
g008216,0.5,258:2,2,2,2,0,0,2,0,0,0
g008217,0.5,258:2,2,2,2,0,0,2,1,0,0
g008218,0.125,246:14,8,8,8,1,0,14,2,0,0
g008219,0.25,252:8,4,4,4,0,0,8,2,0,0
g008220,0.1,244:16,10,10,10,1,0,16,1,0,0
g008221,0.5,258:2,2,2,2,0,0,2,1,0,0
g008224,0.5,258:2,2,2,2,0,0,2,2,0,0
g008227,0.5,207:53,2,2,2,0,0,53,0,0,0
g008228,0.166666666666667,252:8,6,6,5,1,0,8,1,0,0
g008229,0.125,242:18,8,8,8,0,0,18,1,0,0
g008230,0.111111111111111,248:12,9,9,9,0,0,12,2,0,0
g008231,1,257:3,1,1,1,0,0,3,0,0,1
g008232,0.333333333333333,257:3,3,3,3,0,0,3,0,0,0
g008233,0.5,258:2,2,2,2,0,0,2,0,1,0
g008234,0.0666666666666667,68:192,15,15,3,13,1,192,1,0,0
g008235,0.5,252:8,2,2,2,0,0,8,0,0,0
g008236,0.166666666666667,250:10,6,6,6,0,0,10,1,0,0
g008237,0.25,256:4,4,4,4,0,0,4,1,1,0
g008238,0.25,255:5,4,4,4,0,0,5,1,0,0
g008239,0.5,258:2,2,2,2,0,0,2,2,1,0
g008240,0.5,258:2,2,2,2,0,0,2,2,0,0
g008241,0.166666666666667,254:6,6,6,6,0,0,6,1,0,0
g008242,0.333333333333333,257:3,3,3,3,0,0,3,2,0,0
g008243,0.0454545454545455,200:60,22,22,15,10,0,60,1,0,0
g008244,0.0833333333333333,244:16,12,12,12,1,0,16,2,0,0
g008245,0.0344827586206897,222:38,29,29,29,1,0,38,2,0,0
g008246,0.5,258:2,2,2,2,0,0,2,0,0,0
g008247,0.5,258:2,2,2,2,0,0,2,2,1,0
g008248,0.333333333333333,256:4,3,3,3,0,0,4,1,0,0
g008250,0.5,258:2,2,2,2,0,0,2,0,0,0
g008251,0.25,256:4,4,4,4,0,0,4,2,0,0
g008252,0.5,254:6,2,2,2,0,0,6,0,0,0
g008253,0.25,254:6,4,4,4,1,0,6,1,0,0
g008254,0.5,258:2,2,2,2,0,0,2,2,0,0
g008255,1,258:2,1,1,1,0,0,2,1,0,1
g008257,0.333333333333333,234:26,3,3,2,1,0,26,2,0,0
g008258,0.5,258:2,2,2,2,0,0,2,0,0,0
g008259,0.5,258:2,2,2,2,0,0,2,0,0,0
g008260,0.5,257:3,2,2,2,0,0,3,0,0,0
g008261,0.2,234:26,5,5,5,0,0,26,1,0,0
g008262,0.25,250:10,4,4,4,0,0,10,1,0,0
g008264,0.5,258:2,2,2,2,0,0,2,2,1,0
g008265,0.5,258:2,2,2,2,1,0,2,2,0,0
g008266,0.5,258:2,2,2,2,0,0,2,0,0,0
g008267,0.333333333333333,256:4,3,3,3,0,0,4,0,0,0
g008268,0.5,254:6,2,2,2,0,0,6,1,0,0
g008269,0.5,258:2,2,2,2,0,0,2,0,0,0
g008270,0.5,258:2,2,2,2,0,0,2,1,0,0
g008271,0.333333333333333,257:3,3,3,3,1,0,3,1,0,0
g008273,0.5,257:3,2,2,2,0,0,3,2,0,0
g008274,0.142857142857143,228:32,7,7,4,4,0,32,1,0,0
g008275,0.142857142857143,180:80,7,7,7,0,0,80,1,0,0
g008276,0.1,248:12,10,10,9,2,0,12,0,0,0
g008277,0.5,258:2,2,2,2,0,0,2,1,1,0
g008278,0.5,258:2,2,2,2,0,0,2,1,0,0
g008279,0.166666666666667,254:6,6,6,6,0,0,6,1,0,0
g008280,0.5,258:2,2,2,2,0,0,2,2,0,0
g008281,0.142857142857143,228:32,7,7,3,4,0,32,1,0,0
g008282,0.25,249:11,4,4,4,0,0,11,2,0,0
g008283,0.5,258:2,2,2,2,0,0,2,0,0,0
g008284,0.5,258:2,2,2,2,0,0,2,2,1,0
g008285,0.333333333333333,257:3,3,3,3,0,0,3,0,0,0
g008286_1,1,258:2,1,1,1,0,0,2,0,0,1
g008287,0.333333333333333,256:4,3,3,2,1,0,4,1,0,0
g008288,0.166666666666667,243:17,6,6,4,2,0,17,1,0,0
g008289,0.166666666666667,249:11,6,6,6,1,0,11,1,0,0
g008290,0.142857142857143,249:11,7,7,5,3,0,11,0,0,0
g008291,0.5,258:2,2,2,2,0,0,2,1,1,0
g008292,0.25,253:7,4,4,4,0,0,7,2,0,0
g008293,0.5,258:2,2,2,2,0,0,2,1,0,0
g008294,0.333333333333333,254:6,3,3,3,0,0,6,1,0,0
g008295,0.5,251:9,2,2,2,0,0,9,2,0,0
g008296,0.333333333333333,257:3,3,3,3,0,0,3,2,0,0
g008297,0.0909090909090909,224:36,11,11,9,2,0,36,2,0,0
g008298,0.2,194:66,5,5,3,2,0,66,0,0,0
g008299,0.5,258:2,2,2,2,0,0,2,2,0,0
g008300,0.5,257:3,2,2,2,0,0,3,2,0,0
g008301,0.333333333333333,252:8,3,3,1,2,0,8,0,0,1
g008302_1,1,258:2,1,1,1,0,0,2,1,0,1
g008302_2,1,258:2,1,1,1,0,0,2,0,0,1
g008303,0.142857142857143,252:8,7,7,7,0,0,8,2,0,0
g008304,0.333333333333333,257:3,3,3,3,0,0,3,0,0,0
g008305,0.5,257:3,2,2,2,0,0,3,2,0,0
g008306,0.5,258:2,2,2,2,0,0,2,0,1,0
g008307,0.111111111111111,248:12,9,9,9,0,0,12,2,0,0
g008308,0.5,258:2,2,2,2,0,0,2,2,1,0
g008309,0.5,258:2,2,2,2,0,0,2,2,0,0
g008310,0.142857142857143,228:32,7,7,3,4,0,32,1,0,0
g008311,0.5,258:2,2,2,2,0,0,2,2,0,0
g008312,0.125,214:46,8,8,7,1,0,46,1,0,0
g008313,0.142857142857143,245:15,7,7,7,1,0,15,1,0,0
g008314,0.25,255:5,4,4,4,0,0,5,2,0,0
g008315,0.5,258:2,2,2,2,0,0,2,2,0,0
g008316,0.5,257:3,2,2,2,0,0,3,2,0,0
g008318,0.5,258:2,2,2,2,0,0,2,2,0,0
g008320,1,244:16,1,1,1,0,0,16,0,0,1
g008321,0.0833333333333333,242:18,12,12,12,0,0,18,1,0,0
g008322,0.25,254:6,4,4,4,0,0,6,0,0,0
g008323,0.5,251:9,2,2,2,0,0,9,2,0,0
g008324,0.5,258:2,2,2,2,0,0,2,0,1,0
g008325,0.333333333333333,255:5,3,3,3,0,0,5,1,0,0
g008327,0.125,234:26,8,8,6,3,0,26,1,0,0
g008328,0.5,258:2,2,2,2,0,0,2,1,0,0
g008329,0.333333333333333,257:3,3,3,3,0,0,3,0,0,0
g008330,0.142857142857143,228:32,7,7,4,3,0,32,1,0,0
g008331,0.2,254:6,5,5,5,1,0,6,1,0,0
g008332,0.5,258:2,2,2,2,0,0,2,0,0,0
g008333,0.25,256:4,4,4,4,0,0,4,0,1,0
g008334,0.142857142857143,228:32,7,7,3,4,0,32,1,0,0
g008335,0.5,258:2,2,2,2,0,0,2,2,0,0
g008338,0.5,258:2,2,2,2,0,0,2,0,0,0
g008340,0.5,257:3,2,2,2,0,0,3,2,0,0
g008341,0.5,257:3,2,2,2,0,0,3,2,0,0
g008342,0.5,254:6,2,2,2,0,0,6,0,0,0
g008343,0.125,243:17,8,8,8,0,0,17,1,0,0
g008344,0.5,258:2,2,2,2,0,0,2,0,0,0
g008345,0.333333333333333,257:3,3,3,3,0,0,3,1,0,0
g008346,0.5,258:2,2,2,2,0,0,2,2,0,0
g008347,0.0769230769230769,222:38,13,13,11,2,0,38,2,0,0
g008348,0.5,257:3,2,2,2,0,0,3,2,0,0
g008349,0.5,257:3,2,2,2,0,0,3,2,1,0
g008350,1,256:4,1,1,1,0,0,4,1,0,1
g008351,0.333333333333333,256:4,3,3,3,0,0,4,0,0,0
g008352,1,258:2,1,1,1,0,0,2,0,0,1
g008353,0.5,258:2,2,2,2,0,0,2,1,0,0
g008354,0.2,255:5,5,5,5,0,0,5,0,0,0
g008355,0.142857142857143,228:32,7,7,4,4,0,32,1,0,0
g008356,0.5,258:2,2,2,2,0,0,2,0,0,0
g008357,0.5,258:2,2,2,2,0,0,2,0,0,0
g008358,0.5,255:5,2,2,2,0,0,5,0,0,0
g008359,0.166666666666667,250:10,6,6,6,0,0,10,2,0,0
g008360,0.5,257:3,2,2,2,0,0,3,0,0,0
g008361,0.5,258:2,2,2,2,0,0,2,0,0,0
g008363,0.5,255:5,2,2,2,0,0,5,1,0,0
g008364,0.2,234:26,5,5,5,0,0,26,1,0,0
g008365,0.333333333333333,257:3,3,3,3,1,0,3,0,0,0
g008366,0.5,258:2,2,2,2,0,0,2,1,0,0
g008367,0.5,258:2,2,2,2,0,0,2,0,0,0
g008368,0.5,258:2,2,2,2,0,0,2,1,1,0
g008369,0.2,252:8,5,5,5,1,0,8,1,0,0
g008370,0.5,258:2,2,2,2,0,0,2,2,0,0
g008371,0.333333333333333,256:4,3,3,3,0,0,4,2,0,0
g008372,0.5,258:2,2,2,2,0,0,2,2,0,0
g008374,0.166666666666667,253:7,6,6,6,2,0,7,2,0,0
g008375,0.5,258:2,2,2,2,1,0,2,2,0,0
g008376,0.5,255:5,2,2,2,0,0,5,1,0,0
g008377,0.5,258:2,2,2,2,0,0,2,0,0,0
g008380,0.5,258:2,2,2,2,0,0,2,2,0,0
g008381,0.5,258:2,2,2,2,0,0,2,2,0,0
g008382,0.5,258:2,2,2,2,0,0,2,0,0,0
g008383,0.5,258:2,2,2,2,0,0,2,1,0,0
g008384,0.5,258:2,2,2,2,0,0,2,0,0,0
g008385,0.5,258:2,2,2,2,0,0,2,1,0,0
g008386,0.5,258:2,2,2,2,0,0,2,2,0,0
g008387,0.5,242:18,2,2,2,0,0,18,1,0,0
g008388,0.333333333333333,254:6,3,3,3,0,0,6,1,0,0
g008389,0.5,258:2,2,2,2,0,0,2,0,0,0
g008392,0.5,257:3,2,2,2,0,0,3,2,0,0
g008393,0.5,251:9,2,2,2,0,0,9,2,0,0
g008394,0.25,256:4,4,4,4,0,0,4,1,0,0
g008395,0.5,258:2,2,2,1,1,0,2,1,0,1
g008396,0.25,253:7,4,4,4,0,0,7,2,0,0
g008397,0.142857142857143,250:10,7,7,7,0,0,10,2,0,0
g008398,0.5,258:2,2,2,2,0,0,2,1,0,0
g008399,0.5,258:2,2,2,2,0,0,2,0,1,0
g008400,0.142857142857143,228:32,7,7,4,3,0,32,1,0,0
g008401,0.2,255:5,5,5,5,0,0,5,1,0,0
g008402,0.25,255:5,4,4,4,0,0,5,2,0,0
g008403,1,258:2,1,1,1,0,0,2,0,0,1
g008404,0.5,257:3,2,2,2,0,0,3,0,0,0
g008405,0.5,256:4,2,2,2,0,0,4,0,0,0
g008406,1,257:3,1,1,1,0,0,3,1,0,1
g008407,0.5,257:3,2,2,2,0,0,3,0,0,0
g008408,0.5,258:2,2,2,2,0,0,2,1,0,0
g008409,0.5,258:2,2,2,2,0,0,2,0,0,0
g008410,1,233:27,1,1,1,0,0,27,2,0,1
g008411,0.5,258:2,2,2,2,0,0,2,0,0,0
g008412,0.5,258:2,2,2,2,0,0,2,1,0,0
g008413,0.5,258:2,2,2,2,0,0,2,2,0,0
g008414,0.5,258:2,2,2,2,0,0,2,1,0,0
g008415,0.142857142857143,250:10,7,7,7,0,0,10,2,0,0
g008416,0.5,258:2,2,2,2,0,0,2,1,0,0
g008417,0.333333333333333,257:3,3,3,3,0,0,3,2,0,0
g008419,0.142857142857143,245:15,7,7,7,1,0,15,1,0,0
g008420,0.5,235:25,2,2,2,0,0,25,0,0,0
g008421,0.25,256:4,4,4,4,0,0,4,0,0,0
g008422,0.5,257:3,2,2,2,0,0,3,0,1,0
g008423,0.5,258:2,2,2,2,0,0,2,1,0,0
g008424,0.5,258:2,2,2,2,0,0,2,2,0,0
g008425,0.142857142857143,249:11,7,7,5,2,0,11,0,0,0
g008426,0.5,258:2,2,2,2,0,0,2,1,0,0
g008427,0.5,258:2,2,2,2,0,0,2,0,0,0
g008428,0.333333333333333,256:4,3,3,3,0,0,4,2,0,0
g008429,0.333333333333333,257:3,3,3,3,0,0,3,1,0,0
g008430,0.5,258:2,2,2,2,0,0,2,0,0,0
g008431,0.5,257:3,2,2,2,0,0,3,1,0,0
g008432,0.5,258:2,2,2,2,0,0,2,2,0,0
g008433,0.5,258:2,2,2,2,0,0,2,0,0,0
g008434,0.333333333333333,257:3,3,3,3,0,0,3,1,0,0
g008435,0.25,250:10,4,4,3,1,0,10,1,0,0
g008436,0.5,258:2,2,2,2,0,0,2,1,0,0
g008437,0.5,258:2,2,2,2,0,0,2,0,0,0
g008438,0.5,258:2,2,2,2,0,0,2,2,0,0
g008439,0.333333333333333,254:6,3,3,3,0,0,6,2,0,0
g008440,1,257:3,1,1,1,0,0,3,0,0,1
g008441,0.5,258:2,2,2,2,0,0,2,0,0,0
g008442,0.142857142857143,228:32,7,7,3,4,0,32,1,0,0
g008443,0.333333333333333,257:3,3,3,3,1,0,3,1,0,0
g008444,0.5,256:4,2,2,2,0,0,4,2,1,0
g008445,0.5,258:2,2,2,2,0,0,2,2,0,0
g008446,0.5,258:2,2,2,2,0,0,2,0,0,0
g008447,0.5,258:2,2,2,2,0,0,2,1,0,0
g008448,0.5,258:2,2,2,2,0,0,2,0,0,0
g008449,0.5,207:53,2,2,2,0,0,53,0,0,0
g008450,1,256:4,1,1,1,0,0,4,1,0,1
g008451,0.5,258:2,2,2,2,0,0,2,2,0,0
g008452,0.5,258:2,2,2,2,0,0,2,1,0,0
g008453,0.166666666666667,243:17,6,6,4,2,0,17,1,0,0
g008454,0.125,246:14,8,8,8,1,0,14,1,0,0
g008455,0.5,256:4,2,2,2,0,0,4,2,0,0
g008456,0.5,257:3,2,2,2,0,0,3,0,0,0
g008457,0.125,249:11,8,8,8,0,0,11,2,0,0
g008458,0.5,258:2,2,2,2,0,0,2,1,0,0
g008459,1,257:3,1,1,1,0,0,3,1,0,1
g008460,0.333333333333333,257:3,3,3,3,0,0,3,2,0,0
g008461,0.5,258:2,2,2,2,0,0,2,2,0,0
g008464,0.25,256:4,4,4,4,0,0,4,2,0,0
g008465,0.5,258:2,2,2,2,0,0,2,2,0,0
g008466,0.5,258:2,2,2,2,0,0,2,0,0,0
g008467,0.5,257:3,2,2,2,0,0,3,1,0,0
g008468,0.166666666666667,254:6,6,6,6,0,0,6,2,0,0
g008469,0.5,258:2,2,2,2,0,0,2,1,0,0
g008470,0.333333333333333,257:3,3,3,3,0,0,3,2,0,0
g008472,0.142857142857143,228:32,7,7,4,3,0,32,1,0,0
g008473,0.142857142857143,228:32,7,7,4,3,0,32,1,0,0
g008474,0.25,255:5,4,4,4,0,0,5,2,0,0
g008475,0.5,256:4,2,2,2,0,0,4,1,0,0
g008476,0.5,258:2,2,2,2,0,0,2,0,1,0
g008477,0.5,258:2,2,2,2,0,0,2,1,0,0
g008479,0.5,258:2,2,2,2,0,0,2,2,0,0
g008480,0.2,228:32,5,5,5,1,0,32,2,0,0
g008481,0.333333333333333,257:3,3,3,3,0,0,3,1,0,0
g008482,0.333333333333333,257:3,3,3,3,0,0,3,2,0,0
g008483,0.5,257:3,2,2,2,0,0,3,2,0,0
g008484,0.5,258:2,2,2,2,0,0,2,1,0,0
g008485,0.5,231:29,2,2,2,0,0,29,1,0,0
g008486,0.333333333333333,256:4,3,3,3,0,0,4,0,0,0
g008487,0.2,225:35,5,5,3,3,1,35,1,0,0
g008488,0.166666666666667,254:6,6,6,6,0,0,6,1,0,0
g008489,0.5,258:2,2,2,2,0,0,2,1,0,0
g008490,0.5,258:2,2,2,2,0,0,2,2,0,0
g008491,1,258:2,1,1,1,0,0,2,0,0,1
g008493,0.333333333333333,257:3,3,3,3,0,0,3,2,0,0
g008494,1,258:2,1,1,1,0,0,2,1,0,1
g008495,0.5,251:9,2,2,2,0,0,9,2,0,0
g008496,0.5,258:2,2,2,2,0,0,2,2,1,0
g008497,0.5,258:2,2,2,2,0,0,2,0,0,0
g008498,0.5,258:2,2,2,2,0,0,2,0,0,0
g008499,0.0526315789473684,236:24,19,19,19,1,0,24,2,0,0
g008500,0.333333333333333,255:5,3,3,3,0,0,5,2,0,0
g008501,0.333333333333333,252:8,3,3,1,2,0,8,0,0,1
g008502,0.5,258:2,2,2,2,0,0,2,0,0,0
g008503,0.333333333333333,257:3,3,3,3,0,0,3,1,0,0
g008504,0.5,258:2,2,2,2,0,0,2,2,1,0
g008505,0.5,235:25,2,2,2,0,0,25,0,0,0
g008506,0.5,258:2,2,2,2,0,0,2,2,1,0
g008507,0.5,258:2,2,2,2,0,0,2,2,1,0
g008508,0.2,255:5,5,5,5,0,0,5,1,0,0
g008509,0.166666666666667,248:12,6,6,6,0,0,12,2,0,0
g008510,0.25,256:4,4,4,4,0,0,4,0,0,0
g008511,0.333333333333333,257:3,3,3,3,0,0,3,1,0,0
g008512,0.25,255:5,4,4,4,0,0,5,0,0,0
g008513,0.111111111111111,245:15,9,9,8,1,0,15,1,0,0
g008514,0.5,258:2,2,2,2,0,0,2,2,0,0
g008515,0.5,258:2,2,2,2,0,0,2,1,0,0
g008516,0.5,258:2,2,2,2,0,0,2,0,0,0
g008517,0.25,233:27,4,4,4,0,0,27,2,0,0
g008518,0.142857142857143,249:11,7,7,4,3,0,11,0,0,0
g008519,0.5,257:3,2,2,2,0,0,3,2,0,0
g008520,0.5,258:2,2,2,2,0,0,2,0,0,0
g008521,0.5,257:3,2,2,2,0,0,3,2,0,0
g008522,0.5,258:2,2,2,2,0,0,2,0,0,0
g008523,0.5,258:2,2,2,2,0,0,2,2,1,0
g008524,0.5,258:2,2,2,2,0,0,2,1,0,0
g008525,0.5,258:2,2,2,2,0,0,2,1,0,0
g008526,0.5,258:2,2,2,2,0,0,2,2,0,0
g008527,0.5,258:2,2,2,2,0,0,2,1,0,0
g008529,0.2,250:10,5,5,5,0,0,10,0,0,0
g008530,0.142857142857143,208:52,7,7,6,3,0,52,1,0,0
g008531,0.5,256:4,2,2,2,0,0,4,0,0,0
g008532,0.142857142857143,250:10,7,7,7,0,0,10,2,0,0
g008533,0.5,255:5,2,2,2,0,0,5,1,0,0
g008534,0.333333333333333,257:3,3,3,3,0,0,3,1,0,0
g008535,0.5,256:4,2,2,2,0,0,4,2,0,0
g008536,0.5,258:2,2,2,2,0,0,2,2,0,0
g008537,0.5,258:2,2,2,2,0,0,2,0,0,0
g008538,0.166666666666667,252:8,6,6,6,0,0,8,0,0,0
g008539,0.5,255:5,2,2,2,0,0,5,1,0,0
g008540,0.25,256:4,4,4,4,0,0,4,2,0,0
g008541,0.333333333333333,256:4,3,3,3,1,0,4,2,0,0
g008542_1,0.166666666666667,254:6,6,6,6,1,0,6,2,0,0
g008543,0.5,258:2,2,2,2,0,0,2,2,1,0
g008544,0.333333333333333,257:3,3,3,3,0,0,3,2,1,0
g008545,0.5,258:2,2,2,2,0,0,2,0,0,0
g008546,0.25,256:4,4,4,4,0,0,4,1,0,0
g008548,0.0666666666666667,210:50,15,15,13,4,0,50,1,0,0
g008549,0.5,258:2,2,2,2,0,0,2,1,1,0
g008550,0.5,257:3,2,2,2,0,0,3,1,0,0
g008551,0.5,258:2,2,2,2,0,0,2,0,0,0
g008552_1,0.5,258:2,2,2,2,0,0,2,2,0,0
g008553,0.5,258:2,2,2,2,0,0,2,2,1,0
g008555,0.5,207:53,2,2,2,0,0,53,0,0,0
g008557,0.333333333333333,245:15,3,3,3,1,0,15,1,0,0
g008558,0.142857142857143,249:11,7,7,5,2,0,11,0,0,0
g008559,0.333333333333333,257:3,3,3,3,0,0,3,1,0,0
g008560,0.2,253:7,5,5,5,1,0,7,1,0,0
g008563,0.5,243:17,2,2,2,0,0,17,2,0,0
g008564,1,258:2,1,1,1,0,0,2,0,0,1
g008565,0.5,258:2,2,2,2,0,0,2,0,0,0
g008566_1,0.5,258:2,2,2,2,0,0,2,1,0,0
g008567,0.25,247:13,4,4,4,0,0,13,0,0,0
g008568,0.166666666666667,250:10,6,6,6,1,0,10,1,0,0
g008569,0.5,258:2,2,2,2,0,0,2,1,0,0
g008570,0.5,258:2,2,2,2,0,0,2,1,0,0
g008571,0.5,258:2,2,2,2,0,0,2,2,0,0
g008572,0.5,258:2,2,2,2,1,0,2,1,0,0
g008573,0.142857142857143,249:11,7,7,4,3,0,11,0,0,0
g008574,0.5,258:2,2,2,2,0,0,2,2,0,0
g008575,0.333333333333333,252:8,3,3,3,0,0,8,1,0,0
g008576,0.5,258:2,2,2,2,0,0,2,2,1,0
g008577,0.0769230769230769,244:16,13,13,12,2,0,16,0,0,0
g008578,0.5,258:2,2,2,2,0,0,2,1,0,0
g008579,0.5,258:2,2,2,2,0,0,2,1,0,0
g008580,0.5,257:3,2,2,2,0,0,3,0,0,0
g008582,0.5,258:2,2,2,2,0,0,2,1,0,0
g008583,0.2,255:5,5,5,5,0,0,5,1,0,0
g008585,0.333333333333333,256:4,3,3,3,0,0,4,0,0,0
g008586,0.25,255:5,4,4,4,0,0,5,0,0,0
g008587,0.25,256:4,4,4,4,0,0,4,1,1,0
g008588,0.5,255:5,2,2,2,0,0,5,2,0,0
g008589,0.5,258:2,2,2,2,0,0,2,1,0,0
g008590,0.5,258:2,2,2,2,0,0,2,1,0,0
g008591,0.142857142857143,228:32,7,7,4,3,0,32,1,0,0
g008592,0.5,258:2,2,2,2,0,0,2,0,0,0
g008593,0.5,251:9,2,2,2,0,0,9,2,0,0
g008594,0.5,258:2,2,2,2,0,0,2,0,0,0
g008595,0.5,258:2,2,2,2,0,0,2,0,0,0
g008596,0.5,258:2,2,2,2,0,0,2,1,0,0
g008597,0.333333333333333,257:3,3,3,3,0,0,3,0,0,0
g008598,0.5,258:2,2,2,2,0,0,2,2,1,0
g008599,0.5,258:2,2,2,2,0,0,2,2,0,0
g008600,0.0434782608695652,194:66,23,23,10,15,0,66,1,0,0
g008601,0.5,252:8,2,2,2,0,0,8,0,0,0
g008602,0.333333333333333,257:3,3,3,3,0,0,3,2,0,0
g008603,0.333333333333333,257:3,3,3,3,0,0,3,1,0,0
g008604,1,258:2,1,1,1,0,0,2,1,0,1
g008605,0.25,256:4,4,4,4,0,0,4,2,0,0
g008606,0.2,196:64,5,5,5,0,0,64,1,0,0
g008607,0.5,255:5,2,2,2,0,0,5,1,0,0
g008608,0.142857142857143,253:7,7,7,7,1,0,7,2,1,0
g008609,0.5,258:2,2,2,2,0,0,2,1,0,0
g008611,0.5,256:4,2,2,2,0,0,4,2,0,0
g008612,0.5,258:2,2,2,2,0,0,2,2,1,0
g008613,0.5,258:2,2,2,2,0,0,2,2,1,0
g008616,0.2,255:5,5,5,5,0,0,5,1,0,0
g008617,0.5,258:2,2,2,2,0,0,2,1,0,0
g008618,0.333333333333333,257:3,3,3,3,0,0,3,1,0,0
g008619,0.333333333333333,250:10,3,3,3,0,0,10,2,0,0
g008620,0.5,258:2,2,2,2,0,0,2,1,1,0
g008621,0.333333333333333,257:3,3,3,3,1,0,3,1,0,0
g008622,0.5,258:2,2,2,2,0,0,2,1,0,0
g008623,0.2,253:7,5,5,5,0,0,7,2,0,0
g008627,0.333333333333333,257:3,3,3,3,0,0,3,0,0,0
g008628,0.333333333333333,256:4,3,3,2,2,0,4,1,0,0
g008629,0.5,258:2,2,2,2,0,0,2,2,0,0
g008630,0.333333333333333,257:3,3,3,3,0,0,3,2,0,0
g008632,0.5,252:8,2,2,2,0,0,8,0,0,0
g008633,0.5,257:3,2,2,2,0,0,3,0,0,0
g008634,0.5,252:8,2,2,1,1,0,8,0,0,1
g008635,0.5,258:2,2,2,2,0,0,2,1,0,0
g008636,0.2,254:6,5,5,5,0,0,6,0,0,0
g008637,0.5,235:25,2,2,2,0,0,25,0,0,0
g008638,0.142857142857143,243:17,7,7,4,3,0,17,0,0,0
g008639,0.5,258:2,2,2,2,0,0,2,2,0,0
g008640,0.333333333333333,257:3,3,3,3,0,0,3,2,0,0
g008641,0.333333333333333,256:4,3,3,3,0,0,4,1,0,0
g008642,0.5,258:2,2,2,2,0,0,2,0,0,0
g008643,0.5,258:2,2,2,2,0,0,2,1,0,0
g008644,0.166666666666667,243:17,6,6,4,2,0,17,1,0,0
g008645,0.142857142857143,253:7,7,7,7,0,0,7,2,0,0
g008646,0.5,258:2,2,2,2,0,0,2,1,0,0
g008647,0.2,254:6,5,5,4,1,0,6,0,0,0
g008648,0.333333333333333,257:3,3,3,2,1,0,3,1,0,0
g008649,0.5,258:2,2,2,2,0,0,2,1,0,0
g008650,0.5,258:2,2,2,2,0,0,2,1,1,0
g008651,0.333333333333333,204:56,3,3,3,0,0,56,1,0,0
g008652,0.142857142857143,228:32,7,7,3,4,0,32,1,0,0
g008653,0.5,253:7,2,2,2,0,0,7,2,0,0
g008654,1,239:21,1,1,1,0,0,21,1,0,1
g008655,0.5,258:2,2,2,2,0,0,2,0,0,0
g008656,0.5,258:2,2,2,2,0,0,2,2,0,0
g008657,0.142857142857143,251:9,7,7,7,1,0,9,1,0,0
g008658,0.333333333333333,257:3,3,3,3,0,0,3,2,0,0
g008659,0.5,255:5,2,2,2,0,0,5,0,0,0
g008660,0.5,258:2,2,2,2,0,0,2,1,0,0
g008661,0.5,258:2,2,2,2,0,0,2,2,0,0
g008662_1,0.5,258:2,2,2,2,0,0,2,2,0,0
g008663_1,0.5,258:2,2,2,2,0,0,2,2,0,0
g008664,0.2,254:6,5,5,4,1,0,6,1,0,0
g008665,0.5,258:2,2,2,2,0,0,2,2,0,0
g008666,0.5,258:2,2,2,2,0,0,2,0,0,0
g008667,0.5,255:5,2,2,2,0,0,5,1,0,0
g008668,0.166666666666667,254:6,6,6,5,1,0,6,0,0,0
g008669,0.2,251:9,5,5,5,0,0,9,2,0,0
g008670,0.166666666666667,253:7,6,6,6,0,0,7,2,0,0
g008671,0.5,258:2,2,2,2,0,0,2,2,0,0
g008672,0.5,258:2,2,2,2,0,0,2,0,0,0
g008673,0.5,258:2,2,2,2,0,0,2,0,0,0
g008675,0.142857142857143,252:8,7,7,7,1,0,8,2,0,0
g008676,1,257:3,1,1,1,0,0,3,0,0,1
g008677,0.142857142857143,228:32,7,7,4,4,0,32,1,0,0
g008678,0.5,254:6,2,2,2,0,0,6,1,0,0
g008679,1,258:2,1,1,1,0,0,2,0,1,1
g008680,0.5,258:2,2,2,2,0,0,2,2,0,0
g008681,0.5,258:2,2,2,2,0,0,2,2,0,0
g008682,0.125,174:86,8,8,5,4,0,86,1,0,0
g008683,0.333333333333333,256:4,3,3,3,0,0,4,2,0,0
g008685,0.142857142857143,228:32,7,7,4,3,0,32,1,0,0
g008686,0.166666666666667,250:10,6,6,6,0,0,10,2,0,0
g008687,0.2,252:8,5,5,5,0,0,8,1,0,0
g008688,0.0625,220:40,16,16,16,0,0,40,1,0,0
g008689,0.142857142857143,250:10,7,7,7,0,0,10,2,0,0
g008690,0.5,258:2,2,2,2,0,0,2,2,0,0
g008691,0.5,257:3,2,2,2,0,0,3,0,0,0
g008692,0.0769230769230769,244:16,13,13,13,0,0,16,1,0,0
g008693,1,256:4,1,1,1,0,0,4,1,0,1
g008694,0.5,258:2,2,2,2,0,0,2,2,1,0
g008695,0.333333333333333,257:3,3,3,3,0,0,3,1,0,0
g008696,0.2,254:6,5,5,5,0,0,6,0,0,0
g008697,0.5,258:2,2,2,2,0,0,2,1,0,0
g008698,0.5,258:2,2,2,2,0,0,2,1,0,0
g008699,0.5,258:2,2,2,2,0,0,2,2,0,0
g008700,0.5,207:53,2,2,2,0,0,53,0,0,0
g008701,0.2,234:26,5,5,3,2,0,26,2,0,0
g008702,0.5,257:3,2,2,2,0,0,3,0,0,0
g008703,0.333333333333333,251:9,3,3,3,0,0,9,0,0,0
g008704,0.25,227:33,4,4,0,4,1,33,1,0,1
g008705,0.333333333333333,256:4,3,3,3,0,0,4,0,0,0
g008706,0.5,258:2,2,2,2,0,0,2,1,0,0
g008707,0.5,258:2,2,2,2,0,0,2,2,0,0
g008708,0.5,258:2,2,2,2,0,0,2,0,0,0
g008709,0.333333333333333,257:3,3,3,3,0,0,3,0,0,0
g008710,0.333333333333333,253:7,3,3,3,0,0,7,2,0,0
g008711,0.1,239:21,10,10,10,1,0,21,0,0,0
g008712,0.333333333333333,257:3,3,3,3,0,0,3,2,0,0
g008713,0.142857142857143,243:17,7,7,4,3,0,17,0,0,0
g008714,0.111111111111111,251:9,9,9,9,0,0,9,2,0,0
g008715,0.2,255:5,5,5,5,0,0,5,2,0,0
g008716,0.142857142857143,244:16,7,7,5,3,0,16,0,0,0
g008717,0.333333333333333,257:3,3,3,3,0,0,3,2,0,0
g008720,0.2,254:6,5,5,5,0,0,6,2,0,0
g008721,0.25,256:4,4,4,4,0,0,4,1,0,0
g008722,0.166666666666667,230:30,6,6,4,2,0,30,1,0,0
g008723,0.5,258:2,2,2,2,0,0,2,0,0,0
g008724,0.333333333333333,243:17,3,3,3,0,0,17,1,0,0
g008725,0.0666666666666667,238:22,15,15,15,1,0,22,1,0,0
g008726,0.25,256:4,4,4,4,0,0,4,0,0,0
g008727,0.5,258:2,2,2,2,0,0,2,1,1,0
g008728,0.333333333333333,257:3,3,3,3,0,0,3,0,0,0
g008729,0.333333333333333,257:3,3,3,3,0,0,3,1,0,0
g008730,0.5,258:2,2,2,2,0,0,2,2,0,0
g008732,0.0625,176:84,16,16,12,5,0,84,0,0,0
g008735,0.333333333333333,242:18,3,3,3,0,0,18,0,0,0
g008736,0.333333333333333,257:3,3,3,3,0,0,3,2,1,0
g008737,0.111111111111111,249:11,9,9,9,1,0,11,2,0,0
g008738,0.5,258:2,2,2,2,0,0,2,1,0,0
g008739,0.5,258:2,2,2,2,0,0,2,2,0,0
g008740,0.166666666666667,253:7,6,6,5,2,0,7,1,0,0
g008741,0.333333333333333,257:3,3,3,2,1,0,3,2,0,0
g008742,0.125,249:11,8,8,8,0,0,11,2,0,0
g008743,0.2,254:6,5,5,5,0,0,6,0,0,0
g008744_1,0.5,258:2,2,2,2,0,0,2,2,0,0
g008745,0.0769230769230769,163:97,13,13,8,5,1,97,1,0,0
g008747,0.5,235:25,2,2,2,0,0,25,0,0,0
g008748,0.5,258:2,2,2,2,0,0,2,1,0,0
g008749,0.5,258:2,2,2,2,0,0,2,1,1,0
g008750,0.5,257:3,2,2,2,0,0,3,2,0,0
g008751,0.5,257:3,2,2,2,0,0,3,0,0,0
g008752,0.5,258:2,2,2,2,0,0,2,1,0,0
g008753,0.5,258:2,2,2,2,0,0,2,2,0,0
g008755,0.0555555555555556,201:59,18,18,10,9,1,59,1,0,0
g008756,0.5,254:6,2,2,2,0,0,6,1,0,0
g008757,0.5,257:3,2,2,2,0,0,3,0,0,0
g008759,0.125,214:46,8,8,7,1,0,46,1,0,0
g008760,0.25,255:5,4,4,4,0,0,5,0,0,0
g008761,0.25,256:4,4,4,4,0,0,4,2,0,0
g008762,0.25,251:9,4,4,2,2,0,9,0,0,0
g008763,0.5,257:3,2,2,2,0,0,3,0,0,0
g008764,0.2,255:5,5,5,5,0,0,5,1,0,0
g008765,0.333333333333333,257:3,3,3,3,0,0,3,2,0,0
g008766,0.166666666666667,243:17,6,6,4,3,0,17,0,0,0
g008767,0.5,258:2,2,2,2,0,0,2,1,0,0
g008768,0.5,258:2,2,2,2,0,0,2,1,0,0
g008769,0.2,251:9,5,5,5,0,0,9,2,0,0
g008770,0.5,258:2,2,2,2,0,0,2,1,0,0
g008773,0.5,258:2,2,2,2,0,0,2,2,0,0
g008774,0.333333333333333,255:5,3,3,3,0,0,5,0,0,0
g008776,0.333333333333333,257:3,3,3,3,0,0,3,0,0,0
g008777,0.0833333333333333,223:37,12,12,10,2,0,37,2,0,0
g008778,0.333333333333333,256:4,3,3,3,0,0,4,0,0,0
g008779,0.5,257:3,2,2,2,0,0,3,2,1,0
g008780,0.5,258:2,2,2,2,0,0,2,2,1,0
g008781,0.2,254:6,5,5,4,1,0,6,2,1,0
g008782,0.5,258:2,2,2,2,0,0,2,1,0,0
g008783,0.142857142857143,228:32,7,7,3,4,0,32,1,0,0
g008784,0.0454545454545455,109:151,22,22,14,8,1,151,1,0,0
g008785,0.333333333333333,253:7,3,3,3,0,0,7,2,0,0
g008786,0.1,243:17,10,10,10,1,0,17,1,0,0
g008787,0.166666666666667,252:8,6,6,6,0,0,8,2,0,0
g008788,0.5,256:4,2,2,2,0,0,4,1,0,0
g008789,0.25,256:4,4,4,4,0,0,4,1,0,0
g008790,0.333333333333333,256:4,3,3,3,0,0,4,1,0,0
g008791,0.5,258:2,2,2,2,0,0,2,0,0,0
g008792,0.5,258:2,2,2,2,0,0,2,2,1,0
g008793,0.333333333333333,257:3,3,3,3,0,0,3,1,0,0
g008794,0.142857142857143,228:32,7,7,4,4,0,32,1,0,0
g008795,0.5,258:2,2,2,2,0,0,2,2,1,0
g008796,0.333333333333333,257:3,3,3,3,0,0,3,1,1,0
g008797,0.5,258:2,2,2,2,0,0,2,1,1,0
g008798,0.5,258:2,2,2,2,0,0,2,0,0,0
g008799,0.333333333333333,257:3,3,3,3,0,0,3,1,0,0
g008800,0.5,258:2,2,2,2,0,0,2,2,0,0
g008801,0.0285714285714286,176:84,35,35,30,7,0,84,2,0,0
g008802,0.0434782608695652,180:80,23,23,19,4,0,80,1,0,0
g008803,0.333333333333333,253:7,3,3,3,0,0,7,2,0,0
g008804,0.2,255:5,5,5,5,0,0,5,2,0,0
g008806,0.166666666666667,250:10,6,6,4,3,0,10,0,0,0
g008807,0.5,258:2,2,2,2,0,0,2,0,0,0
g008808,0.5,258:2,2,2,2,0,0,2,2,1,0
g008810,0.333333333333333,253:7,3,3,3,0,0,7,1,0,0
g008811,0.5,257:3,2,2,2,0,0,3,1,0,0
g008812,0.5,255:5,2,2,2,0,0,5,2,0,0
g008814,0.0555555555555556,201:59,18,18,11,7,1,59,1,0,0
g008815,0.166666666666667,252:8,6,6,6,0,0,8,2,0,0
g008816,0.333333333333333,255:5,3,3,3,0,0,5,2,0,0
g008817,0.5,252:8,2,2,2,0,0,8,2,0,0
g008818,0.5,258:2,2,2,2,0,0,2,1,0,0
g008821,0.125,214:46,8,8,8,0,0,46,1,0,0
g008822,0.5,258:2,2,2,2,0,0,2,1,0,0
g008823,0.5,258:2,2,2,2,0,0,2,2,0,0
g008825,0.166666666666667,247:13,6,6,6,0,0,13,1,0,0
g008826,0.5,258:2,2,2,2,0,0,2,2,0,0
g008827,0.333333333333333,256:4,3,3,3,0,0,4,0,0,0
g008828,0.25,256:4,4,4,4,0,0,4,2,0,0
g008829,0.5,256:4,2,2,2,0,0,4,2,0,0
g008830,0.5,258:2,2,2,2,0,0,2,0,0,0
g008831,1,258:2,1,1,1,0,0,2,0,0,1
g008832,0.0625,176:84,16,16,12,4,0,84,0,0,0
g008833,0.5,257:3,2,2,2,0,0,3,2,0,0
g008834,0.2,255:5,5,5,5,0,0,5,1,0,0
g008836,0.25,252:8,4,4,4,0,0,8,2,0,0
g008837,0.333333333333333,257:3,3,3,3,0,0,3,1,0,0
g008838,0.5,258:2,2,2,2,0,0,2,2,0,0
g008839,0.5,258:2,2,2,2,0,0,2,1,0,0
g008840,0.5,258:2,2,2,2,0,0,2,2,1,0
g008841,0.5,255:5,2,2,2,0,0,5,2,0,0
g008842,0.5,258:2,2,2,2,0,0,2,1,0,0
g008844,0.125,248:12,8,8,8,0,0,12,1,0,0
g008845,0.5,258:2,2,2,2,0,0,2,2,1,0
g008846,0.5,258:2,2,2,2,0,0,2,2,1,0
g008847,0.5,258:2,2,2,2,0,0,2,2,0,0
g008848,0.25,255:5,4,4,3,1,0,5,1,0,0
g008849,0.2,255:5,5,5,5,0,0,5,1,0,0
g008850,0.25,252:8,4,4,4,0,0,8,2,0,0
g008851,0.166666666666667,254:6,6,6,6,0,0,6,1,1,0
g008852,0.25,256:4,4,4,4,0,0,4,2,0,0
g008853,0.25,256:4,4,4,4,0,0,4,0,1,0
g008854,0.333333333333333,257:3,3,3,3,0,0,3,0,0,0
g008855,0.333333333333333,257:3,3,3,3,0,0,3,2,0,0
g008856,0.5,258:2,2,2,2,0,0,2,2,1,0
g008857,0.25,256:4,4,4,4,0,0,4,1,1,0
g008858,0.5,258:2,2,2,2,0,0,2,1,0,0
g008859,1,257:3,1,1,1,0,0,3,0,0,1
g008861,0.5,257:3,2,2,2,0,0,3,1,0,0
g008862,0.25,256:4,4,4,4,0,0,4,2,0,0
g008863,0.2,254:6,5,5,5,0,0,6,1,0,0
g008864,0.5,250:10,2,2,2,0,0,10,1,0,0
g008865,0.25,256:4,4,4,4,1,0,4,1,0,0
g008866,0.0833333333333333,230:30,12,12,10,2,0,30,2,0,0
g008867,1,233:27,1,1,1,0,0,27,1,0,1
g008868,0.5,258:2,2,2,2,0,0,2,2,0,0
g008869,0.5,258:2,2,2,2,0,0,2,1,0,0
g008870,0.5,258:2,2,2,2,0,0,2,0,0,0
g008872,0.2,249:11,5,5,4,1,0,11,1,0,0
g008873,0.125,249:11,8,8,8,0,0,11,0,1,0
g008874,0.5,257:3,2,2,2,0,0,3,0,0,0
g008875,0.333333333333333,256:4,3,3,3,0,0,4,2,0,0
g008876,0.5,258:2,2,2,2,1,0,2,1,0,0
g008877,0.142857142857143,253:7,7,7,7,0,0,7,1,0,0
g008878,0.5,258:2,2,2,2,0,0,2,1,0,0
g008881,0.25,205:55,4,4,4,0,0,55,0,0,0
g008882,0.142857142857143,228:32,7,7,4,4,0,32,1,0,0
g008883,0.333333333333333,256:4,3,3,3,0,0,4,0,0,0
g008884,0.333333333333333,256:4,3,3,3,1,0,4,1,0,0
g008885,0.25,256:4,4,4,4,0,0,4,1,0,0
g008886,0.5,254:6,2,2,2,0,0,6,1,0,0
g008888,0.0588235294117647,147:113,17,17,15,3,0,113,0,0,0
g008889,0.5,258:2,2,2,2,0,0,2,0,0,0
g008890,0.5,258:2,2,2,2,0,0,2,2,1,0
g008892,0.5,258:2,2,2,2,0,0,2,2,0,0
g008893,0.5,258:2,2,2,2,0,0,2,1,1,0
g008895,0.142857142857143,228:32,7,7,4,4,0,32,1,0,0
g008896,0.5,258:2,2,2,2,0,0,2,0,0,0
g008897,0.5,258:2,2,2,2,0,0,2,0,0,0
g008898,0.5,258:2,2,2,2,0,0,2,0,0,0
g008899,0.5,258:2,2,2,2,0,0,2,1,0,0
g008900,0.2,249:11,5,5,5,1,0,11,1,0,0
g008901,0.25,241:19,4,4,4,0,0,19,1,0,0
g008902,0.2,252:8,5,5,5,0,0,8,2,0,0
g008903,0.5,258:2,2,2,2,0,0,2,1,0,0
g008904,0.5,258:2,2,2,2,0,0,2,1,0,0
g008905,0.5,253:7,2,2,2,0,0,7,1,0,0
g008906,0.142857142857143,228:32,7,7,3,4,0,32,1,0,0
g008907,0.0769230769230769,240:20,13,13,13,0,0,20,2,0,0
g008908,0.2,248:12,5,5,5,0,0,12,2,0,0
g008909,0.5,258:2,2,2,2,0,0,2,2,0,0
g008910,0.333333333333333,256:4,3,3,3,0,0,4,2,0,0
g008911,0.5,258:2,2,2,2,0,0,2,1,0,0
g008912,0.5,257:3,2,2,2,0,0,3,0,0,0
g008913,0.1,223:37,10,10,2,8,0,37,1,0,0
g008914,0.0833333333333333,223:37,12,12,10,2,0,37,2,0,0
g008917,0.142857142857143,251:9,7,7,6,1,0,9,2,0,0
g008918,0.0526315789473684,221:39,19,19,19,2,0,39,2,0,0
g008919,0.5,258:2,2,2,2,0,0,2,1,0,0
g008920,0.5,257:3,2,2,2,0,0,3,1,0,0
g008921,0.5,257:3,2,2,2,0,0,3,2,0,0
g008922,0.333333333333333,257:3,3,3,3,0,0,3,0,0,0
g008923,0.5,258:2,2,2,2,0,0,2,1,0,0
g008924,0.2,253:7,5,5,3,2,0,7,2,0,0
g008925,0.333333333333333,257:3,3,3,3,0,0,3,1,0,0
g008926,0.111111111111111,250:10,9,9,8,1,0,10,0,0,0
g008927,0.5,257:3,2,2,2,0,0,3,0,0,0
g008928,0.333333333333333,256:4,3,3,3,0,0,4,1,0,0
g008929,0.5,258:2,2,2,2,0,0,2,2,0,0
g008930,0.333333333333333,257:3,3,3,3,0,0,3,0,0,0
g008931,0.5,256:4,2,2,2,0,0,4,1,1,0
g008932,0.5,258:2,2,2,2,0,0,2,0,0,0
g008933_1,0.5,258:2,2,2,2,0,0,2,2,0,0
g008934,0.5,258:2,2,2,2,0,0,2,2,0,0
g008935,0.5,258:2,2,2,2,0,0,2,1,0,0
g008937,0.166666666666667,254:6,6,6,6,0,0,6,2,1,0
g008938,0.5,258:2,2,2,2,0,0,2,2,0,0
g008939,0.333333333333333,257:3,3,3,3,0,0,3,1,0,0
g008941,0.333333333333333,257:3,3,3,3,0,0,3,1,0,0
g008942,0.5,258:2,2,2,2,0,0,2,1,0,0
g008943,0.5,254:6,2,2,2,0,0,6,1,0,0
g008945,0.0769230769230769,214:46,13,13,12,2,0,46,2,0,0
g008946,0.2,239:21,5,5,5,0,0,21,2,0,0
g008947,0.0526315789473684,235:25,19,19,19,0,0,25,2,0,0
g008948,0.5,255:5,2,2,2,0,0,5,1,0,0
g008949,0.166666666666667,254:6,6,6,6,0,0,6,2,1,0
g008950,0.5,257:3,2,2,2,0,0,3,2,0,0
g008951,0.333333333333333,256:4,3,3,3,0,0,4,1,0,0
g008952,0.5,258:2,2,2,2,0,0,2,2,0,0
g008953,0.333333333333333,251:9,3,3,2,1,0,9,1,0,0
g008954,0.5,258:2,2,2,2,0,0,2,0,0,0
g008955,0.333333333333333,257:3,3,3,3,0,0,3,1,0,0
g008956,0.25,256:4,4,4,4,0,0,4,2,0,0
g008957,0.5,258:2,2,2,2,0,0,2,1,0,0
g008958,0.5,258:2,2,2,2,0,0,2,1,0,0
g008959,0.5,258:2,2,2,2,0,0,2,0,0,0
g008960,0.5,258:2,2,2,2,0,0,2,0,0,0
g008961,0.5,258:2,2,2,2,0,0,2,0,1,0
g008964,0.25,190:70,4,4,3,1,0,70,0,0,0
g008965,0.0833333333333333,242:18,12,12,12,1,0,18,2,0,0
g008966,0.25,251:9,4,4,4,0,0,9,2,0,0
g008967,0.333333333333333,257:3,3,3,3,0,0,3,1,0,0
g008968,0.333333333333333,257:3,3,3,3,0,0,3,1,0,0
g008969,0.5,257:3,2,2,2,0,0,3,0,0,0
g008970,0.1,248:12,10,10,10,0,0,12,2,0,0
g008971,0.2,254:6,5,5,5,0,0,6,0,0,0
g008972,0.333333333333333,253:7,3,3,3,0,0,7,2,0,0
g008973,0.333333333333333,253:7,3,3,3,0,0,7,2,0,0
g008974,0.5,256:4,2,2,2,0,0,4,2,0,0
g008975,0.333333333333333,257:3,3,3,3,0,0,3,0,0,0
g008976,0.125,247:13,8,8,8,0,0,13,1,0,0
g008977,0.5,258:2,2,2,2,0,0,2,1,0,0
g008978,0.333333333333333,257:3,3,3,3,0,0,3,2,0,0
g008979,0.5,257:3,2,2,2,0,0,3,2,0,0
g008980,0.5,258:2,2,2,2,0,0,2,1,1,0
g008981,0.0526315789473684,232:28,19,19,17,2,0,28,2,0,0
g008982,0.5,258:2,2,2,2,0,0,2,1,1,0
g008983,0.166666666666667,254:6,6,6,6,1,0,6,2,0,0
g008984,0.25,256:4,4,4,4,0,0,4,2,0,0
g008986,0.5,258:2,2,2,2,0,0,2,2,1,0
g008987,0.2,249:11,5,5,5,0,0,11,1,0,0
g008988,0.5,258:2,2,2,2,0,0,2,0,0,0
g008989,0.333333333333333,257:3,3,3,3,0,0,3,2,1,0
g008990,0.5,258:2,2,2,2,0,0,2,0,0,0
g008991,0.5,258:2,2,2,2,0,0,2,2,0,0
g008992,0.5,258:2,2,2,2,0,0,2,2,1,0
g008993,0.5,258:2,2,2,2,0,0,2,1,1,0
g008994,0.333333333333333,256:4,3,3,3,0,0,4,2,0,0
g008995,0.333333333333333,225:35,3,3,2,1,0,35,1,0,0
g008996,0.25,255:5,4,4,4,0,0,5,2,0,0
g008997,0.5,255:5,2,2,2,0,0,5,1,0,0
g008998,0.333333333333333,257:3,3,3,3,0,0,3,0,1,0
g008999,0.111111111111111,251:9,9,9,9,0,0,9,1,0,0
g009000,0.2,254:6,5,5,5,0,0,6,0,1,0
g009001,0.333333333333333,257:3,3,3,3,0,0,3,2,0,0
g009002,0.5,257:3,2,2,2,0,0,3,2,1,0
g009003,0.333333333333333,257:3,3,3,3,0,0,3,0,0,0
g009004,0.5,258:2,2,2,2,0,0,2,2,1,0
g009005,0.333333333333333,256:4,3,3,3,0,0,4,2,0,0
g009006,0.5,258:2,2,2,2,0,0,2,0,0,0
g009007,0.5,258:2,2,2,2,0,0,2,2,1,0
g009009,0.0625,212:48,16,16,15,1,0,48,1,0,0
g009010,0.166666666666667,211:49,6,6,6,0,0,49,1,0,0
g009011,0.25,256:4,4,4,4,0,0,4,2,1,0
g009012,0.166666666666667,251:9,6,6,6,0,0,9,0,0,0
g009013,0.333333333333333,257:3,3,3,3,0,0,3,1,0,0
g009014,0.2,255:5,5,5,5,0,0,5,2,0,0
g009015,0.5,258:2,2,2,2,0,0,2,2,1,0
g009019,0.2,254:6,5,5,5,0,0,6,2,0,0
g009020,0.166666666666667,227:33,6,6,6,1,0,33,2,0,0
g009021,0.25,255:5,4,4,3,1,0,5,1,0,0
g009022,0.0588235294117647,233:27,17,17,16,4,0,27,2,0,0
g009023,0.25,256:4,4,4,4,0,0,4,2,0,0
g009024,0.25,251:9,4,4,2,2,0,9,0,0,0
g009025,0.142857142857143,253:7,7,7,7,0,0,7,0,0,0
g009026,0.5,258:2,2,2,2,0,0,2,2,1,0
g009027,0.5,258:2,2,2,2,0,0,2,2,0,0
g009028,0.333333333333333,257:3,3,3,3,0,0,3,2,0,0
g009029,0.5,258:2,2,2,2,0,0,2,1,0,0
g009030,0.333333333333333,257:3,3,3,3,0,0,3,2,0,0
g009031,0.5,258:2,2,2,2,0,0,2,0,0,0
g009033,0.166666666666667,253:7,6,6,6,0,0,7,2,0,0
g009034,0.333333333333333,257:3,3,3,3,0,0,3,2,0,0
g009035,0.2,252:8,5,5,5,0,0,8,2,0,0
g009036,0.142857142857143,253:7,7,7,7,1,0,7,2,0,0
g009037,0.2,255:5,5,5,5,0,0,5,2,0,0
g009038,0.333333333333333,256:4,3,3,3,0,0,4,2,0,0
g009039,0.25,256:4,4,4,4,0,0,4,1,1,0
g009040,0.25,256:4,4,4,4,0,0,4,2,0,0
g009042_1,0.5,235:25,2,2,1,1,0,25,0,0,1
g009042_2,1,244:16,1,1,1,0,0,16,0,0,1
g009043,0.5,257:3,2,2,2,0,0,3,2,0,0
g009044,0.25,256:4,4,4,4,0,0,4,1,0,0
g009045,0.2,250:10,5,5,5,0,0,10,1,0,0
g009046,0.5,258:2,2,2,2,0,0,2,2,0,0
g009047,0.5,258:2,2,2,2,0,0,2,1,0,0
g009048,0.5,258:2,2,2,2,0,0,2,2,0,0
g009049,0.5,255:5,2,2,2,0,0,5,1,0,0
g009050,0.5,258:2,2,2,2,0,0,2,2,1,0
g009053,0.5,258:2,2,2,2,0,0,2,2,0,0
g009054,0.5,258:2,2,2,2,0,0,2,2,1,0
g009055,0.5,258:2,2,2,2,0,0,2,2,0,0
g009056,0.25,253:7,4,4,4,0,0,7,1,0,0
g009057,0.5,253:7,2,2,2,0,0,7,1,0,0
g009058,0.5,258:2,2,2,2,0,0,2,0,1,0
g009060,0.125,225:35,8,8,8,0,0,35,1,0,0
g009061,0.25,255:5,4,4,4,0,0,5,2,0,0
g009062,0.5,258:2,2,2,2,0,0,2,1,1,0
g009063,0.333333333333333,256:4,3,3,3,0,0,4,2,0,0
g009064,0.5,257:3,2,2,2,0,0,3,1,0,0
g009065,0.333333333333333,257:3,3,3,3,0,0,3,1,0,0
g009066,0.2,255:5,5,5,5,0,0,5,1,0,0
g009067,0.333333333333333,254:6,3,3,3,0,0,6,1,0,0
g009068,0.25,256:4,4,4,4,0,0,4,0,0,0
g009069,0.333333333333333,257:3,3,3,3,0,0,3,1,0,0
g009070,0.2,254:6,5,5,5,0,0,6,2,0,0
g009071,0.333333333333333,257:3,3,3,2,1,0,3,1,1,0
g009072,0.5,258:2,2,2,2,0,0,2,0,0,0
g009073,0.5,258:2,2,2,2,0,0,2,1,0,0
g009074,0.5,256:4,2,2,2,0,0,4,2,0,0
g009075,0.5,258:2,2,2,2,0,0,2,2,1,0
g009076,0.5,258:2,2,2,2,0,0,2,0,0,0
g009077,0.333333333333333,257:3,3,3,3,0,0,3,1,0,0
g009078,0.5,258:2,2,2,2,0,0,2,2,0,0
g009079,0.0188679245283019,92:168,53,53,22,35,1,168,1,0,0
g009080,0.2,255:5,5,5,5,0,0,5,2,0,0
g009081,0.5,258:2,2,2,2,0,0,2,1,0,0
g009082,0.5,258:2,2,2,2,0,0,2,0,0,0
g009083,0.5,258:2,2,2,2,0,0,2,1,0,0
g009084,0.5,257:3,2,2,2,0,0,3,1,0,0
g009085,0.5,257:3,2,2,2,0,0,3,0,0,0
g009086,0.5,253:7,2,2,2,0,0,7,1,0,0
g009087,0.333333333333333,256:4,3,3,3,0,0,4,2,0,0
g009088,1,258:2,1,1,1,0,0,2,0,0,1
g009091,0.5,257:3,2,2,2,0,0,3,0,0,0
g009092,0.25,256:4,4,4,4,0,0,4,1,0,0
g009093,0.5,258:2,2,2,2,0,0,2,2,0,0
g009094,0.5,258:2,2,2,2,0,0,2,2,0,0
g009097,0.5,257:3,2,2,2,0,0,3,0,0,0
g009098,0.333333333333333,252:8,3,3,3,0,0,8,2,0,0
g009099,0.5,243:17,2,2,2,0,0,17,0,0,0
g009100,0.5,258:2,2,2,2,0,0,2,0,0,0
g009101,0.333333333333333,257:3,3,3,3,0,0,3,2,0,0
g009102,0.5,258:2,2,2,2,0,0,2,0,1,0
g009103,1,256:4,1,1,1,0,0,4,1,0,1
g009104,0.2,254:6,5,5,5,0,0,6,1,0,0
g009105,0.25,253:7,4,4,4,0,0,7,1,0,0
g009106,0.2,253:7,5,5,4,1,0,7,0,0,0
g009107,0.142857142857143,228:32,7,7,4,4,0,32,1,0,0
g009108,0.5,258:2,2,2,2,0,0,2,2,1,0
g009109,0.5,258:2,2,2,2,0,0,2,0,0,0
g009110,1,258:2,1,1,1,0,0,2,0,0,1
g009111,0.5,254:6,2,2,2,0,0,6,0,0,0
g009113,0.5,258:2,2,2,2,0,0,2,2,1,0
g009114,0.166666666666667,254:6,6,6,6,0,0,6,1,0,0
g009115,0.25,254:6,4,4,4,0,0,6,1,0,0
g009116,0.166666666666667,248:12,6,6,5,1,0,12,2,0,0
g009117,0.142857142857143,228:32,7,7,4,4,0,32,1,0,0
g009118,0.2,254:6,5,5,5,0,0,6,2,0,0
g009120,0.333333333333333,255:5,3,3,3,1,0,5,2,0,0
g009121,0.333333333333333,251:9,3,3,2,1,0,9,1,0,0
g009122,0.333333333333333,257:3,3,3,3,0,0,3,1,0,0
g009123,0.333333333333333,257:3,3,3,3,0,0,3,2,0,0
g009124,0.5,258:2,2,2,2,0,0,2,2,0,0
g009125,0.5,258:2,2,2,2,0,0,2,2,0,0
g009126,1,258:2,1,1,1,0,0,2,1,0,1
g009127,0.5,258:2,2,2,2,0,0,2,0,0,0
g009128,0.333333333333333,256:4,3,3,3,0,0,4,0,0,0
g009129,0.5,258:2,2,2,2,0,0,2,0,0,0
g009130,0.5,258:2,2,2,2,0,0,2,0,1,0
g009131,0.333333333333333,205:55,3,3,3,0,0,55,1,0,0
g009132,0.333333333333333,253:7,3,3,3,0,0,7,2,0,0
g009133,0.5,257:3,2,2,2,0,0,3,0,0,0
g009134,0.166666666666667,254:6,6,6,6,0,0,6,0,0,0
g009135,0.5,258:2,2,2,2,0,0,2,0,1,0
g009136,0.333333333333333,257:3,3,3,3,0,0,3,2,0,0
g009137,0.333333333333333,257:3,3,3,3,0,0,3,2,0,0
g009139,0.0714285714285714,240:20,14,14,14,0,0,20,2,0,0
g009140,0.5,258:2,2,2,2,0,0,2,2,0,0
g009141,0.5,254:6,2,2,2,0,0,6,1,0,0
g009142,0.333333333333333,210:50,3,3,1,2,0,50,1,0,1
g009143,0.5,258:2,2,2,2,0,0,2,0,0,0
g009144,0.5,257:3,2,2,2,0,0,3,2,0,0
g009145,0.05,181:79,20,20,11,10,0,79,1,0,0
g009146,0.333333333333333,257:3,3,3,3,0,0,3,1,0,0
g009147,0.5,258:2,2,2,2,0,0,2,2,0,0
g009148,0.333333333333333,256:4,3,3,3,0,0,4,2,0,0
g009149,0.2,254:6,5,5,5,0,0,6,0,0,0
g009150,0.25,255:5,4,4,4,1,0,5,2,0,0
g009151,0.5,258:2,2,2,2,0,0,2,2,0,0
g009152,0.5,258:2,2,2,2,0,0,2,1,0,0
g009153,0.5,258:2,2,2,2,0,0,2,1,0,0
g009154,0.5,258:2,2,2,2,0,0,2,2,0,0
g009155,0.25,255:5,4,4,4,0,0,5,2,0,0
g009156,0.5,258:2,2,2,2,0,0,2,0,0,0
g009158,0.5,258:2,2,2,2,0,0,2,2,0,0
g009159,0.1,219:41,10,10,4,6,0,41,2,0,0
g009160,0.5,253:7,2,2,2,0,0,7,2,0,0
g009161,0.2,252:8,5,5,5,0,0,8,1,0,0
g009162,0.142857142857143,245:15,7,7,6,1,0,15,1,0,0
g009163,0.5,258:2,2,2,2,0,0,2,0,0,0
g009164,0.125,249:11,8,8,8,0,0,11,2,0,0
g009165,0.5,258:2,2,2,2,0,0,2,2,0,0
g009166,0.142857142857143,226:34,7,7,7,1,0,34,2,0,0
g009167,0.5,258:2,2,2,2,0,0,2,2,0,0
g009168,0.5,258:2,2,2,2,0,0,2,2,0,0
g009169,0.5,258:2,2,2,2,0,0,2,2,0,0
g009170,0.5,258:2,2,2,2,0,0,2,0,0,0
g009171,0.333333333333333,206:54,3,3,3,0,0,54,1,0,0
g009172,0.1,198:62,10,10,7,3,0,62,0,0,0
g009173,0.166666666666667,238:22,6,6,5,1,0,22,0,0,0
g009174,0.5,258:2,2,2,2,0,0,2,1,0,0
g009175,0.5,258:2,2,2,2,0,0,2,1,1,0
g009176,0.5,258:2,2,2,2,0,0,2,2,1,0
g009177,0.5,258:2,2,2,2,0,0,2,0,0,0
g009178,0.5,258:2,2,2,2,0,0,2,2,0,0
g009179,0.25,256:4,4,4,4,0,0,4,0,0,0
g009181,0.25,254:6,4,4,4,0,0,6,0,0,0
g009182,0.5,258:2,2,2,2,0,0,2,0,0,0
g009183,0.333333333333333,257:3,3,3,3,0,0,3,1,0,0
g009185,0.333333333333333,257:3,3,3,3,0,0,3,2,1,0
g009187,0.166666666666667,252:8,6,6,6,0,0,8,2,0,0
g009188,0.333333333333333,257:3,3,3,3,0,0,3,2,0,0
g009189,0.125,249:11,8,8,8,0,0,11,2,0,0
g009190,0.5,258:2,2,2,2,0,0,2,1,1,0
g009191,0.25,256:4,4,4,4,0,0,4,2,1,0
g009192,0.25,256:4,4,4,4,1,0,4,0,0,0
g009194,0.125,249:11,8,8,8,0,0,11,1,0,0
g009195,0.142857142857143,228:32,7,7,3,4,0,32,1,0,0
g009196,0.25,256:4,4,4,4,0,0,4,0,0,0
g009197,0.25,256:4,4,4,4,0,0,4,2,0,0
g009198,0.5,258:2,2,2,2,0,0,2,2,1,0
g009199,0.5,258:2,2,2,2,0,0,2,2,0,0
g009202,0.142857142857143,228:32,7,7,4,3,0,32,1,0,0
g009203,0.333333333333333,253:7,3,3,3,0,0,7,2,0,0
g009204,0.5,258:2,2,2,2,0,0,2,2,1,0
g009205,0.5,258:2,2,2,2,0,0,2,2,1,0
g009206,0.5,258:2,2,2,2,0,0,2,2,0,0
g009207,0.5,258:2,2,2,2,0,0,2,2,0,0
g009208,0.5,258:2,2,2,2,0,0,2,2,0,0
g009209,0.5,258:2,2,2,2,0,0,2,2,1,0
g009210,0.333333333333333,257:3,3,3,3,0,0,3,1,0,0
g009211,0.125,225:35,8,8,8,0,0,35,1,0,0
g009212,0.25,256:4,4,4,4,0,0,4,2,0,0
g009213,0.166666666666667,237:23,6,6,5,1,0,23,1,0,0
g009214,0.2,251:9,5,5,5,0,0,9,2,0,0
g009215,0.5,258:2,2,2,2,0,0,2,0,1,0
g009216,0.5,258:2,2,2,2,0,0,2,2,0,0
g009217,0.5,258:2,2,2,2,0,0,2,1,1,0
g009218,0.5,253:7,2,2,2,0,0,7,1,0,0
g009219,0.333333333333333,256:4,3,3,3,0,0,4,2,0,0
g009222,0.142857142857143,228:32,7,7,4,4,0,32,1,0,0
g009223,0.333333333333333,255:5,3,3,2,1,0,5,2,0,0
g009225,0.2,253:7,5,5,5,0,0,7,2,0,0
g009226,0.5,257:3,2,2,2,0,0,3,0,0,0
g009227,0.2,255:5,5,5,5,0,0,5,1,0,0
g009228,0.5,257:3,2,2,2,0,0,3,1,0,0
g009229,0.5,258:2,2,2,2,0,0,2,0,0,0
g009231,0.0454545454545455,146:114,22,22,8,15,0,114,1,0,0
g009232,0.25,255:5,4,4,4,0,0,5,2,0,0
g009233,0.5,258:2,2,2,2,0,0,2,1,0,0
g009234,0.333333333333333,257:3,3,3,3,0,0,3,1,0,0
g009235,0.5,258:2,2,2,2,0,0,2,1,0,0
g009236,0.5,258:2,2,2,2,0,0,2,0,0,0
g009237,0.5,258:2,2,2,2,0,0,2,2,0,0
g009238,0.333333333333333,257:3,3,3,3,0,0,3,0,0,0
g009239,0.5,258:2,2,2,2,0,0,2,1,0,0
g009240,0.25,256:4,4,4,4,0,0,4,2,0,0
g009241,0.5,257:3,2,2,2,0,0,3,2,0,0
g009242,0.333333333333333,255:5,3,3,3,0,0,5,1,0,0
g009243,0.333333333333333,256:4,3,3,3,1,0,4,1,0,0
g009244,0.5,257:3,2,2,2,0,0,3,0,0,0
g009245,0.25,256:4,4,4,4,0,0,4,2,0,0
g009246,0.5,258:2,2,2,2,0,0,2,0,0,0
g009247,0.5,258:2,2,2,2,0,0,2,1,0,0
g009248,0.5,258:2,2,2,2,0,0,2,2,1,0
g009249,0.5,258:2,2,2,2,0,0,2,0,0,0
g009250,0.142857142857143,186:74,7,7,4,3,0,74,1,0,0
g009251,0.142857142857143,253:7,7,7,7,1,0,7,2,1,0
g009252,0.5,254:6,2,2,2,0,0,6,1,0,0
g009253,0.333333333333333,257:3,3,3,3,0,0,3,0,0,0
g009254,0.5,258:2,2,2,2,0,0,2,1,0,0
g009255,0.5,258:2,2,2,2,0,0,2,1,1,0
g009256,0.2,255:5,5,5,5,0,0,5,0,0,0
g009257,0.333333333333333,253:7,3,3,3,0,0,7,2,0,0
g009258,0.0384615384615385,233:27,26,26,26,1,0,27,2,0,0
g009259,0.0666666666666667,243:17,15,15,15,0,0,17,0,0,0
g009260,0.2,251:9,5,5,4,1,0,9,0,0,0
g009261,0.5,258:2,2,2,2,0,0,2,0,0,0
g009262,0.166666666666667,251:9,6,6,6,0,0,9,0,1,0
g009272,1,257:3,1,1,1,0,0,3,0,0,1
g009288,0.2,249:11,5,5,4,1,0,11,1,0,0
g009290,1,258:2,1,1,1,0,0,2,0,0,1
g009291,1,258:2,1,1,1,0,0,2,1,0,1
g009292,0.5,257:3,2,2,2,0,0,3,2,0,0
g009298,1,255:5,1,1,1,0,0,5,0,0,1
g009313,0.5,257:3,2,2,2,0,0,3,0,0,0
g009322,0.5,258:2,2,2,2,0,0,2,1,0,0
g009327,0.333333333333333,256:4,3,3,3,0,0,4,1,0,0
g009346,0.5,258:2,2,2,2,0,0,2,1,0,0
g009354,0.5,243:17,2,2,1,1,0,17,0,0,1
g009363,0.5,256:4,2,2,2,0,0,4,1,0,0
g009364,1,258:2,1,1,1,0,0,2,1,0,1
g009372,1,258:2,1,1,1,0,0,2,1,0,1
g009379,1,258:2,1,1,1,0,0,2,1,0,1
g009382,0.333333333333333,255:5,3,3,3,0,0,5,1,0,0
g009389,0.333333333333333,257:3,3,3,3,0,0,3,0,0,0
g009392,1,257:3,1,1,1,0,0,3,1,0,1
g009393,1,258:2,1,1,1,0,0,2,0,0,1
g009395,0.333333333333333,210:50,3,3,1,2,0,50,1,0,1
g009396,0.5,249:11,2,2,2,1,0,11,0,0,0
g009411,0.333333333333333,254:6,3,3,3,0,0,6,1,0,0
g009413,0.5,258:2,2,2,2,1,0,2,1,0,0
g009429,1,255:5,1,1,1,0,0,5,0,0,1
g009434,0.25,247:13,4,4,4,0,0,13,0,0,0
g009462,0.5,258:2,2,2,2,0,0,2,0,0,0
g009464,0.5,258:2,2,2,2,1,0,2,0,0,0
g009466,1,258:2,1,1,1,0,0,2,0,0,1
g009471,0.333333333333333,257:3,3,3,3,0,0,3,0,0,0
g009474,0.5,258:2,2,2,2,0,0,2,0,0,0
g009477,0.25,252:8,4,4,4,1,0,8,0,0,0
g009492,1,256:4,1,1,1,0,0,4,0,0,1
g009494,0.5,258:2,2,2,2,0,0,2,1,0,0
g009495,1,258:2,1,1,1,0,0,2,0,0,1
g009496,1,258:2,1,1,1,0,0,2,0,0,1
g009499,0.5,258:2,2,2,2,0,0,2,2,0,0
g009501,0.5,256:4,2,2,2,0,0,4,1,0,0
g009502,1,257:3,1,1,1,0,0,3,1,0,1
g009505,1,244:16,1,1,1,0,0,16,1,0,1
g009522,0.5,258:2,2,2,2,0,0,2,1,0,0
g009526,1,256:4,1,1,1,0,0,4,1,0,1
g009527,1,257:3,1,1,1,0,0,3,1,0,1
g009534,1,256:4,1,1,1,0,0,4,0,0,1
g009538,0.5,258:2,2,2,2,0,0,2,2,0,0
g009546,0.5,256:4,2,2,2,0,0,4,1,0,0
g009547,1,258:2,1,1,1,0,0,2,0,0,1
g009552,0.5,257:3,2,2,2,0,0,3,2,0,0
g009557,1,256:4,1,1,1,0,0,4,1,0,1
g009563,1,256:4,1,1,1,0,0,4,1,0,1
g009575,1,258:2,1,1,1,0,0,2,1,0,1
g009579,0.5,258:2,2,2,2,0,0,2,0,0,0
g009582,1,258:2,1,1,1,0,0,2,0,0,1
g009605,1,257:3,1,1,1,0,0,3,0,0,1
g009611,0.5,256:4,2,2,2,0,0,4,0,0,0
g009616,1,208:52,1,1,1,0,0,52,0,0,1
g009649,0.5,258:2,2,2,2,0,0,2,0,0,0
g009669,0.5,258:2,2,2,2,0,0,2,2,0,0
g009679,0.5,235:25,2,2,1,1,0,25,0,0,1
g009685,0.5,257:3,2,2,2,0,0,3,2,0,0
g009688,1,258:2,1,1,1,0,0,2,1,0,1
g009691,0.5,254:6,2,2,2,0,0,6,1,0,0
g009692,0.5,258:2,2,2,2,0,0,2,0,0,0
g009695,0.5,257:3,2,2,2,0,0,3,1,0,0
g009697,1,258:2,1,1,1,0,0,2,1,0,1
g009699,0.333333333333333,257:3,3,3,3,0,0,3,1,0,0
g009700,0.2,255:5,5,5,5,0,0,5,0,0,0
g009704,1,252:8,1,1,1,0,0,8,1,0,1
g009706,0.5,256:4,2,2,2,0,0,4,1,0,0
g009708,0.25,255:5,4,4,4,0,0,5,1,0,0
g009710,0.5,258:2,2,2,2,0,0,2,1,0,0
g009712,0.5,258:2,2,2,2,0,0,2,1,0,0
g009714,1,258:2,1,1,1,0,0,2,1,0,1
g009715,0.166666666666667,249:11,6,6,6,1,0,11,1,0,0
g009721,0.5,258:2,2,2,2,0,0,2,1,0,0
g009723,0.333333333333333,257:3,3,3,3,0,0,3,1,0,0
g009724,0.5,258:2,2,2,2,0,0,2,1,0,0
g009725,1,257:3,1,1,1,0,0,3,1,0,1
g009726,0.5,258:2,2,2,2,0,0,2,1,0,0
g009734,1,258:2,1,1,1,0,0,2,0,0,1
g009736,0.5,258:2,2,2,2,0,0,2,1,0,0
g009740,1,244:16,1,1,1,0,0,16,1,0,1
g009741,1,256:4,1,1,1,0,0,4,1,0,1
g009749,0.5,258:2,2,2,2,0,0,2,1,0,0
g009750,0.5,255:5,2,2,2,0,0,5,1,0,0
g009756,0.5,258:2,2,2,2,0,0,2,1,0,0
g009759,1,257:3,1,1,1,0,0,3,1,0,1
g009770,1,257:3,1,1,1,0,0,3,1,0,1
g009775,0.5,258:2,2,2,2,0,0,2,0,0,0
g009780,1,258:2,1,1,1,0,0,2,0,0,1
g009787,1,258:2,1,1,1,0,0,2,0,0,1
g009793,0.5,258:2,2,2,2,0,0,2,1,0,0
g009799,0.5,258:2,2,2,2,0,0,2,1,0,0
g009801,1,258:2,1,1,1,0,0,2,1,0,1
g009803,1,252:8,1,1,1,0,0,8,1,0,1
g009808,0.2,249:11,5,5,5,1,0,11,1,0,0
g009810,1,256:4,1,1,1,0,0,4,1,0,1
g009813,1,256:4,1,1,1,0,0,4,0,0,1
g009818,1,257:3,1,1,1,0,0,3,1,0,1
g009821,0.5,257:3,2,2,2,1,0,3,1,0,0
g009824,1,258:2,1,1,1,0,0,2,1,0,1
g009827,1,258:2,1,1,1,0,0,2,1,0,1
g009833,1,258:2,1,1,1,0,0,2,1,0,1
g009838,0.5,258:2,2,2,2,0,0,2,1,0,0
g009845,1,254:6,1,1,1,0,0,6,1,0,1
g009850,1,258:2,1,1,1,0,0,2,1,0,1
g009851,0.5,256:4,2,2,2,0,0,4,1,0,0
g009865,0.333333333333333,256:4,3,3,3,0,0,4,2,0,0
g009867,0.5,243:17,2,2,2,0,0,17,0,0,0
g009868,0.5,258:2,2,2,2,0,0,2,0,0,0
g009876,0.5,258:2,2,2,2,0,0,2,1,0,0
g009878,1,256:4,1,1,1,0,0,4,1,0,1
g009883,0.333333333333333,256:4,3,3,2,1,0,4,0,0,0
g009884,1,258:2,1,1,1,0,0,2,0,0,1
g009891,1,254:6,1,1,1,0,0,6,0,0,1
g009901,1,258:2,1,1,1,0,0,2,1,0,1
g009902,1,257:3,1,1,1,0,0,3,0,0,1
g009908,0.5,258:2,2,2,2,0,0,2,1,0,0
g009914,0.0909090909090909,224:36,11,11,9,2,0,36,2,0,0
g009916,1,256:4,1,1,1,0,0,4,0,0,1
g009918,1,258:2,1,1,1,0,0,2,0,0,1
g009920,0.333333333333333,252:8,3,3,1,2,0,8,0,0,1
g009937,0.5,258:2,2,2,2,0,0,2,0,0,0
g009945,0.333333333333333,257:3,3,3,3,0,0,3,0,0,0
g009949,1,256:4,1,1,1,0,0,4,1,0,1
g009951,0.5,258:2,2,2,2,0,0,2,1,0,0
g009960,0.5,256:4,2,2,2,0,0,4,1,0,0
g009962,0.333333333333333,256:4,3,3,3,1,0,4,1,0,0
g009963,0.5,258:2,2,2,2,0,0,2,2,0,0
g009965,1,258:2,1,1,1,0,0,2,0,0,1
g009967,0.5,258:2,2,2,2,0,0,2,1,0,0
g009970,0.5,258:2,2,2,2,0,0,2,1,0,0
g009974,0.25,255:5,4,4,4,0,0,5,2,0,0
g009975,1,258:2,1,1,1,0,0,2,0,0,1
g009987,0.5,258:2,2,2,2,0,0,2,2,0,0
g009991,0.5,258:2,2,2,2,0,0,2,1,0,0
g009993,1,258:2,1,1,1,0,0,2,1,0,1
g009996,1,258:2,1,1,1,0,0,2,0,0,1
g010003,0.5,257:3,2,2,2,0,0,3,2,0,0
g010007,1,257:3,1,1,1,0,0,3,1,0,1
g010012,0.333333333333333,256:4,3,3,3,0,0,4,1,0,0
g010020,0.25,255:5,4,4,4,0,0,5,2,0,0
g010027,0.5,258:2,2,2,2,0,0,2,0,0,0
g010029,0.25,255:5,4,4,4,1,0,5,1,0,0
g010041,0.5,258:2,2,2,2,0,0,2,1,0,0
g010045,0.5,257:3,2,2,1,1,0,3,1,0,1
g010046,0.2,255:5,5,5,5,1,0,5,1,0,0
g010047,0.5,258:2,2,2,2,0,0,2,2,0,0
g010050,0.5,258:2,2,2,2,0,0,2,1,0,0
g010055,0.333333333333333,256:4,3,3,3,0,0,4,0,0,0
g010058,1,254:6,1,1,1,0,0,6,1,0,1
g010061,0.5,258:2,2,2,2,0,0,2,0,0,0
g010064,0.333333333333333,257:3,3,3,3,0,0,3,1,0,0
g010065,1,256:4,1,1,1,0,0,4,1,0,1
g010071,0.5,257:3,2,2,2,0,0,3,0,0,0
g010072,0.5,258:2,2,2,2,0,0,2,0,0,0
g010077,0.5,258:2,2,2,2,0,0,2,1,0,0
g010078,1,257:3,1,1,1,0,0,3,0,0,1
g010105,0.5,258:2,2,2,2,0,0,2,2,0,0
g010106,0.2,247:13,5,5,4,1,0,13,1,0,0
g010107,0.5,258:2,2,2,2,0,0,2,0,0,0
g010113,0.2,247:13,5,5,4,1,0,13,1,0,0
g010114,0.25,252:8,4,4,3,1,0,8,0,0,0
g010121,0.333333333333333,256:4,3,3,2,1,0,4,1,0,0
g010123,0.333333333333333,257:3,3,3,3,0,0,3,1,0,0
g010127,0.5,258:2,2,2,1,1,0,2,1,0,1
g010129,1,258:2,1,1,1,0,0,2,1,0,1
g010134,0.5,258:2,2,2,2,0,0,2,1,0,0
g010136,0.5,258:2,2,2,2,0,0,2,2,0,0
g010144,0.5,258:2,2,2,2,0,0,2,2,0,0
g010148,1,258:2,1,1,1,0,0,2,1,0,1
g010169,1,258:2,1,1,1,0,0,2,0,0,1
g010171,0.5,258:2,2,2,2,0,0,2,0,0,0
g010173,0.166666666666667,229:31,6,6,2,4,0,31,1,0,0
g010180,0.25,247:13,4,4,4,0,0,13,0,0,0
g010183,0.333333333333333,256:4,3,3,3,0,0,4,2,0,0
g010185,1,256:4,1,1,1,0,0,4,1,0,1
g010186,0.5,258:2,2,2,2,0,0,2,1,0,0
g010191,0.5,258:2,2,2,2,0,0,2,1,0,0
g010194,0.25,256:4,4,4,4,0,0,4,1,0,0
g010195,0.5,256:4,2,2,2,0,0,4,1,0,0
g010196,0.5,258:2,2,2,2,0,0,2,1,0,0
g010197,0.5,258:2,2,2,2,0,0,2,1,0,0
g010198,0.25,255:5,4,4,4,0,0,5,1,0,0
g010199,1,257:3,1,1,1,0,0,3,1,0,1
g010203,0.5,257:3,2,2,2,0,0,3,1,0,0
g010204,1,256:4,1,1,1,0,0,4,1,0,1
g010213,0.166666666666667,249:11,6,6,6,1,0,11,1,0,0
g010214,0.5,256:4,2,2,2,0,0,4,1,0,0
g010221,1,258:2,1,1,1,0,0,2,1,0,1
g010222,1,258:2,1,1,1,0,0,2,1,0,1
g010223,0.5,257:3,2,2,2,0,0,3,1,0,0
g010224,0.5,258:2,2,2,2,0,0,2,2,0,0
g010225,1,257:3,1,1,1,0,0,3,1,0,1
g010226,0.5,258:2,2,2,2,0,0,2,1,0,0
g010235,1,258:2,1,1,1,0,0,2,0,0,1
g010236,0.5,258:2,2,2,2,0,0,2,1,0,0
g010237,0.5,257:3,2,2,2,0,0,3,1,0,0
g010241,0.5,257:3,2,2,2,0,0,3,2,0,0
g010242,1,258:2,1,1,1,0,0,2,1,0,1
g010244,0.333333333333333,255:5,3,3,3,0,0,5,1,0,0
g010248,1,255:5,1,1,1,0,0,5,0,0,1
g010249,1,258:2,1,1,1,0,0,2,0,0,1
g010252,0.5,254:6,2,2,2,0,0,6,0,0,0
g010253,0.5,258:2,2,2,2,0,0,2,1,0,0
g010257,0.5,254:6,2,2,2,0,0,6,1,0,0
g010259,0.5,258:2,2,2,2,0,0,2,2,0,0
g010262,0.333333333333333,256:4,3,3,3,0,0,4,1,0,0
g010263,0.25,250:10,4,4,4,0,0,10,1,0,0
g010264,1,258:2,1,1,1,0,0,2,1,0,1
g010267,1,255:5,1,1,1,0,0,5,1,0,1
g010269,0.2,250:10,5,5,5,0,0,10,1,0,0
g010271,1,258:2,1,1,1,0,0,2,1,0,1
g010272,0.25,252:8,4,4,4,1,0,8,0,0,0
g010273,1,258:2,1,1,1,0,0,2,1,0,1
g010274,1,254:6,1,1,1,0,0,6,1,0,1
g010277,1,258:2,1,1,1,0,0,2,0,0,1
g010280,0.333333333333333,251:9,3,3,3,0,0,9,0,0,0
g010300,0.5,258:2,2,2,2,0,0,2,0,0,0
g010302,0.333333333333333,255:5,3,3,3,0,0,5,1,0,0
g010303,0.5,258:2,2,2,2,0,0,2,1,0,0
g010305,0.5,258:2,2,2,2,0,0,2,1,0,0
g010306,0.5,256:4,2,2,2,0,0,4,1,0,0
g010309,0.2,255:5,5,5,5,1,0,5,1,0,0
g010313,0.166666666666667,249:11,6,6,5,1,0,11,1,0,0
g010314,0.5,258:2,2,2,2,0,0,2,1,0,0
g010315,0.5,258:2,2,2,2,0,0,2,1,0,0
g010323,0.333333333333333,257:3,3,3,3,0,0,3,1,0,0
g010324,0.5,258:2,2,2,2,0,0,2,1,0,0
g010332,0.25,243:17,4,4,3,1,0,17,1,0,0
g010333,0.5,256:4,2,2,2,0,0,4,1,0,0
g010334,1,258:2,1,1,1,0,0,2,0,0,1
g010335,1,257:3,1,1,1,0,0,3,1,0,1
g010337,0.5,258:2,2,2,2,0,0,2,1,0,0
g010338,0.333333333333333,255:5,3,3,3,0,0,5,1,0,0
g010339,0.5,257:3,2,2,2,0,0,3,1,0,0
g010341,0.5,258:2,2,2,2,0,0,2,1,0,0
g010347,0.5,258:2,2,2,2,0,0,2,1,0,0
g010349,0.5,258:2,2,2,2,0,0,2,1,0,0
g010350,0.333333333333333,257:3,3,3,3,0,0,3,1,0,0
g010351,0.5,258:2,2,2,2,0,0,2,0,0,0
g010355,0.5,255:5,2,2,2,0,0,5,1,0,0
g010356,1,256:4,1,1,1,0,0,4,1,0,1
g010365,1,257:3,1,1,1,0,0,3,1,0,1
g010367,0.333333333333333,257:3,3,3,3,0,0,3,1,0,0
g010376,1,258:2,1,1,1,0,0,2,0,0,1
g010379,0.333333333333333,255:5,3,3,3,0,0,5,1,0,0
g010381,1,258:2,1,1,1,0,0,2,0,0,1
g010382,0.5,258:2,2,2,2,0,0,2,1,0,0
g010385,0.5,257:3,2,2,2,0,0,3,2,0,0
g010388,1,257:3,1,1,1,0,0,3,1,0,1
g010390,0.333333333333333,255:5,3,3,3,0,0,5,1,0,0
g010391,0.5,257:3,2,2,2,0,0,3,1,0,0
g010393,0.333333333333333,250:10,3,3,2,1,0,10,1,0,0
g010395,0.5,258:2,2,2,2,0,0,2,1,0,0
g010398,0.25,251:9,4,4,4,0,0,9,1,0,0
g010399,0.5,258:2,2,2,2,0,0,2,1,0,0
g010401,0.5,258:2,2,2,2,0,0,2,1,0,0
g010402,0.333333333333333,257:3,3,3,3,0,0,3,1,0,0
g010407,0.25,255:5,4,4,3,1,0,5,1,0,0
g010416,0.333333333333333,256:4,3,3,3,0,0,4,1,0,0
g010419,0.5,249:11,2,2,2,1,0,11,0,0,0
g010425,1,258:2,1,1,1,0,0,2,1,0,1
g010427,0.5,258:2,2,2,2,0,0,2,1,0,0
g010430,0.5,258:2,2,2,2,0,0,2,0,0,0
g010433,0.5,257:3,2,2,2,0,0,3,2,0,0
g010438,1,258:2,1,1,1,0,0,2,1,0,1
g010440,0.5,258:2,2,2,2,0,0,2,0,0,0
g010442,1,258:2,1,1,1,0,0,2,1,0,1
g010448,1,257:3,1,1,1,0,0,3,1,0,1
g010452,0.25,256:4,4,4,4,0,0,4,2,0,0
g010453,0.142857142857143,233:27,7,7,6,2,0,27,1,0,0
g010461,1,255:5,1,1,1,0,0,5,1,0,1
g010464,1,257:3,1,1,1,0,0,3,1,0,1
g010467,0.166666666666667,229:31,6,6,3,4,0,31,1,0,0
g010472,0.5,258:2,2,2,2,0,0,2,1,0,0
g010476,1,244:16,1,1,1,0,0,16,1,0,1
g010477,1,258:2,1,1,1,0,0,2,0,0,1
g010478,0.5,256:4,2,2,2,0,0,4,2,0,0
g010486,0.125,240:20,8,8,8,0,0,20,2,0,0
g010487,0.25,252:8,4,4,4,0,0,8,0,0,0
g010494,1,258:2,1,1,1,0,0,2,0,0,1
g010495,0.2,247:13,5,5,4,1,0,13,1,0,0
g010496,0.5,258:2,2,2,1,1,0,2,1,0,1
g010497,1,256:4,1,1,1,0,0,4,1,0,1
g010501,0.5,255:5,2,2,2,0,0,5,1,0,0
g010506,0.5,258:2,2,2,2,0,0,2,2,0,0
g010514,0.333333333333333,257:3,3,3,3,0,0,3,1,0,0
g010517,0.333333333333333,256:4,3,3,3,0,0,4,1,0,0
g010518,1,258:2,1,1,1,0,0,2,1,0,1
g010522,0.25,254:6,4,4,4,0,0,6,0,0,0
g010523,0.333333333333333,255:5,3,3,3,0,0,5,1,0,0
g010524,0.5,257:3,2,2,2,0,0,3,0,0,0
g010527,0.5,256:4,2,2,2,0,0,4,1,0,0
g010530,0.5,258:2,2,2,2,0,0,2,0,0,0
g010531,0.25,255:5,4,4,4,1,0,5,1,0,0
g010534,1,255:5,1,1,1,0,0,5,1,0,1
g010537,1,257:3,1,1,1,0,0,3,1,0,1
g010540,0.333333333333333,252:8,3,3,1,2,0,8,0,0,1
g010542,0.5,258:2,2,2,2,0,0,2,1,0,0
g010543,0.5,258:2,2,2,2,0,0,2,0,0,0
g010546,0.333333333333333,256:4,3,3,3,1,0,4,1,0,0
g010547,0.25,255:5,4,4,4,0,0,5,1,0,0
g010548,1,258:2,1,1,1,0,0,2,0,0,1
g010549,1,256:4,1,1,1,0,0,4,0,0,1
g010551,0.5,258:2,2,2,2,0,0,2,1,0,0
g010552,0.5,258:2,2,2,2,0,0,2,1,0,0
g010560,0.333333333333333,257:3,3,3,3,0,0,3,1,0,0
g010562,0.166666666666667,252:8,6,6,6,0,0,8,0,0,0
g010563,0.5,258:2,2,2,2,0,0,2,1,0,0
g010566,0.5,258:2,2,2,2,0,0,2,1,0,0
g010567,0.25,255:5,4,4,4,0,0,5,2,0,0
g010569,0.5,258:2,2,2,2,0,0,2,1,0,0
g010573,1,258:2,1,1,1,0,0,2,1,0,1
g010574,0.25,252:8,4,4,4,0,0,8,1,0,0
g010575,0.333333333333333,255:5,3,3,3,0,0,5,1,0,0
g010576,1,256:4,1,1,1,0,0,4,1,0,1
g010578,1,258:2,1,1,1,0,0,2,1,0,1
g010579,1,258:2,1,1,1,0,0,2,1,0,1
g010583,0.25,251:9,4,4,4,0,0,9,1,0,0
g010590,0.5,255:5,2,2,2,0,0,5,1,0,0
g010593,0.5,258:2,2,2,2,0,0,2,1,0,0
g010596,0.5,257:3,2,2,2,0,0,3,2,0,0
g010598,0.5,258:2,2,2,2,0,0,2,0,0,0
g010600,0.5,257:3,2,2,2,0,0,3,2,0,0
g010603,0.25,256:4,4,4,4,0,0,4,1,0,0
g010604,1,258:2,1,1,1,0,0,2,1,0,1
g010613,0.5,257:3,2,2,2,0,0,3,2,0,0
g010615,0.5,256:4,2,2,2,0,0,4,1,0,0
g010616,0.25,255:5,4,4,4,1,0,5,1,0,0
g010618,1,256:4,1,1,1,0,0,4,1,0,1
g010626,0.333333333333333,257:3,3,3,3,0,0,3,1,0,0
g010628,0.333333333333333,256:4,3,3,3,1,0,4,0,0,0
g010629,0.5,257:3,2,2,2,0,0,3,0,0,0
g010631,1,255:5,1,1,1,0,0,5,1,0,1
g010634,0.5,258:2,2,2,2,0,0,2,1,0,0
g010643,0.333333333333333,257:3,3,3,3,0,0,3,1,0,0
g010644,0.5,258:2,2,2,2,1,0,2,1,0,0
g010648,0.25,255:5,4,4,4,0,0,5,1,0,0
g010652,0.333333333333333,256:4,3,3,3,0,0,4,1,0,0
g010654,1,258:2,1,1,1,0,0,2,1,0,1
g010657,0.5,258:2,2,2,2,0,0,2,1,0,0
g010659,1,257:3,1,1,1,0,0,3,1,0,1
g010665,0.333333333333333,257:3,3,3,3,0,0,3,1,0,0
g010666,0.5,258:2,2,2,2,0,0,2,2,0,0
g010672,0.2,254:6,5,5,5,0,0,6,2,0,0
g010674,0.5,256:4,2,2,2,0,0,4,1,0,0
g010675,1,256:4,1,1,1,0,0,4,1,0,1
g010679,0.333333333333333,257:3,3,3,3,0,0,3,1,0,0
g010682,0.25,250:10,4,4,4,0,0,10,1,0,0
g010683,0.5,258:2,2,2,2,1,0,2,1,0,0
g010687,0.5,256:4,2,2,2,0,0,4,0,0,0
g010688,1,258:2,1,1,1,0,0,2,1,0,1
g010694,1,257:3,1,1,1,0,0,3,0,0,1
g010700,1,256:4,1,1,1,0,0,4,1,0,1
g010702,0.2,253:7,5,5,5,1,0,7,0,0,0
g010706,0.25,255:5,4,4,4,1,0,5,1,0,0
g010710,0.5,258:2,2,2,2,0,0,2,1,0,0
g010715,0.25,190:70,4,4,3,1,0,70,0,0,0
g010716,0.5,257:3,2,2,2,0,0,3,1,0,0
g010721,0.5,258:2,2,2,2,0,0,2,1,0,0
g010722,0.5,258:2,2,2,2,0,0,2,1,0,0
g010723,0.5,258:2,2,2,2,0,0,2,0,0,0
g010725,0.333333333333333,257:3,3,3,3,0,0,3,1,0,0
g010736,1,208:52,1,1,1,0,0,52,0,0,1
g010741,0.5,257:3,2,2,2,0,0,3,1,0,0
g010742,1,256:4,1,1,1,0,0,4,1,0,1
g010746,0.5,258:2,2,2,2,0,0,2,1,0,0
g010749,0.5,258:2,2,2,2,0,0,2,2,0,0
g010758,0.5,256:4,2,2,2,0,0,4,1,0,0
g010760,0.5,254:6,2,2,2,0,0,6,1,0,0
g010761,1,256:4,1,1,1,0,0,4,1,0,1
g010762,0.5,258:2,2,2,2,0,0,2,1,0,0
g010763,0.5,258:2,2,2,2,0,0,2,1,0,0
g010764,0.5,257:3,2,2,2,0,0,3,1,0,0
g010765,0.333333333333333,257:3,3,3,3,0,0,3,1,0,0
g010768,0.5,258:2,2,2,2,0,0,2,1,0,0
g010775,1,254:6,1,1,1,0,0,6,1,0,1
g010776,0.5,255:5,2,2,2,0,0,5,1,0,0
g010777,1,257:3,1,1,1,0,0,3,1,0,1
g010778,0.5,258:2,2,2,2,0,0,2,1,0,0
g010779,0.5,257:3,2,2,2,0,0,3,1,0,0
g010782,0.5,258:2,2,2,2,0,0,2,2,0,0
g010788,0.333333333333333,257:3,3,3,3,0,0,3,1,0,0
g010789,0.5,256:4,2,2,2,0,0,4,1,0,0
g010791,0.5,258:2,2,2,2,0,0,2,1,0,0
g010794,1,256:4,1,1,1,0,0,4,0,0,1
g010796,0.333333333333333,255:5,3,3,3,0,0,5,1,0,0
g010801,0.5,258:2,2,2,2,0,0,2,1,0,0
g010802,0.5,258:2,2,2,2,0,0,2,1,0,0
g010804,0.5,258:2,2,2,2,0,0,2,1,0,0
g010806,0.5,258:2,2,2,2,0,0,2,1,0,0
g010808,0.5,258:2,2,2,2,0,0,2,1,0,0
g010810,0.5,258:2,2,2,2,0,0,2,1,0,0
g010812,0.25,255:5,4,4,3,1,0,5,1,0,0
g010817,0.5,257:3,2,2,2,0,0,3,1,0,0
g010833,1,208:52,1,1,1,0,0,52,0,0,1
g010834,0.5,255:5,2,2,2,0,0,5,1,0,0
g010835,0.5,258:2,2,2,2,0,0,2,1,0,0
g010838,0.5,257:3,2,2,2,0,0,3,1,0,0
g010844,1,256:4,1,1,1,0,0,4,1,0,1
g010846,1,255:5,1,1,1,0,0,5,1,0,1
g010849,0.333333333333333,257:3,3,3,3,0,0,3,1,0,0
g010851,0.5,252:8,2,2,1,1,0,8,1,0,1
g010853,0.5,258:2,2,2,2,0,0,2,1,0,0
g010855,1,258:2,1,1,1,0,0,2,0,0,1
g010856,1,258:2,1,1,1,0,0,2,1,0,1
g010857,0.5,257:3,2,2,2,0,0,3,0,0,0
g010858,0.25,252:8,4,4,4,1,0,8,0,0,0
g010859,1,258:2,1,1,1,0,0,2,1,0,1
g010863,0.333333333333333,257:3,3,3,3,0,0,3,1,0,0
g010864,0.5,257:3,2,2,2,0,0,3,2,0,0
g010866,0.166666666666667,252:8,6,6,6,0,0,8,0,0,0
g010868,0.2,254:6,5,5,5,0,0,6,0,0,0
g010873,1,258:2,1,1,1,0,0,2,0,0,1
g010875,0.5,258:2,2,2,2,0,0,2,1,0,0
g010879,0.5,258:2,2,2,2,0,0,2,1,0,0
g010885,0.5,258:2,2,2,2,0,0,2,0,0,0
g010892,0.5,258:2,2,2,2,0,0,2,1,0,0
g010898,0.333333333333333,257:3,3,3,3,0,0,3,0,0,0
g010907,1,257:3,1,1,1,0,0,3,1,0,1
g010915,1,244:16,1,1,1,0,0,16,1,0,1
g010918,1,256:4,1,1,1,0,0,4,1,0,1
g010921,1,257:3,1,1,1,0,0,3,1,0,1
g010922,1,258:2,1,1,1,0,0,2,0,0,1
g010926,1,258:2,1,1,1,0,0,2,1,0,1
g010927,0.5,258:2,2,2,2,0,0,2,1,0,0
g010929,0.333333333333333,257:3,3,3,3,0,0,3,1,0,0
g010932,0.166666666666667,243:17,6,6,4,3,0,17,0,0,0
g010938,0.333333333333333,255:5,3,3,3,0,0,5,1,0,0
g010939,0.333333333333333,257:3,3,3,3,0,0,3,1,0,0
g010942,0.5,258:2,2,2,2,0,0,2,2,0,0
g010947,0.5,254:6,2,2,2,0,0,6,1,0,0
g010948,1,258:2,1,1,1,0,0,2,1,0,1
g010951,0.5,257:3,2,2,2,0,0,3,1,0,0
g010958,1,258:2,1,1,1,0,0,2,1,0,1
g010960,0.2,254:6,5,5,5,0,0,6,2,0,0
g010962,0.333333333333333,256:4,3,3,3,1,0,4,1,0,0
g010972,0.5,258:2,2,2,2,0,0,2,1,0,0
g010974,0.5,258:2,2,2,2,0,0,2,0,0,0
g010975,1,258:2,1,1,1,0,0,2,0,0,1
g010976,0.5,257:3,2,2,2,0,0,3,1,0,0
g010981,0.5,258:2,2,2,2,0,0,2,1,0,0
g010984,0.5,258:2,2,2,2,0,0,2,2,0,0
g010986,0.5,258:2,2,2,2,0,0,2,2,0,0
g010990,0.5,258:2,2,2,2,0,0,2,2,0,0
g010992,0.333333333333333,254:6,3,3,3,0,0,6,1,0,0
g010993,0.5,257:3,2,2,2,0,0,3,0,0,0
g010995,0.5,258:2,2,2,2,0,0,2,0,0,0
g010996,1,254:6,1,1,1,0,0,6,1,0,1
g010999,1,258:2,1,1,1,0,0,2,0,0,1
g011002,0.2,253:7,5,5,4,1,0,7,1,0,0
g011004,0.5,258:2,2,2,2,0,0,2,1,0,0
g011011,0.5,258:2,2,2,2,0,0,2,1,0,0
g011017,1,256:4,1,1,1,0,0,4,1,0,1
g011018,0.5,258:2,2,2,2,0,0,2,1,0,0
g011023,0.5,254:6,2,2,2,0,0,6,1,0,0
g011028,0.5,258:2,2,2,2,0,0,2,1,0,0
g011035,0.5,258:2,2,2,2,0,0,2,1,0,0
g011036,0.5,257:3,2,2,2,0,0,3,1,0,0
g011037,0.5,258:2,2,2,2,0,0,2,1,0,0
g011038,1,258:2,1,1,1,0,0,2,0,0,1
g011042,0.5,257:3,2,2,2,0,0,3,1,0,0
g011043,1,256:4,1,1,1,0,0,4,1,0,1
g011052,0.333333333333333,257:3,3,3,3,0,0,3,2,0,0
g011055,0.333333333333333,257:3,3,3,3,0,0,3,1,0,0
g011056,0.5,257:3,2,2,2,0,0,3,2,0,0
g011060,0.5,258:2,2,2,2,0,0,2,2,0,0
g011062,1,257:3,1,1,1,0,0,3,1,0,1
g011063,0.5,258:2,2,2,2,0,0,2,1,0,0
g011064,0.5,258:2,2,2,2,0,0,2,1,0,0
g011065,0.5,258:2,2,2,2,0,0,2,0,0,0
g011066,1,256:4,1,1,1,0,0,4,1,0,1
g011068,0.5,258:2,2,2,2,0,0,2,2,0,0
g011071,0.5,256:4,2,2,2,0,0,4,1,0,0
g011075,0.5,257:3,2,2,2,1,0,3,1,0,0
g011076,1,258:2,1,1,1,0,0,2,1,0,1
g011082,0.5,258:2,2,2,2,0,0,2,1,0,0
g011087,0.25,255:5,4,4,4,0,0,5,1,0,0
g011089,1,256:4,1,1,1,0,0,4,1,0,1
g011092,0.25,255:5,4,4,4,0,0,5,1,0,0
g011096,0.5,258:2,2,2,2,0,0,2,1,0,0
g011098,0.333333333333333,257:3,3,3,3,0,0,3,1,0,0
g011099,0.333333333333333,256:4,3,3,3,0,0,4,1,0,0
g011103,0.5,257:3,2,2,2,0,0,3,1,0,0
g011107,1,254:6,1,1,1,0,0,6,0,0,1
g011110,0.25,255:5,4,4,3,1,0,5,2,0,0
g011112,0.5,258:2,2,2,2,0,0,2,2,0,0
g011113,0.5,257:3,2,2,2,0,0,3,1,0,0
g011116,0.5,258:2,2,2,2,0,0,2,1,0,0
g011118,0.5,258:2,2,2,2,0,0,2,1,0,0
g011119,0.5,258:2,2,2,2,0,0,2,2,0,0
g011120,0.5,258:2,2,2,2,0,0,2,0,0,0
g011121,0.5,258:2,2,2,2,0,0,2,1,0,0
g011126,0.5,258:2,2,2,2,0,0,2,0,0,0
g011128,1,258:2,1,1,1,0,0,2,1,0,1
g011133,0.5,258:2,2,2,2,0,0,2,1,0,0
g011134,1,258:2,1,1,1,0,0,2,1,0,1
g011135,0.5,256:4,2,2,2,0,0,4,1,0,0
g011138,1,258:2,1,1,1,0,0,2,0,0,1
g011139,1,258:2,1,1,1,0,0,2,0,0,1
g011141,1,255:5,1,1,1,0,0,5,1,0,1
g011143,0.333333333333333,257:3,3,3,3,0,0,3,1,0,0
g011146,0.5,258:2,2,2,2,0,0,2,1,0,0
g011148,0.5,258:2,2,2,2,0,0,2,0,0,0
g011149,1,258:2,1,1,1,0,0,2,1,0,1
g011150,0.25,252:8,4,4,4,1,0,8,0,0,0
g011152,0.25,255:5,4,4,4,0,0,5,1,0,0
g011153,1,258:2,1,1,1,0,0,2,0,0,1
g011154,0.5,258:2,2,2,2,0,0,2,1,0,0
g011161,1,254:6,1,1,1,0,0,6,1,0,1
g011162,0.25,255:5,4,4,4,0,0,5,1,0,0
g011163,0.333333333333333,257:3,3,3,3,0,0,3,1,0,0
g011166,1,257:3,1,1,1,0,0,3,1,0,1
g011168,1,258:2,1,1,1,0,0,2,1,0,1
g011169,0.5,258:2,2,2,2,0,0,2,2,1,0
g011179,1,258:2,1,1,1,0,0,2,1,0,1
g011182,0.166666666666667,243:17,6,6,4,3,0,17,0,0,0
g011184,0.5,256:4,2,2,2,0,0,4,1,0,0
g011185,0.25,256:4,4,4,4,0,0,4,1,0,0
g011186,0.5,256:4,2,2,2,0,0,4,1,0,0
g011187,0.5,256:4,2,2,2,0,0,4,1,0,0
g011188,0.25,255:5,4,4,4,0,0,5,1,0,0
g011191,0.5,258:2,2,2,2,0,0,2,0,0,0
g011200,0.5,258:2,2,2,2,0,0,2,1,0,0
g011204,1,258:2,1,1,1,0,0,2,1,0,1
g011206,1,255:5,1,1,1,0,0,5,0,0,1
g011208,0.333333333333333,255:5,3,3,3,0,0,5,1,0,0
g011210,0.333333333333333,257:3,3,3,3,0,0,3,1,0,0
g011215,0.5,251:9,2,2,2,0,0,9,2,0,0
g011217,1,258:2,1,1,1,0,0,2,0,0,1
g011218,0.166666666666667,253:7,6,6,6,0,0,7,2,0,0
g011229,1,258:2,1,1,1,0,0,2,1,0,1
g011230,1,258:2,1,1,1,0,0,2,1,0,1
g011231,0.333333333333333,257:3,3,3,3,0,0,3,1,0,0
g011235,0.5,257:3,2,2,2,0,0,3,1,0,0
g011243,1,234:26,1,1,1,0,0,26,0,0,1
g011244,0.142857142857143,233:27,7,7,6,2,0,27,1,0,0
g011247,1,257:3,1,1,1,0,0,3,0,0,1
g011250,0.333333333333333,257:3,3,3,3,0,0,3,0,0,0
g011258,0.333333333333333,257:3,3,3,3,0,0,3,1,0,0
g011261,0.5,236:24,2,2,1,1,0,24,1,0,1
g011262,1,234:26,1,1,1,0,0,26,1,0,1
g011268,1,258:2,1,1,1,0,0,2,1,0,1
g011270,1,257:3,1,1,1,0,0,3,1,0,1
g011273,0.5,257:3,2,2,2,1,0,3,0,0,0
g011283,0.5,243:17,2,2,2,1,0,17,0,0,0
g011287,0.25,256:4,4,4,4,0,0,4,2,0,0
g011291,0.333333333333333,257:3,3,3,2,1,0,3,1,0,0
g011294,0.5,258:2,2,2,2,0,0,2,1,0,0
g011295,0.5,258:2,2,2,2,0,0,2,0,0,0
g011307,0.5,258:2,2,2,2,0,0,2,0,0,0
g011310,0.5,258:2,2,2,2,0,0,2,1,0,0
g011311,0.5,258:2,2,2,2,0,0,2,1,0,0
g011314,0.333333333333333,257:3,3,3,3,0,0,3,1,0,0
g011318,0.2,255:5,5,5,4,1,0,5,1,0,0
g011319,0.5,258:2,2,2,2,0,0,2,1,0,0
g011322,0.333333333333333,257:3,3,3,3,0,0,3,1,0,0
g011327,1,258:2,1,1,1,0,0,2,1,0,1
g011329,1,256:4,1,1,1,0,0,4,1,0,1
g011331,0.5,258:2,2,2,2,0,0,2,1,0,0
g011332,0.333333333333333,257:3,3,3,3,0,0,3,1,0,0
g011335,0.5,258:2,2,2,2,0,0,2,0,0,0
g011339,0.2,252:8,5,5,5,0,0,8,1,0,0
g011342,0.0909090909090909,240:20,11,11,11,2,0,20,0,0,0
g011348,0.5,254:6,2,2,2,0,0,6,1,0,0
g011353,1,258:2,1,1,1,0,0,2,1,0,1
g011354,1,258:2,1,1,1,0,0,2,0,0,1
g011360,1,258:2,1,1,1,0,0,2,0,0,1
g011362,0.333333333333333,242:18,3,3,3,0,0,18,1,0,0
g011364,0.5,258:2,2,2,2,0,0,2,2,0,0
g011366,0.166666666666667,246:14,6,6,4,4,0,14,0,0,0
g011375,0.25,255:5,4,4,4,1,0,5,1,0,0
g011377,1,254:6,1,1,1,0,0,6,0,0,1
g011378,0.333333333333333,257:3,3,3,3,0,0,3,1,0,0
g011380,1,258:2,1,1,1,0,0,2,1,0,1
g011381,0.5,257:3,2,2,2,0,0,3,0,0,0
g011385,1,208:52,1,1,1,0,0,52,0,0,1
g011386,0.333333333333333,256:4,3,3,2,1,0,4,0,0,0
g011388,0.5,257:3,2,2,2,0,0,3,0,0,0
g011397,0.5,258:2,2,2,2,0,0,2,1,0,0
g011407,0.5,258:2,2,2,2,0,0,2,0,0,0
g011409,0.5,258:2,2,2,2,0,0,2,0,0,0
g011415,1,257:3,1,1,1,0,0,3,1,0,1
g011420,0.333333333333333,257:3,3,3,3,0,0,3,1,0,0
g011425,0.5,258:2,2,2,2,0,0,2,2,0,0
g011428,1,256:4,1,1,1,0,0,4,0,0,1
g011455,0.5,258:2,2,2,2,0,0,2,1,0,0
g011456,0.333333333333333,255:5,3,3,3,0,0,5,1,0,0
g011458,0.333333333333333,256:4,3,3,2,1,0,4,1,0,0
g011467,0.166666666666667,249:11,6,6,6,1,0,11,1,0,0
g011469,1,256:4,1,1,1,0,0,4,1,0,1
g011470,1,258:2,1,1,1,0,0,2,0,0,1
g011471,0.5,258:2,2,2,2,0,0,2,1,0,0
g011479,1,256:4,1,1,1,0,0,4,1,0,1
g011488,0.25,255:5,4,4,4,1,0,5,1,0,0
g011490,0.5,258:2,2,2,2,0,0,2,1,0,0
g011492,1,258:2,1,1,1,0,0,2,0,0,1
g011496,0.5,258:2,2,2,2,0,0,2,1,0,0
g011497,0.333333333333333,256:4,3,3,3,0,0,4,1,0,0
g011498,0.166666666666667,254:6,6,6,5,1,0,6,0,0,0
g011500,0.5,258:2,2,2,2,0,0,2,0,0,0
g011501,0.5,258:2,2,2,2,0,0,2,1,0,0
g011502,0.333333333333333,257:3,3,3,3,0,0,3,1,0,0
g011512,0.5,258:2,2,2,2,0,0,2,1,0,0
g011514,0.333333333333333,257:3,3,3,3,0,0,3,1,0,0
g011528,1,257:3,1,1,1,0,0,3,0,0,1
g011529,0.5,256:4,2,2,2,0,0,4,1,0,0
g011530,1,258:2,1,1,1,0,0,2,1,0,1
g011533,1,258:2,1,1,1,0,0,2,1,0,1
g011538,1,257:3,1,1,1,0,0,3,1,0,1
g011540,0.25,254:6,4,4,4,1,0,6,0,0,0
g011541,1,257:3,1,1,1,0,0,3,0,0,1
g011548,0.5,258:2,2,2,2,0,0,2,0,0,0
g011550,0.5,258:2,2,2,2,0,0,2,1,0,0
g011552,0.5,258:2,2,2,2,0,0,2,1,0,0
g011557,1,244:16,1,1,1,0,0,16,1,0,1
g011558,1,236:24,1,1,1,0,0,24,1,0,1
g011565,0.2,255:5,5,5,5,0,0,5,1,0,0
g011575,0.333333333333333,254:6,3,3,3,0,0,6,1,0,0
g011576,0.5,258:2,2,2,2,0,0,2,1,0,0
g011577,0.166666666666667,254:6,6,6,6,0,0,6,1,0,0
g011580,0.25,255:5,4,4,4,1,0,5,1,0,0
g011585,0.333333333333333,257:3,3,3,3,0,0,3,1,0,0
g011589,0.5,258:2,2,2,2,0,0,2,1,0,0
g011592,0.5,236:24,2,2,1,1,0,24,1,0,1
g011593,0.5,257:3,2,2,2,0,0,3,0,0,0
g011594,0.5,254:6,2,2,2,0,0,6,1,0,0
g011595,0.333333333333333,251:9,3,3,2,1,0,9,1,0,0
g011596,0.25,252:8,4,4,4,1,0,8,0,0,0
g011600,0.333333333333333,257:3,3,3,3,0,0,3,1,0,0
g011601,1,257:3,1,1,1,0,0,3,0,0,1
g011602,0.5,257:3,2,2,2,0,0,3,1,0,0
g011605,0.5,258:2,2,2,2,0,0,2,0,0,0
g011612,1,257:3,1,1,1,0,0,3,1,0,1
g011613,0.333333333333333,252:8,3,3,1,2,0,8,0,0,1
g011614,0.25,255:5,4,4,4,0,0,5,1,0,0
g011615,1,258:2,1,1,1,0,0,2,1,0,1
g011618,0.5,256:4,2,2,2,0,0,4,1,0,0
g011624,1,258:2,1,1,1,0,0,2,1,0,1
g011625,0.25,252:8,4,4,3,1,0,8,0,0,0
g011629,1,258:2,1,1,1,0,0,2,0,0,1
g011630,0.5,258:2,2,2,2,0,0,2,1,0,0
g011631,0.5,253:7,2,2,2,0,0,7,1,0,0
g011637,0.333333333333333,257:3,3,3,3,0,0,3,0,0,0
g011638,1,258:2,1,1,1,0,0,2,0,0,1
g011643,0.25,255:5,4,4,4,0,0,5,1,0,0
g011645,0.5,256:4,2,2,2,0,0,4,1,0,0
g011646,0.5,258:2,2,2,2,0,0,2,1,0,0
g011648,0.333333333333333,257:3,3,3,3,0,0,3,1,0,0
g011652,1,258:2,1,1,1,0,0,2,1,0,1
g011653,1,254:6,1,1,1,0,0,6,1,0,1
g011655,1,258:2,1,1,1,0,0,2,1,0,1
g011661,0.5,258:2,2,2,2,0,0,2,0,0,0
g011664,0.5,258:2,2,2,2,0,0,2,1,0,0
g011670,0.5,258:2,2,2,2,0,0,2,2,0,0
g011672,0.5,257:3,2,2,2,0,0,3,1,0,0
g011673,0.5,258:2,2,2,2,0,0,2,1,0,0
g011676,0.5,257:3,2,2,2,0,0,3,2,0,0
g011678,0.111111111111111,248:12,9,9,8,1,0,12,0,0,0
g011679,1,258:2,1,1,1,0,0,2,1,0,1
g011680,1,257:3,1,1,1,0,0,3,1,0,1
g011683,1,258:2,1,1,1,0,0,2,1,0,1
g011685,0.5,257:3,2,2,2,0,0,3,0,0,0
g011688,0.5,254:6,2,2,2,0,0,6,1,0,0
g011697,0.5,257:3,2,2,2,0,0,3,2,0,0
g011699,0.25,255:5,4,4,4,1,0,5,1,0,0
g011702,0.5,257:3,2,2,2,0,0,3,0,0,0
g011704,0.5,258:2,2,2,2,0,0,2,1,0,0
g011705,0.5,254:6,2,2,2,0,0,6,1,0,0
g011713,0.333333333333333,257:3,3,3,3,0,0,3,1,0,0
g011715,0.5,258:2,2,2,2,0,0,2,1,0,0
g011718,0.5,254:6,2,2,2,0,0,6,1,0,0
g011720,0.5,258:2,2,2,2,1,0,2,1,0,0
g011722,1,258:2,1,1,1,0,0,2,0,0,1
g011723,1,258:2,1,1,1,0,0,2,0,0,1
g011724,1,258:2,1,1,1,0,0,2,0,0,1
g011727,0.5,258:2,2,2,2,0,0,2,1,0,0
g011729,1,254:6,1,1,1,0,0,6,1,0,1
g011731,1,258:2,1,1,1,0,0,2,1,0,1
g011737,0.0909090909090909,224:36,11,11,9,2,0,36,2,0,0
g011738,1,256:4,1,1,1,0,0,4,1,0,1
g011742,0.25,255:5,4,4,4,0,0,5,1,0,0
g011746,1,258:2,1,1,1,0,0,2,1,0,1
g011749,0.5,258:2,2,2,2,0,0,2,1,0,0
g011751,1,244:16,1,1,1,0,0,16,1,0,1
g011752,1,258:2,1,1,1,0,0,2,0,0,1
g011753,0.5,258:2,2,2,2,0,0,2,0,0,0
g011754,0.5,257:3,2,2,2,0,0,3,1,0,0
g011756,0.5,258:2,2,2,2,0,0,2,1,0,0
g011762,0.25,255:5,4,4,4,0,0,5,1,0,0
g011767,0.25,255:5,4,4,3,1,0,5,1,0,0
g011768,1,257:3,1,1,1,0,0,3,1,0,1
g011779,0.25,255:5,4,4,4,0,0,5,1,0,0
g011791,0.5,258:2,2,2,2,0,0,2,1,0,0
g011796,0.333333333333333,257:3,3,3,2,1,0,3,0,0,0
g011800,0.2,249:11,5,5,5,1,0,11,1,0,0
g011802,0.5,258:2,2,2,2,0,0,2,2,0,0
g011803,0.25,256:4,4,4,4,0,0,4,1,0,0
g011810,0.333333333333333,257:3,3,3,3,0,0,3,1,0,0
g011812,0.5,258:2,2,2,2,0,0,2,1,0,0
g011817,0.25,243:17,4,4,3,1,0,17,1,0,0
g011820,1,258:2,1,1,1,0,0,2,1,0,1
g011821,0.5,258:2,2,2,2,0,0,2,1,0,0
g011828,0.0454545454545455,113:147,22,22,16,9,0,147,1,0,0
g011835,1,257:3,1,1,1,0,0,3,0,0,1
g011836,1,258:2,1,1,1,0,0,2,0,0,1
g011839,0.5,258:2,2,2,2,0,0,2,1,0,0
g011840,0.5,257:3,2,2,2,0,0,3,1,0,0
g011845,0.5,257:3,2,2,2,0,0,3,2,0,0
g011849,0.25,255:5,4,4,4,1,0,5,1,0,0
g011856,1,258:2,1,1,1,0,0,2,1,0,1
g011858,0.5,258:2,2,2,2,0,0,2,2,0,0
g011859,0.25,247:13,4,4,4,0,0,13,0,0,0
g011863,1,257:3,1,1,1,0,0,3,1,0,1
g011866,0.5,258:2,2,2,2,0,0,2,1,0,0
g011870,0.1,239:21,10,10,10,1,0,21,0,0,0
g011872,1,258:2,1,1,1,0,0,2,1,0,1
g011873,0.166666666666667,253:7,6,6,6,0,0,7,2,0,0
g011875,0.5,258:2,2,2,2,0,0,2,1,0,0
g011880,0.5,257:3,2,2,2,0,0,3,2,0,0
g011882,0.2,254:6,5,5,5,0,0,6,1,0,0
g011885,1,258:2,1,1,1,0,0,2,1,0,1
g011886,0.5,258:2,2,2,2,0,0,2,1,0,0
g011890,0.5,258:2,2,2,2,0,0,2,1,0,0
g011892,0.2,254:6,5,5,5,0,0,6,2,0,0
g011901,1,235:25,1,1,1,0,0,25,0,0,1
g011903,1,258:2,1,1,1,0,0,2,1,0,1
g011907,0.333333333333333,255:5,3,3,3,0,0,5,1,0,0
g011910,0.5,258:2,2,2,2,0,0,2,2,0,0
g011914,0.25,255:5,4,4,4,0,0,5,1,0,0
g011915,0.2,254:6,5,5,5,0,0,6,2,0,0
g011916,1,257:3,1,1,1,0,0,3,0,0,1
g011918,1,258:2,1,1,1,0,0,2,0,0,1
g011919,1,258:2,1,1,1,0,0,2,0,0,1
g011932,1,252:8,1,1,1,0,0,8,1,0,1
g011937,0.333333333333333,257:3,3,3,3,0,0,3,1,0,0
g011938,0.5,258:2,2,2,2,0,0,2,2,0,0
g011940,0.5,257:3,2,2,2,0,0,3,2,0,0
g011942,1,258:2,1,1,1,0,0,2,0,0,1
g011944,0.25,235:25,4,4,3,1,0,25,1,0,0
g011945,0.5,258:2,2,2,2,0,0,2,2,0,0
g011950,0.333333333333333,256:4,3,3,3,0,0,4,1,0,0
g011952,0.5,258:2,2,2,2,0,0,2,0,0,0
g011958,0.5,255:5,2,2,2,0,0,5,1,0,0
g011960,0.5,256:4,2,2,2,0,0,4,1,0,0
g011967,0.5,256:4,2,2,2,0,0,4,1,0,0
g011968,0.2,254:6,5,5,4,1,0,6,1,0,0
g011971,0.5,258:2,2,2,2,0,0,2,0,0,0
g011972,0.5,258:2,2,2,2,0,0,2,1,0,0
g011977,0.25,255:5,4,4,3,1,0,5,1,0,0
g011984,1,236:24,1,1,1,0,0,24,1,0,1
g011985,0.333333333333333,234:26,3,3,2,1,0,26,1,0,0
g011988,0.142857142857143,253:7,7,7,7,0,0,7,1,0,0
g011989,0.333333333333333,257:3,3,3,3,0,0,3,0,0,0
g011990,0.5,258:2,2,2,2,0,0,2,1,0,0
g011992,1,254:6,1,1,1,0,0,6,1,0,1
g011995,1,258:2,1,1,1,0,0,2,1,0,1
g012000,0.5,258:2,2,2,2,0,0,2,1,0,0
g012002,1,258:2,1,1,1,0,0,2,0,0,1
g012003,0.333333333333333,252:8,3,3,1,2,0,8,0,0,1
g012007,0.333333333333333,257:3,3,3,3,0,0,3,0,0,0
g012009,0.5,257:3,2,2,2,0,0,3,0,0,0
g012011,0.5,251:9,2,2,2,0,0,9,1,0,0
g012012,0.5,257:3,2,2,2,0,0,3,0,0,0
g012013,1,257:3,1,1,1,0,0,3,0,0,1
g012016,0.5,258:2,2,2,2,0,0,2,0,0,0
g012021,0.166666666666667,239:21,6,6,5,2,0,21,0,0,0
g012022,0.25,255:5,4,4,4,0,0,5,2,0,0
g012027,0.1,225:35,10,10,8,2,0,35,2,0,0
g012028,1,258:2,1,1,1,0,0,2,0,0,1
g012035,0.5,258:2,2,2,2,0,0,2,0,0,0
g012040,0.5,243:17,2,2,2,0,0,17,0,0,0
g012041,1,258:2,1,1,1,0,0,2,1,0,1
g012043,0.5,258:2,2,2,2,0,0,2,1,0,0
g012045,0.5,258:2,2,2,2,0,0,2,1,0,0
g012061,0.142857142857143,247:13,7,7,4,4,0,13,1,0,0
g012062,0.5,254:6,2,2,2,0,0,6,1,0,0
g012063,0.2,251:9,5,5,4,1,0,9,0,0,0
g012065,0.5,254:6,2,2,2,0,0,6,1,0,0
g012066,0.25,252:8,4,4,4,0,0,8,0,0,0
g012067,0.5,258:2,2,2,2,0,0,2,1,0,0
g012072,0.5,257:3,2,2,2,0,0,3,1,0,0
g012078,1,258:2,1,1,1,0,0,2,0,0,1
g012079,0.2,251:9,5,5,5,0,0,9,2,0,0
g012081,1,255:5,1,1,1,0,0,5,1,0,1
g012082,0.2,254:6,5,5,5,0,0,6,2,0,0
g012085,0.25,252:8,4,4,4,1,0,8,0,0,0
g012090,0.5,258:2,2,2,2,0,0,2,1,0,0
g012091,1,258:2,1,1,1,0,0,2,1,0,1
g012094,0.2,254:6,5,5,5,0,0,6,2,0,0
g012104,1,258:2,1,1,1,0,0,2,1,0,1
g012106,0.5,258:2,2,2,2,0,0,2,0,0,0
g012114,0.25,250:10,4,4,4,1,0,10,1,0,0
g012118,0.5,258:2,2,2,2,0,0,2,1,0,0
g012123,0.2,250:10,5,5,5,0,0,10,0,0,0
g012124,1,258:2,1,1,1,0,0,2,1,0,1
g012127,0.25,256:4,4,4,4,0,0,4,2,0,0
g012136,0.5,258:2,2,2,2,0,0,2,1,0,0
g012140,0.166666666666667,229:31,6,6,2,4,0,31,1,0,0
g012145,1,254:6,1,1,1,0,0,6,0,0,1
g012149,1,257:3,1,1,1,0,0,3,1,0,1
g012159,1,244:16,1,1,1,0,0,16,0,0,1
g012161,0.5,254:6,2,2,2,0,0,6,1,0,0
g012162,0.333333333333333,256:4,3,3,3,1,0,4,1,0,0
g012166,0.5,258:2,2,2,2,0,0,2,0,0,0
g012175,0.2,234:26,5,5,5,0,0,26,1,0,0
g012176,0.25,250:10,4,4,2,2,0,10,2,0,0
g012177,1,256:4,1,1,1,0,0,4,1,0,1
g012179,1,255:5,1,1,1,0,0,5,1,0,1
g012181,1,258:2,1,1,1,0,0,2,1,0,1
g012188,1,258:2,1,1,1,0,0,2,1,0,1
g012190,0.5,258:2,2,2,2,0,0,2,1,0,0
g012191,1,258:2,1,1,1,0,0,2,0,0,1
g012193,1,258:2,1,1,1,0,0,2,0,0,1
g012194,0.5,258:2,2,2,2,0,0,2,1,0,0
g012195,0.5,258:2,2,2,2,0,0,2,1,0,0
g012196,0.333333333333333,236:24,3,3,2,1,0,24,1,0,0
g012207,0.5,257:3,2,2,2,0,0,3,2,0,0
g012209,0.333333333333333,210:50,3,3,2,2,0,50,0,0,0
g012211,1,258:2,1,1,1,0,0,2,0,0,1
g012213,0.333333333333333,257:3,3,3,3,0,0,3,1,0,0
g012214,0.5,257:3,2,2,2,0,0,3,0,0,0
g012215,0.333333333333333,257:3,3,3,3,0,0,3,0,0,0
g012217,0.5,258:2,2,2,2,0,0,2,1,0,0
g012222,1,258:2,1,1,1,0,0,2,0,0,1
g012223,0.333333333333333,256:4,3,3,3,0,0,4,1,0,0
g012224,1,258:2,1,1,1,0,0,2,1,0,1
g012225,0.142857142857143,252:8,7,7,7,1,0,8,1,0,0
g012228,0.5,258:2,2,2,2,0,0,2,1,0,0
g012232,0.333333333333333,256:4,3,3,3,0,0,4,2,0,0
g012238,0.5,204:56,2,2,2,0,0,56,1,0,0
g012239,0.25,253:7,4,4,4,0,0,7,2,0,0
g012242,0.125,252:8,8,8,8,0,0,8,2,0,0
g012246,0.5,251:9,2,2,2,0,0,9,1,0,0
g012258,0.5,258:2,2,2,2,0,0,2,1,0,0
g012267,0.333333333333333,256:4,3,3,3,0,0,4,2,0,0
g012271,0.5,258:2,2,2,2,0,0,2,0,0,0
g012288,0.5,204:56,2,2,2,0,0,56,1,0,0
g012289,0.5,258:2,2,2,2,0,0,2,1,0,0
g012290,0.333333333333333,245:15,3,3,3,0,0,15,1,0,0
g012293,0.5,257:3,2,2,2,0,0,3,1,0,0
g012298,0.5,258:2,2,2,2,0,0,2,0,0,0
g012299,1,258:2,1,1,1,0,0,2,1,0,1
g012301,0.333333333333333,256:4,3,3,3,0,0,4,1,0,0
g012307,0.142857142857143,245:15,7,7,6,1,0,15,1,0,0
g012314,0.333333333333333,256:4,3,3,3,0,0,4,2,0,0
g012318,0.5,258:2,2,2,2,0,0,2,2,0,0
g012321,0.5,257:3,2,2,2,0,0,3,2,0,0
g012324,0.5,258:2,2,2,2,0,0,2,0,0,0
g012325,1,255:5,1,1,1,0,0,5,1,0,1
g012326,1,257:3,1,1,1,0,0,3,0,0,1
g012327,0.5,256:4,2,2,2,0,0,4,1,0,0
g012341,0.2,247:13,5,5,4,1,0,13,1,0,0
g012343,0.333333333333333,245:15,3,3,2,1,0,15,1,0,0
g012345,0.333333333333333,257:3,3,3,3,0,0,3,0,0,0
g012347,0.333333333333333,254:6,3,3,3,0,0,6,1,0,0
g012358,0.142857142857143,245:15,7,7,7,1,0,15,1,0,0
g012369,0.142857142857143,222:38,7,7,1,6,0,38,1,0,1
g012371,0.166666666666667,250:10,6,6,3,3,0,10,0,0,0
g012373,1,258:2,1,1,1,0,0,2,1,0,1
g012375,0.2,249:11,5,5,4,1,0,11,1,0,0
g012379,1,258:2,1,1,1,0,0,2,0,0,1
g012380,1,257:3,1,1,1,0,0,3,1,0,1
g012381,0.333333333333333,256:4,3,3,3,0,0,4,1,0,0
g012384,0.5,257:3,2,2,2,0,0,3,2,0,0
g012387,0.333333333333333,252:8,3,3,1,2,0,8,0,0,1
g012405,0.5,258:2,2,2,2,0,0,2,0,0,0
g012408,1,257:3,1,1,1,0,0,3,0,0,1
g012414,0.333333333333333,254:6,3,3,3,0,0,6,1,0,0
g012415,0.5,258:2,2,2,2,0,0,2,2,0,0
g012432,0.5,256:4,2,2,2,0,0,4,0,0,0
g012435,0.25,255:5,4,4,3,1,0,5,1,0,0
g012436,0.5,257:3,2,2,2,0,0,3,0,0,0
g012437,1,258:2,1,1,1,0,0,2,0,0,1
g012438,1,258:2,1,1,1,0,0,2,1,0,1
g012441,0.5,258:2,2,2,2,0,0,2,0,0,0
g012444,0.333333333333333,252:8,3,3,1,2,0,8,0,0,1
g012461,1,258:2,1,1,1,0,0,2,1,0,1
g012465,0.5,258:2,2,2,2,0,0,2,0,0,0
g012467,1,252:8,1,1,1,0,0,8,1,0,1
g012475,0.2,255:5,5,5,5,0,0,5,0,0,0
g012477,1,254:6,1,1,1,0,0,6,1,0,1
g012479,1,258:2,1,1,1,0,0,2,1,0,1
g012484,1,257:3,1,1,1,0,0,3,1,0,1
g012488,1,256:4,1,1,1,0,0,4,0,0,1
g012489,0.5,257:3,2,2,2,0,0,3,0,0,0
g012499,0.5,258:2,2,2,2,0,0,2,0,0,0
g012505,1,244:16,1,1,1,0,0,16,1,0,1
g012506,1,244:16,1,1,1,0,0,16,1,0,1
g012508,0.5,258:2,2,2,2,0,0,2,1,0,0
g012509,0.142857142857143,253:7,7,7,7,0,0,7,1,0,0
g012510,0.25,255:5,4,4,4,0,0,5,2,0,0
g012512,1,257:3,1,1,1,0,0,3,1,0,1
g012516,1,256:4,1,1,1,0,0,4,1,0,1
g012521,0.5,258:2,2,2,2,0,0,2,1,0,0
g012525,0.166666666666667,253:7,6,6,6,0,0,7,2,0,0
g012529,1,252:8,1,1,1,0,0,8,1,0,1
g012532,0.5,258:2,2,2,2,0,0,2,2,0,0
g012534,0.333333333333333,256:4,3,3,3,0,0,4,1,0,0
g012542,0.5,258:2,2,2,2,0,0,2,1,0,0
g012543,0.5,258:2,2,2,2,0,0,2,1,0,0
g012546,0.25,255:5,4,4,4,1,0,5,1,0,0
g012556,0.5,258:2,2,2,2,0,0,2,1,0,0
g012558,1,258:2,1,1,1,0,0,2,1,0,1
g012559,0.333333333333333,257:3,3,3,3,0,0,3,0,0,0
g012562,1,257:3,1,1,1,0,0,3,0,0,1
g012573,0.5,258:2,2,2,2,0,0,2,2,0,0
g012582,1,256:4,1,1,1,0,0,4,1,0,1
g012583,0.25,256:4,4,4,4,0,0,4,1,0,0
g012584,1,258:2,1,1,1,0,0,2,1,0,1
g012587,0.25,255:5,4,4,4,0,0,5,1,0,0
g012595,1,254:6,1,1,1,0,0,6,0,0,1
g012596,0.166666666666667,254:6,6,6,6,0,0,6,1,0,0
g012598,0.5,251:9,2,2,2,0,0,9,1,0,0
g012610,0.166666666666667,229:31,6,6,3,3,0,31,1,0,0
g012611,0.142857142857143,233:27,7,7,6,2,0,27,1,0,0
g012612,1,256:4,1,1,1,0,0,4,1,0,1
g012613,0.5,258:2,2,2,2,0,0,2,0,0,0
g012614,1,258:2,1,1,1,0,0,2,0,0,1
g012615,1,257:3,1,1,1,0,0,3,0,0,1
g012619,0.5,258:2,2,2,2,0,0,2,0,0,0
g012620,0.5,258:2,2,2,2,0,0,2,1,0,0
g012623,0.5,249:11,2,2,2,1,0,11,0,0,0
g012627,0.333333333333333,256:4,3,3,3,0,0,4,1,0,0
g012628,1,257:3,1,1,1,0,0,3,0,0,1
g012633,0.5,258:2,2,2,2,0,0,2,1,0,0
g012636,1,258:2,1,1,1,0,0,2,1,0,1
g012645,0.333333333333333,256:4,3,3,3,0,0,4,0,0,0
g012647,1,258:2,1,1,1,0,0,2,1,0,1
g012650,0.5,257:3,2,2,2,0,0,3,1,0,0
g012653,0.5,258:2,2,2,2,0,0,2,0,0,0
g012658,0.25,255:5,4,4,4,1,0,5,1,0,0
g012668,0.5,256:4,2,2,2,0,0,4,1,0,0
g012670,0.142857142857143,253:7,7,7,7,0,0,7,1,0,0
g012672,0.333333333333333,256:4,3,3,3,1,0,4,0,0,0
g012675,0.333333333333333,257:3,3,3,3,0,0,3,1,0,0
g012677,0.25,255:5,4,4,4,0,0,5,1,0,0
g012681,0.5,258:2,2,2,2,0,0,2,1,0,0
g012683,1,258:2,1,1,1,0,0,2,0,0,1
g012685,0.5,257:3,2,2,2,0,0,3,2,0,0
g012689,0.5,258:2,2,2,2,0,0,2,1,0,0
g012692,0.333333333333333,257:3,3,3,3,0,0,3,1,0,0
g012694,0.333333333333333,256:4,3,3,3,0,0,4,1,0,0
g012698,0.5,257:3,2,2,2,0,0,3,2,0,0
g012700,1,257:3,1,1,1,0,0,3,1,0,1
g012702,0.5,258:2,2,2,2,0,0,2,1,0,0
g012704,1,258:2,1,1,1,0,0,2,0,0,1
g012706,0.2,249:11,5,5,5,1,0,11,1,0,0
g012708,1,255:5,1,1,1,0,0,5,1,0,1
g012709,1,256:4,1,1,1,0,0,4,0,0,1
g012711,0.5,258:2,2,2,2,0,0,2,2,0,0
g012712,0.5,258:2,2,2,2,0,0,2,0,0,0
g012713,1,258:2,1,1,1,0,0,2,0,0,1
g012717,0.5,257:3,2,2,2,0,0,3,2,0,0
g012720,0.5,258:2,2,2,2,0,0,2,1,0,0
g012721,0.5,258:2,2,2,2,0,0,2,1,0,0
g012723,0.5,258:2,2,2,2,0,0,2,0,0,0
g012740,1,258:2,1,1,1,0,0,2,1,0,1
g012741,1,255:5,1,1,1,0,0,5,1,0,1
g012742,0.333333333333333,257:3,3,3,3,0,0,3,1,0,0
g012748,0.333333333333333,257:3,3,3,3,0,0,3,1,0,0
g012751,0.5,258:2,2,2,2,0,0,2,0,0,0
g012753,0.25,254:6,4,4,4,0,0,6,0,0,0
g012754,0.5,257:3,2,2,2,0,0,3,1,0,0
g012758,0.5,258:2,2,2,2,0,0,2,1,0,0
g012759,1,257:3,1,1,1,0,0,3,1,0,1
g012777,0.333333333333333,256:4,3,3,3,0,0,4,1,0,0
g012778,1,244:16,1,1,1,0,0,16,1,0,1
g012779,1,258:2,1,1,1,0,0,2,0,0,1
g012781,0.166666666666667,253:7,6,6,6,0,0,7,0,0,0
g012783,0.25,255:5,4,4,4,1,0,5,1,0,0
g012786,0.5,255:5,2,2,2,0,0,5,1,0,0
g012788,0.5,258:2,2,2,2,0,0,2,2,0,0
g012798,1,258:2,1,1,1,0,0,2,1,0,1
g012803,0.5,254:6,2,2,2,0,0,6,1,0,0
g012805,0.5,258:2,2,2,1,1,0,2,1,0,1
g012807,0.2,254:6,5,5,5,0,0,6,2,0,0
g012808,1,258:2,1,1,1,0,0,2,1,0,1
g012809,1,258:2,1,1,1,0,0,2,0,0,1
g012811,0.2,254:6,5,5,5,0,0,6,0,0,0
g012816,0.5,256:4,2,2,2,0,0,4,1,0,0
g012826,1,257:3,1,1,1,0,0,3,1,0,1
g012827,1,257:3,1,1,1,0,0,3,1,0,1
g012828,0.2,254:6,5,5,5,1,0,6,1,0,0
g012829,0.166666666666667,254:6,6,6,6,1,0,6,2,0,0
g012830,1,256:4,1,1,1,0,0,4,1,0,1
g012831,0.166666666666667,246:14,6,6,4,3,0,14,0,0,0
g012832,0.5,258:2,2,2,2,0,0,2,1,0,0
g012833,1,256:4,1,1,1,0,0,4,1,0,1
g012834,1,258:2,1,1,1,0,0,2,1,0,1
g012835,1,258:2,1,1,1,0,0,2,1,0,1
g012846,0.5,257:3,2,2,2,0,0,3,2,0,0
g012849,0.5,231:29,2,2,2,0,0,29,1,0,0
g012851,1,258:2,1,1,1,0,0,2,1,0,1
g012853,1,258:2,1,1,1,0,0,2,0,0,1
g012857,1,258:2,1,1,1,0,0,2,1,0,1
g012859,1,257:3,1,1,1,0,0,3,1,0,1
g012867,1,256:4,1,1,1,0,0,4,1,0,1
g012877,1,258:2,1,1,1,0,0,2,0,0,1
g012878,1,258:2,1,1,1,0,0,2,0,0,1
g012880,0.25,255:5,4,4,4,0,0,5,2,0,0
g012881,1,258:2,1,1,1,0,0,2,1,0,1
g012882,1,258:2,1,1,1,0,0,2,0,0,1
g012888,0.333333333333333,257:3,3,3,3,0,0,3,2,0,0
g012889,0.333333333333333,257:3,3,3,3,1,0,3,1,0,0
g012890,1,258:2,1,1,1,0,0,2,1,0,1
g012894,0.5,258:2,2,2,2,0,0,2,0,0,0
g012902,0.5,258:2,2,2,2,0,0,2,2,0,0
g012905,0.5,258:2,2,2,2,0,0,2,1,0,0
g012918,0.5,258:2,2,2,2,1,0,2,1,0,0
g012922,0.5,257:3,2,2,2,0,0,3,1,0,0
g012925,0.5,258:2,2,2,2,0,0,2,0,0,0
g012926,0.333333333333333,257:3,3,3,3,0,0,3,2,0,0
g012927,0.142857142857143,253:7,7,7,7,0,0,7,1,0,0
g012928,0.25,252:8,4,4,4,1,0,8,0,0,0
g012929,0.5,258:2,2,2,2,0,0,2,1,0,0
g012933,0.5,258:2,2,2,2,0,0,2,0,0,0
g012945,1,258:2,1,1,1,0,0,2,0,0,1
g012947,0.5,243:17,2,2,1,1,0,17,0,0,1
g012950,1,258:2,1,1,1,0,0,2,0,0,1
g012955,1,236:24,1,1,1,0,0,24,1,0,1
g012957,1,258:2,1,1,1,0,0,2,1,0,1
g012958,0.5,258:2,2,2,2,0,0,2,0,0,0
g012959,0.5,258:2,2,2,2,0,0,2,2,0,0
g012960,0.5,258:2,2,2,2,0,0,2,2,1,0
g012963,0.5,258:2,2,2,2,0,0,2,2,0,0
g012965,0.25,255:5,4,4,3,1,0,5,1,0,0
g012966,0.333333333333333,256:4,3,3,3,0,0,4,2,0,0
g012972,0.5,258:2,2,2,2,0,0,2,0,0,0
g012981,0.333333333333333,257:3,3,3,3,0,0,3,1,0,0
g012982,0.25,256:4,4,4,4,0,0,4,0,0,0
g012989,0.25,255:5,4,4,3,1,0,5,1,0,0
g012991,0.5,258:2,2,2,2,0,0,2,1,0,0
g012997,0.142857142857143,245:15,7,7,6,1,0,15,1,0,0
g012998,0.2,253:7,5,5,5,0,0,7,0,0,0
g012999,0.5,253:7,2,2,2,0,0,7,2,0,0
g013000,1,257:3,1,1,1,0,0,3,1,0,1
g013002,1,256:4,1,1,1,0,0,4,1,0,1
g013003,0.5,258:2,2,2,2,0,0,2,1,0,0
g013004,0.5,258:2,2,2,2,0,0,2,1,0,0
g013009,0.5,233:27,2,2,2,0,0,27,1,0,0
g013011,0.0714285714285714,244:16,14,14,13,1,0,16,2,0,0
g013012,0.5,258:2,2,2,2,0,0,2,2,0,0
g013016,0.5,258:2,2,2,2,0,0,2,1,0,0
g013019,1,252:8,1,1,1,0,0,8,1,0,1
g013020,1,236:24,1,1,1,0,0,24,1,0,1
g013021,0.5,258:2,2,2,2,0,0,2,1,0,0
g013025,0.333333333333333,257:3,3,3,2,1,0,3,0,0,0
g013027,0.5,258:2,2,2,2,0,0,2,0,0,0
g013033,0.5,258:2,2,2,2,0,0,2,1,0,0
g013036,1,258:2,1,1,1,0,0,2,1,0,1
g013037,0.25,256:4,4,4,4,0,0,4,0,0,0
g013040,0.5,258:2,2,2,2,0,0,2,2,0,0
g013043,0.5,257:3,2,2,2,0,0,3,2,0,0
g013044,0.333333333333333,256:4,3,3,3,0,0,4,1,0,0
g013045,0.142857142857143,228:32,7,7,4,3,0,32,1,0,0
g013050,0.5,258:2,2,2,2,0,0,2,1,0,0
g013054,0.333333333333333,257:3,3,3,3,0,0,3,1,0,0
g013066,0.5,254:6,2,2,2,0,0,6,1,0,0
g013067,0.5,258:2,2,2,2,0,0,2,2,0,0
g013068,0.5,256:4,2,2,2,0,0,4,1,0,0
g013077,0.5,257:3,2,2,2,0,0,3,2,0,0
g013079,1,244:16,1,1,1,0,0,16,0,0,1
g013081,1,258:2,1,1,1,0,0,2,1,0,1
g013082,1,258:2,1,1,1,0,0,2,0,0,1
g013083,1,256:4,1,1,1,0,0,4,1,0,1
g013088,0.5,258:2,2,2,2,0,0,2,1,0,0
g013092,0.333333333333333,257:3,3,3,3,1,0,3,1,0,0
g013098,1,258:2,1,1,1,0,0,2,0,0,1
g013100,0.5,258:2,2,2,2,0,0,2,1,0,0
g013108,1,258:2,1,1,1,0,0,2,1,0,1
g013109,0.25,255:5,4,4,3,1,0,5,1,0,0
g013110,0.333333333333333,256:4,3,3,3,0,0,4,2,0,0
g013118,0.5,258:2,2,2,2,0,0,2,1,0,0
g013120,0.2,249:11,5,5,4,1,0,11,1,0,0
g013121,1,257:3,1,1,1,0,0,3,1,0,1
g013125,0.333333333333333,254:6,3,3,3,1,0,6,2,0,0
g013126,1,256:4,1,1,1,0,0,4,0,0,1
g013139,1,208:52,1,1,1,0,0,52,0,0,1
g013140,1,258:2,1,1,1,0,0,2,1,0,1
g013142,1,254:6,1,1,1,0,0,6,1,0,1
g013143,0.5,258:2,2,2,2,0,0,2,0,0,0
g013145,0.5,258:2,2,2,2,0,0,2,1,0,0
g013151,0.5,258:2,2,2,2,0,0,2,1,0,0
g013155,0.333333333333333,257:3,3,3,2,1,0,3,1,0,0
g013158,0.5,256:4,2,2,2,0,0,4,1,0,0
g013165,1,236:24,1,1,1,0,0,24,1,0,1
g013167,0.333333333333333,256:4,3,3,2,1,0,4,0,0,0
g013168,0.5,256:4,2,2,2,0,0,4,1,0,0
g013169,0.5,257:3,2,2,2,0,0,3,0,0,0
g013170,0.5,258:2,2,2,2,0,0,2,1,0,0
g013171,0.5,257:3,2,2,1,1,0,3,0,0,1
g013175,1,258:2,1,1,1,0,0,2,0,0,1
g013176,0.25,255:5,4,4,3,1,0,5,1,0,0
g013177,0.5,258:2,2,2,2,1,0,2,1,0,0
g013178,0.5,255:5,2,2,2,0,0,5,0,0,0
g013186,0.5,257:3,2,2,2,0,0,3,1,0,0
g013187,0.5,256:4,2,2,2,0,0,4,1,0,0
g013192,0.5,258:2,2,2,2,0,0,2,0,0,0
g013194,0.5,258:2,2,2,2,0,0,2,2,0,0
g013195,0.25,254:6,4,4,3,1,0,6,0,0,0
g013198,1,258:2,1,1,1,0,0,2,0,0,1
g013206,0.5,258:2,2,2,2,0,0,2,1,0,0
g013211,0.25,247:13,4,4,4,0,0,13,0,0,0
g013215,0.5,256:4,2,2,2,0,0,4,1,0,0
g013218,1,258:2,1,1,1,0,0,2,1,0,1
g013219,1,258:2,1,1,1,0,0,2,0,0,1
g013220,0.333333333333333,257:3,3,3,3,0,0,3,1,0,0
g013221,0.5,258:2,2,2,2,0,0,2,0,0,0
g013223,1,258:2,1,1,1,0,0,2,0,0,1
g013225,0.5,258:2,2,2,2,0,0,2,1,0,0
g013226,0.5,258:2,2,2,2,1,0,2,1,0,0
g013228,1,256:4,1,1,1,0,0,4,1,0,1
g013230,1,258:2,1,1,1,0,0,2,1,0,1
g013232,0.5,254:6,2,2,2,0,0,6,1,0,0
g013233,1,257:3,1,1,1,0,0,3,0,0,1
g013234,0.2,250:10,5,5,5,0,0,10,0,0,0
g013237,0.25,256:4,4,4,4,0,0,4,0,0,0
g013238,1,256:4,1,1,1,0,0,4,1,0,1
g013239,0.25,256:4,4,4,4,0,0,4,1,0,0
g013240,0.333333333333333,257:3,3,3,3,0,0,3,1,0,0
g013261,0.5,258:2,2,2,2,0,0,2,2,0,0
g013275,1,236:24,1,1,1,0,0,24,1,0,1
g013276,0.5,254:6,2,2,2,0,0,6,1,0,0
g013279,0.5,258:2,2,2,2,0,0,2,2,0,0
g013283,0.5,258:2,2,2,2,0,0,2,0,0,0
g013284,1,258:2,1,1,1,0,0,2,0,0,1
g013292,0.2,252:8,5,5,3,2,0,8,1,0,0
g013293,1,258:2,1,1,1,0,0,2,1,0,1
g013307,1,258:2,1,1,1,0,0,2,1,0,1
g013308,1,258:2,1,1,1,0,0,2,1,0,1
g013310,0.333333333333333,241:19,3,3,3,1,0,19,0,0,0
g013311,0.0476190476190476,203:57,21,21,19,2,0,57,2,0,0
g013312,0.5,254:6,2,2,2,0,0,6,1,0,0
g013316,1,258:2,1,1,1,0,0,2,1,0,1
g013320,1,256:4,1,1,1,0,0,4,1,0,1
g013323,0.5,258:2,2,2,2,0,0,2,2,0,0
g013324,1,255:5,1,1,1,0,0,5,0,0,1
g013325,0.333333333333333,257:3,3,3,3,0,0,3,1,0,0
g013327,0.5,257:3,2,2,2,0,0,3,0,0,0
g013328,0.5,257:3,2,2,2,0,0,3,0,0,0
g013331,0.166666666666667,254:6,6,6,6,1,0,6,0,0,0
g013347,0.0285714285714286,176:84,35,35,30,6,0,84,2,0,0
g013348,0.5,256:4,2,2,2,0,0,4,1,0,0
g013349,1,236:24,1,1,1,0,0,24,1,0,1
g013350,0.5,235:25,2,2,1,1,0,25,0,0,1
g013351,0.5,254:6,2,2,2,0,0,6,1,0,0
g013353,0.5,250:10,2,2,2,0,0,10,1,0,0
g013354,1,258:2,1,1,1,0,0,2,1,0,1
g013358,0.5,258:2,2,2,2,0,0,2,0,0,0
g013359,0.5,257:3,2,2,2,0,0,3,2,0,0
g013361,0.5,258:2,2,2,2,0,0,2,2,0,0
g013362,1,257:3,1,1,1,0,0,3,0,0,1
g013366,0.5,256:4,2,2,2,0,0,4,1,0,0
g013369,0.5,258:2,2,2,2,0,0,2,1,0,0
g013377,1,236:24,1,1,1,0,0,24,1,0,1
g013379,0.5,258:2,2,2,2,0,0,2,0,0,0
g013381,0.166666666666667,250:10,6,6,6,0,0,10,2,0,0
g013382,0.142857142857143,249:11,7,7,5,2,0,11,0,0,0
g013383,0.5,255:5,2,2,2,0,0,5,0,0,0
g013386,0.333333333333333,256:4,3,3,3,0,0,4,0,0,0
g013402,0.5,254:6,2,2,2,0,0,6,0,0,0
g013403,0.5,258:2,2,2,2,0,0,2,0,0,0
g013405,0.5,258:2,2,2,2,0,0,2,0,0,0
g013407,0.25,256:4,4,4,4,0,0,4,1,0,0
g013411,0.333333333333333,257:3,3,3,3,0,0,3,0,0,0
g013414,0.5,258:2,2,2,2,0,0,2,2,0,0
g013430,0.2,249:11,5,5,5,1,0,11,1,0,0
g013431,0.333333333333333,256:4,3,3,3,0,0,4,1,0,0
g013433,0.333333333333333,257:3,3,3,3,0,0,3,0,0,0
g013434,0.5,258:2,2,2,2,0,0,2,2,0,0
g013439,1,257:3,1,1,1,0,0,3,1,0,1
g013440,0.5,257:3,2,2,2,0,0,3,1,0,0
g013447,0.5,257:3,2,2,2,0,0,3,2,0,0
g013448,0.5,258:2,2,2,2,0,0,2,1,0,0
g013456,0.5,257:3,2,2,2,0,0,3,0,0,0
g013457,0.333333333333333,253:7,3,3,3,0,0,7,2,0,0
g013460,0.5,254:6,2,2,2,0,0,6,2,0,0
g013461,0.333333333333333,256:4,3,3,3,0,0,4,2,0,0
g013463,0.166666666666667,251:9,6,6,6,0,0,9,0,0,0
g013465,0.5,258:2,2,2,2,0,0,2,2,0,0
g013468,0.5,258:2,2,2,2,0,0,2,1,0,0
g013470,0.5,258:2,2,2,2,0,0,2,1,0,0
g013471,0.142857142857143,251:9,7,7,6,1,0,9,1,0,0
g013472,0.166666666666667,253:7,6,6,3,3,0,7,0,0,0
g013474,1,258:2,1,1,1,0,0,2,1,0,1
g013477,0.5,258:2,2,2,2,0,0,2,0,0,0
g013487,0.5,258:2,2,2,2,1,0,2,1,0,0
g013488,0.5,258:2,2,2,2,0,0,2,1,0,0
g013490,0.5,257:3,2,2,2,0,0,3,2,0,0
g013495,0.166666666666667,229:31,6,6,3,4,0,31,1,0,0
g013496,1,236:24,1,1,1,0,0,24,1,0,1
g013497,0.333333333333333,256:4,3,3,3,0,0,4,1,0,0
g013499,0.333333333333333,256:4,3,3,2,1,0,4,1,0,0
g013500,0.25,248:12,4,4,2,2,0,12,1,0,0
g013501,0.5,256:4,2,2,2,0,0,4,1,0,0
g013503,0.333333333333333,252:8,3,3,1,2,0,8,0,0,1
g013505,0.333333333333333,256:4,3,3,3,0,0,4,2,0,0
g013506,0.5,258:2,2,2,2,0,0,2,1,0,0
g013507,1,254:6,1,1,1,0,0,6,0,0,1
g013509,0.166666666666667,254:6,6,6,6,0,0,6,2,0,0
g013510,0.25,256:4,4,4,4,0,0,4,1,0,0
g013520,0.5,258:2,2,2,2,0,0,2,1,0,0
g013524,0.111111111111111,235:25,9,9,6,4,0,25,1,0,0
g013532,0.5,257:3,2,2,2,0,0,3,1,0,0
g013544,0.125,191:69,8,8,8,1,0,69,1,0,0
g013545,0.25,255:5,4,4,4,0,0,5,1,0,0
g013549,1,254:6,1,1,1,0,0,6,1,0,1
g013561,1,258:2,1,1,1,0,0,2,1,0,1
g013562,0.125,246:14,8,8,7,1,0,14,2,0,0
g013564,0.5,257:3,2,2,2,1,0,3,1,0,0
g013565,0.25,254:6,4,4,4,1,0,6,0,0,0
g013567,0.333333333333333,257:3,3,3,3,0,0,3,1,0,0
g013569,0.5,258:2,2,2,2,0,0,2,1,0,0
g013575,1,244:16,1,1,1,0,0,16,1,0,1
g013576,1,234:26,1,1,1,0,0,26,1,0,1
g013577,1,258:2,1,1,1,0,0,2,0,0,1
g013585,1,258:2,1,1,1,0,0,2,1,0,1
g013590,1,258:2,1,1,1,0,0,2,0,0,1
g013592,1,257:3,1,1,1,0,0,3,0,0,1
g013593,0.5,258:2,2,2,2,0,0,2,0,0,0
g013594,0.333333333333333,256:4,3,3,3,0,0,4,0,0,0
g013595,1,258:2,1,1,1,0,0,2,1,0,1
g013601,1,258:2,1,1,1,0,0,2,0,0,1
g013606,0.5,258:2,2,2,2,1,0,2,1,0,0
g013610,1,208:52,1,1,1,0,0,52,1,0,1
g013612,0.25,255:5,4,4,3,1,0,5,2,0,0
g013613,1,244:16,1,1,1,0,0,16,1,0,1
g013614,0.333333333333333,240:20,3,3,1,2,0,20,0,0,1
g013615,1,244:16,1,1,1,0,0,16,0,0,1
g013616,0.2,251:9,5,5,5,0,0,9,2,0,0
g013617,1,255:5,1,1,1,0,0,5,1,0,1
g013618,0.5,258:2,2,2,2,0,0,2,1,0,0
g013619,0.2,252:8,5,5,5,0,0,8,2,0,0
g013620,0.333333333333333,257:3,3,3,3,0,0,3,1,0,0
g013629,0.5,258:2,2,2,2,0,0,2,2,0,0
g013633,0.166666666666667,246:14,6,6,6,1,0,14,1,0,0
g013634,1,258:2,1,1,1,0,0,2,1,0,1
g013637,1,257:3,1,1,1,0,0,3,1,0,1
g013640,0.5,258:2,2,2,2,0,0,2,2,0,0
g013641,0.333333333333333,257:3,3,3,3,0,0,3,1,0,0
g013642,0.25,256:4,4,4,4,0,0,4,2,0,0
g013643,1,258:2,1,1,1,0,0,2,0,0,1
g013644,0.5,258:2,2,2,2,0,0,2,1,0,0
g013653,1,258:2,1,1,1,0,0,2,1,0,1
g013654,0.166666666666667,229:31,6,6,5,1,0,31,0,0,0
g013655,0.5,257:3,2,2,2,0,0,3,0,0,0
g013656,0.25,254:6,4,4,4,0,0,6,1,0,0
g013657,1,257:3,1,1,1,0,0,3,1,0,1
g013658,0.25,253:7,4,4,4,0,0,7,0,0,0
g013661,0.5,254:6,2,2,2,0,0,6,0,0,0
g013662,1,252:8,1,1,1,0,0,8,1,0,1
g013663,0.5,257:3,2,2,2,0,0,3,1,0,0
g013669,1,255:5,1,1,1,0,0,5,1,0,1
g013671,0.25,252:8,4,4,4,0,0,8,0,0,0
g013672,0.25,256:4,4,4,4,0,0,4,2,0,0
g013675,0.5,258:2,2,2,2,0,0,2,1,0,0
g013676,1,258:2,1,1,1,0,0,2,1,0,1
g013684,0.5,258:2,2,2,2,0,0,2,1,0,0
g013688,1,258:2,1,1,1,0,0,2,1,0,1
g013690,0.5,258:2,2,2,2,0,0,2,0,0,0
g013691,0.5,258:2,2,2,2,0,0,2,1,0,0
g013693,1,258:2,1,1,1,0,0,2,0,0,1
g013695,1,258:2,1,1,1,0,0,2,0,0,1
g013697,0.333333333333333,257:3,3,3,3,0,0,3,1,0,0
g013698,0.5,257:3,2,2,2,0,0,3,1,0,0
g013699,0.5,258:2,2,2,2,0,0,2,2,0,0
g013701,1,255:5,1,1,1,0,0,5,0,0,1
g013702,1,256:4,1,1,1,0,0,4,0,0,1
g013704,0.5,258:2,2,2,2,0,0,2,1,0,0
g013706,0.25,255:5,4,4,4,1,0,5,1,0,0
g013717,0.5,258:2,2,2,2,0,0,2,1,0,0
g013718,1,244:16,1,1,1,0,0,16,0,0,1
g013719,0.333333333333333,256:4,3,3,3,0,0,4,1,0,0
g013720,0.2,251:9,5,5,5,0,0,9,2,0,0
g013721,1,258:2,1,1,1,0,0,2,1,0,1
g013722,0.5,257:3,2,2,2,0,0,3,2,0,0
g013724,0.333333333333333,256:4,3,3,2,1,0,4,1,0,0
g013726,0.5,258:2,2,2,2,0,0,2,1,0,0
g013732,1,258:2,1,1,1,0,0,2,1,0,1
g013737,0.333333333333333,245:15,3,3,3,0,0,15,1,0,0
g013738,0.333333333333333,257:3,3,3,3,0,0,3,0,0,0
g013739,0.5,253:7,2,2,2,0,0,7,2,0,0
g013740,0.5,256:4,2,2,2,0,0,4,2,0,0
g013741,0.5,258:2,2,2,2,0,0,2,2,0,0
g013742,0.5,258:2,2,2,2,0,0,2,1,0,0
g013746,0.5,258:2,2,2,2,0,0,2,1,0,0
g013759,0.5,254:6,2,2,2,0,0,6,1,0,0
g013760,1,256:4,1,1,1,0,0,4,1,0,1
g013763,0.166666666666667,254:6,6,6,6,0,0,6,1,0,0
g013767,0.5,258:2,2,2,2,0,0,2,1,0,0
g013771,0.5,258:2,2,2,2,0,0,2,1,0,0
g013779,0.5,258:2,2,2,2,0,0,2,1,0,0
g013784,0.125,224:36,8,8,6,2,0,36,0,0,0
g013785,0.333333333333333,254:6,3,3,3,0,0,6,2,0,0
g013786,1,257:3,1,1,1,0,0,3,1,0,1
g013787,0.5,257:3,2,2,2,0,0,3,1,0,0
g013789,0.166666666666667,246:14,6,6,4,3,0,14,0,0,0
g013794,1,257:3,1,1,1,0,0,3,0,0,1
g013800,0.2,191:69,5,5,3,2,0,69,0,0,0
g013801,1,254:6,1,1,1,0,0,6,1,0,1
g013805,1,258:2,1,1,1,0,0,2,0,0,1
g013819,0.5,257:3,2,2,2,0,0,3,2,0,0
g013822,0.333333333333333,256:4,3,3,3,0,0,4,1,0,0
g013823,1,258:2,1,1,1,0,0,2,1,0,1
g013827,0.5,258:2,2,2,2,0,0,2,1,0,0
g013836,0.5,258:2,2,2,2,0,0,2,1,0,0
g013838,0.333333333333333,251:9,3,3,2,1,0,9,1,0,0
g013841,1,256:4,1,1,1,0,0,4,1,0,1
g013847,0.5,258:2,2,2,2,0,0,2,1,0,0
g013848,0.25,250:10,4,4,4,0,0,10,1,0,0
g013854,0.5,256:4,2,2,2,0,0,4,1,0,0
g013856,0.333333333333333,256:4,3,3,3,0,0,4,1,0,0
g013863,0.125,216:44,8,8,7,1,0,44,1,0,0
g013864,0.333333333333333,251:9,3,3,1,2,0,9,1,0,1
g013865,1,258:2,1,1,1,0,0,2,1,0,1
g013869,0.5,258:2,2,2,2,0,0,2,1,0,0
g013870,1,256:4,1,1,1,0,0,4,0,0,1
g013871,0.25,256:4,4,4,4,0,0,4,1,0,0
g013879,1,258:2,1,1,1,0,0,2,1,0,1
g013880,0.5,255:5,2,2,2,0,0,5,2,0,0
g013881,1,257:3,1,1,1,0,0,3,1,0,1
g013889,0.333333333333333,256:4,3,3,3,0,0,4,1,0,0
g013897,0.5,253:7,2,2,2,0,0,7,2,0,0
g013904,0.5,258:2,2,2,2,0,0,2,0,0,0
g013905,0.5,258:2,2,2,2,0,0,2,2,0,0
g013912,0.5,258:2,2,2,2,0,0,2,2,0,0
g013916,1,258:2,1,1,1,0,0,2,1,0,1
g013921,1,258:2,1,1,1,0,0,2,1,0,1
g013922,1,236:24,1,1,1,0,0,24,1,0,1
g013923,1,244:16,1,1,1,0,0,16,0,0,1
g013924,1,257:3,1,1,1,0,0,3,1,0,1
g013928,1,256:4,1,1,1,0,0,4,1,0,1
g013929,0.5,258:2,2,2,2,0,0,2,1,0,0
g013944,0.166666666666667,247:13,6,6,4,2,0,13,2,0,0
g013945,0.142857142857143,233:27,7,7,5,2,0,27,1,0,0
g013946,1,258:2,1,1,1,0,0,2,1,0,1
g013947,0.5,258:2,2,2,2,0,0,2,2,0,0
g013948,0.166666666666667,250:10,6,6,5,1,0,10,0,0,0
g013954,0.5,254:6,2,2,2,0,0,6,1,0,0
g013963,1,244:16,1,1,1,0,0,16,1,0,1
g013964,1,236:24,1,1,1,0,0,24,1,0,1
g013965,0.5,257:3,2,2,2,0,0,3,0,0,0
g013966,0.5,257:3,2,2,2,0,0,3,1,0,0
g013976,0.5,258:2,2,2,2,0,0,2,0,0,0
g013981,0.5,254:6,2,2,2,0,0,6,1,0,0
g013982,0.25,256:4,4,4,4,0,0,4,2,0,0
g013985,1,256:4,1,1,1,0,0,4,1,0,1
g013986,0.333333333333333,257:3,3,3,3,0,0,3,1,0,0
g013987,0.333333333333333,257:3,3,3,3,0,0,3,1,0,0
g013989,0.5,258:2,2,2,2,0,0,2,2,0,0
g013993,0.5,258:2,2,2,2,0,0,2,1,0,0
g014003,1,256:4,1,1,1,0,0,4,0,0,1
g014011,1,258:2,1,1,1,0,0,2,0,0,1
g014015,0.5,258:2,2,2,2,0,0,2,2,0,0
g014017,0.2,249:11,5,5,5,1,0,11,1,0,0
g014023,0.25,255:5,4,4,4,1,0,5,1,0,0
g014034,0.125,252:8,8,8,8,0,0,8,2,0,0
g014045,0.5,257:3,2,2,2,0,0,3,2,0,0
g014046,1,258:2,1,1,1,0,0,2,1,0,1
g014049,0.5,258:2,2,2,2,0,0,2,1,0,0
g014050,0.333333333333333,257:3,3,3,3,0,0,3,1,0,0
g014055,0.333333333333333,257:3,3,3,3,0,0,3,1,0,0
g014057,0.5,258:2,2,2,2,0,0,2,2,0,0
g014060,1,236:24,1,1,1,0,0,24,1,0,1
g014063,1,256:4,1,1,1,0,0,4,1,0,1
g014068,0.5,257:3,2,2,2,1,0,3,0,0,0
g014069,0.5,258:2,2,2,2,0,0,2,0,0,0
g014071,0.5,258:2,2,2,2,0,0,2,0,0,0
g014075,1,256:4,1,1,1,0,0,4,1,0,1
g014078,0.333333333333333,257:3,3,3,3,0,0,3,1,0,0
g014084,1,257:3,1,1,1,0,0,3,1,0,1
g014086,0.5,258:2,2,2,2,0,0,2,1,0,0
g014088,0.5,258:2,2,2,2,0,0,2,0,0,0
g014094,0.5,257:3,2,2,2,0,0,3,2,0,0
g014098,0.2,254:6,5,5,5,0,0,6,2,0,0
g014099,0.5,255:5,2,2,2,0,0,5,1,0,0
g014100,0.333333333333333,256:4,3,3,3,0,0,4,0,0,0
g014102,1,258:2,1,1,1,0,0,2,0,0,1
g014105,0.5,258:2,2,2,2,0,0,2,0,0,0
g014106,0.5,258:2,2,2,2,0,0,2,1,0,0
g014114,0.2,255:5,5,5,5,0,0,5,0,0,0
g014115,1,258:2,1,1,1,0,0,2,1,0,1
g014119,0.5,258:2,2,2,2,0,0,2,1,0,0
g014120,0.5,257:3,2,2,2,1,0,3,0,0,0
g014122,0.142857142857143,249:11,7,7,5,3,0,11,0,0,0
g014129,0.5,235:25,2,2,1,1,0,25,0,0,1
g014130,1,233:27,1,1,1,0,0,27,2,0,1
g014131,1,258:2,1,1,1,0,0,2,0,0,1
g014137,0.5,258:2,2,2,2,0,0,2,1,0,0
g014146,1,257:3,1,1,1,0,0,3,0,0,1
g014147,0.5,258:2,2,2,2,0,0,2,2,0,0
g014148,1,252:8,1,1,1,0,0,8,1,0,1
g014155,1,258:2,1,1,1,0,0,2,1,0,1
g014156,1,258:2,1,1,1,0,0,2,1,0,1
g014157,0.333333333333333,256:4,3,3,3,0,0,4,0,0,0
g014158,0.333333333333333,254:6,3,3,3,1,0,6,1,0,0
g014160,0.5,252:8,2,2,2,0,0,8,0,0,0
g014161,1,258:2,1,1,1,0,0,2,0,0,1
g014163,0.5,258:2,2,2,2,0,0,2,0,0,0
g014165,0.5,258:2,2,2,1,1,0,2,1,0,1
g014171,1,258:2,1,1,1,0,0,2,1,0,1
g014172,1,255:5,1,1,1,0,0,5,1,0,1
g014174,1,258:2,1,1,1,0,0,2,1,0,1
g014175,0.5,258:2,2,2,2,0,0,2,1,0,0
g014177,0.5,258:2,2,2,2,1,0,2,0,0,0
g014181,1,256:4,1,1,1,0,0,4,0,0,1
g014186,1,258:2,1,1,1,0,0,2,0,0,1
g014187,0.5,258:2,2,2,2,1,0,2,0,0,0
g014196,1,258:2,1,1,1,0,0,2,0,0,1
g014208,1,244:16,1,1,1,0,0,16,0,0,1
g014209,1,256:4,1,1,1,0,0,4,1,0,1
g014211,0.5,258:2,2,2,2,0,0,2,1,0,0
g014216,0.5,257:3,2,2,2,0,0,3,2,0,0
g014219,0.5,257:3,2,2,2,0,0,3,2,0,0
g014220,0.333333333333333,256:4,3,3,3,0,0,4,1,0,0
g014225,0.5,256:4,2,2,2,0,0,4,1,0,0
g014227,0.5,254:6,2,2,2,0,0,6,1,0,0
g014230,1,236:24,1,1,1,0,0,24,0,0,1
g014231,0.5,258:2,2,2,2,0,0,2,1,0,0
g014232,1,258:2,1,1,1,0,0,2,1,0,1
g014237,0.5,258:2,2,2,2,0,0,2,1,0,0
g014244,0.5,257:3,2,2,2,0,0,3,1,0,0
g014246,0.25,242:18,4,4,4,0,0,18,0,0,0
g014251,0.5,258:2,2,2,2,0,0,2,2,1,0
g014253,0.5,257:3,2,2,2,0,0,3,0,0,0
g014260,0.5,258:2,2,2,2,0,0,2,0,0,0
g014263,0.5,257:3,2,2,2,0,0,3,2,0,0
g014266,1,256:4,1,1,1,0,0,4,1,0,1
g014267,1,254:6,1,1,1,0,0,6,0,0,1
g014268,0.5,256:4,2,2,2,0,0,4,1,0,0
g014274,0.5,258:2,2,2,2,0,0,2,1,0,0
g014283,0.125,249:11,8,8,8,0,0,11,1,0,0
g014301,0.5,257:3,2,2,2,0,0,3,1,0,0
g014302,0.25,255:5,4,4,3,1,0,5,1,0,0
g014304,1,258:2,1,1,1,0,0,2,1,0,1
g014305,0.333333333333333,257:3,3,3,3,0,0,3,2,0,0
g014312,0.5,258:2,2,2,2,0,0,2,1,0,0
g014321,0.333333333333333,253:7,3,3,3,0,0,7,2,0,0
g014322,1,258:2,1,1,1,0,0,2,0,0,1
g014323,0.2,253:7,5,5,5,0,0,7,1,0,0
g014330,1,256:4,1,1,1,0,0,4,1,0,1
g014334,0.5,258:2,2,2,2,0,0,2,1,0,0
g014342,0.0909090909090909,247:13,11,11,10,1,0,13,1,0,0
g014343,0.5,257:3,2,2,1,1,0,3,1,0,1
g014346,0.166666666666667,246:14,6,6,3,4,0,14,0,0,0
g014354,0.5,258:2,2,2,2,0,0,2,0,0,0
g014357,0.333333333333333,257:3,3,3,3,0,0,3,0,0,0
g014360,1,258:2,1,1,1,0,0,2,0,0,1
g014362,1,257:3,1,1,1,0,0,3,1,0,1
g014364,1,255:5,1,1,1,0,0,5,0,0,1
g014367,0.5,258:2,2,2,2,0,0,2,1,0,0
g014371,1,258:2,1,1,1,0,0,2,0,0,1
g014373,0.25,252:8,4,4,4,1,0,8,0,0,0
g014377,0.5,250:10,2,2,2,0,0,10,1,0,0
g014388,0.5,258:2,2,2,2,0,0,2,1,0,0
g014391,1,258:2,1,1,1,0,0,2,1,0,1
g014392,0.5,254:6,2,2,2,0,0,6,1,0,0
g014393,0.2,254:6,5,5,5,0,0,6,1,0,0
g014394,1,258:2,1,1,1,0,0,2,1,0,1
g014395,0.333333333333333,257:3,3,3,3,0,0,3,1,0,0
g014396,0.5,258:2,2,2,2,0,0,2,2,0,0
g014399,0.5,258:2,2,2,2,0,0,2,0,0,0
g014407,1,258:2,1,1,1,0,0,2,0,0,1
g014409,1,258:2,1,1,1,0,0,2,1,0,1
g014412,0.333333333333333,253:7,3,3,3,0,0,7,2,0,0
g014428,0.5,256:4,2,2,2,0,0,4,1,0,0
g014429,1,258:2,1,1,1,0,0,2,0,0,1
g014441,0.5,258:2,2,2,2,0,0,2,1,0,0
g014442,0.333333333333333,254:6,3,3,3,0,0,6,1,0,0
g014445,0.5,257:3,2,2,2,0,0,3,2,0,0
g014449,0.5,258:2,2,2,2,0,0,2,2,0,0
g014453,1,258:2,1,1,1,0,0,2,1,0,1
g014454,1,258:2,1,1,1,0,0,2,1,0,1
g014457,0.5,258:2,2,2,2,0,0,2,0,0,0
g014459,1,258:2,1,1,1,0,0,2,1,0,1
g014460,0.2,249:11,5,5,5,1,0,11,1,0,0
g014463,1,258:2,1,1,1,0,0,2,0,0,1
g014465,0.5,258:2,2,2,2,0,0,2,1,0,0
g014467,1,256:4,1,1,1,0,0,4,1,0,1
g014475,0.5,258:2,2,2,2,0,0,2,1,0,0
g014479,0.166666666666667,243:17,6,6,4,2,0,17,1,0,0
g014481,0.125,250:10,8,8,7,1,0,10,0,0,0
g014484,0.333333333333333,257:3,3,3,3,0,0,3,1,0,0
g014486,0.5,258:2,2,2,2,0,0,2,1,0,0
g014491,0.5,258:2,2,2,2,0,0,2,0,0,0
g014503,1,257:3,1,1,1,0,0,3,1,0,1
g014504,0.2,254:6,5,5,4,1,0,6,1,0,0
g014514,0.5,258:2,2,2,2,0,0,2,0,0,0
g014520,0.5,258:2,2,2,2,0,0,2,2,0,0
g014521,1,258:2,1,1,1,0,0,2,1,0,1
g014533,1,258:2,1,1,1,0,0,2,0,0,1
g014559,0.5,254:6,2,2,2,0,0,6,1,0,0
g014561,0.142857142857143,249:11,7,7,4,3,0,11,0,0,0
g014564,0.166666666666667,251:9,6,6,6,0,0,9,2,0,0
g014568,0.5,258:2,2,2,2,0,0,2,1,0,0
g014580,0.166666666666667,248:12,6,6,5,2,0,12,1,0,0
g014584,0.5,258:2,2,2,2,0,0,2,1,0,0
g014596,0.25,255:5,4,4,4,1,0,5,1,0,0
g014604,0.25,256:4,4,4,4,0,0,4,0,0,0
g014607,1,208:52,1,1,1,0,0,52,1,0,1
g014609,1,258:2,1,1,1,0,0,2,1,0,1
g014610,1,257:3,1,1,1,0,0,3,1,0,1
g014613,0.5,258:2,2,2,2,0,0,2,0,0,0
g014614,1,258:2,1,1,1,0,0,2,0,0,1
g014615,0.2,249:11,5,5,4,1,0,11,1,0,0
g014628,0.2,254:6,5,5,5,1,0,6,1,0,0
g014631,0.5,258:2,2,2,2,0,0,2,1,0,0
g014633,0.5,249:11,2,2,2,1,0,11,0,0,0
g014635,0.5,257:3,2,2,2,0,0,3,0,0,0
g014637,0.333333333333333,257:3,3,3,3,0,0,3,1,0,0
g014648,0.5,255:5,2,2,2,0,0,5,0,0,0
g014649,0.5,258:2,2,2,2,0,0,2,0,0,0
g014650,1,258:2,1,1,1,0,0,2,1,0,1
g014652,0.5,252:8,2,2,2,1,0,8,0,0,0
g014659,1,258:2,1,1,1,0,0,2,1,0,1
g014679,1,258:2,1,1,1,0,0,2,1,0,1
g014680,0.166666666666667,248:12,6,6,5,1,0,12,1,0,0
g014685,0.25,252:8,4,4,3,1,0,8,0,0,0
g014687,0.2,254:6,5,5,5,0,0,6,1,0,0
g014691,1,258:2,1,1,1,0,0,2,0,0,1
g014693,0.333333333333333,257:3,3,3,3,0,0,3,0,0,0
g014694,1,258:2,1,1,1,0,0,2,1,0,1
g014698,0.5,258:2,2,2,2,0,0,2,1,0,0
g014701,0.5,258:2,2,2,2,0,0,2,0,0,0
g014708,0.333333333333333,257:3,3,3,3,1,0,3,1,0,0
g014711,1,258:2,1,1,1,0,0,2,1,0,1
g014713,1,258:2,1,1,1,0,0,2,1,0,1
g014714,1,257:3,1,1,1,0,0,3,1,0,1
g014715,0.25,256:4,4,4,4,0,0,4,2,0,0
g014717,0.2,243:17,5,5,5,0,0,17,0,0,0
g014718,0.5,258:2,2,2,2,0,0,2,1,0,0
g014731,1,258:2,1,1,1,0,0,2,0,0,1
g014734,0.25,251:9,4,4,4,0,0,9,0,0,0
g014737,0.5,244:16,2,2,1,1,0,16,0,0,1
g014738,1,257:3,1,1,1,0,0,3,0,0,1
g014739,1,256:4,1,1,1,0,0,4,1,0,1
g014746,0.5,258:2,2,2,2,0,0,2,2,0,0
g014756,0.1,246:14,10,10,10,0,0,14,1,0,0
g014757,0.5,235:25,2,2,1,1,0,25,0,0,1
g014761,0.5,258:2,2,2,2,0,0,2,1,0,0
g014766,0.5,258:2,2,2,2,0,0,2,1,0,0
g014781,0.142857142857143,245:15,7,7,6,1,0,15,1,0,0
g014785,0.5,253:7,2,2,2,0,0,7,2,0,0
g014787,1,258:2,1,1,1,0,0,2,1,0,1
g014789,0.5,258:2,2,2,2,0,0,2,1,0,0
g014792,1,258:2,1,1,1,0,0,2,1,0,1
g014793,0.5,258:2,2,2,2,0,0,2,1,0,0
g014797,1,256:4,1,1,1,0,0,4,1,0,1
g014806,0.5,257:3,2,2,2,0,0,3,2,0,0
g014808,0.5,258:2,2,2,2,0,0,2,2,0,0
g014810,0.5,257:3,2,2,2,0,0,3,1,0,0
g014812,1,258:2,1,1,1,0,0,2,1,0,1
g014815,1,257:3,1,1,1,0,0,3,1,0,1
g014816,0.5,258:2,2,2,2,1,0,2,0,0,0
g014819,0.333333333333333,257:3,3,3,3,0,0,3,0,0,0
g014826,0.5,258:2,2,2,2,0,0,2,0,0,0
g014828,0.5,258:2,2,2,2,0,0,2,1,0,0
g014838,1,255:5,1,1,1,0,0,5,1,0,1
g014839,0.5,257:3,2,2,2,0,0,3,1,0,0
g014840,0.5,257:3,2,2,2,1,0,3,1,0,0
g014842,0.5,249:11,2,2,2,1,0,11,0,0,0
g014849,0.5,258:2,2,2,2,0,0,2,1,0,0
g014854,0.5,258:2,2,2,2,0,0,2,1,0,0
g014864,0.333333333333333,206:54,3,3,3,0,0,54,1,0,0
g014865,0.166666666666667,248:12,6,6,5,1,0,12,1,0,0
g014866,1,256:4,1,1,1,0,0,4,1,0,1
g014868,0.5,258:2,2,2,2,0,0,2,1,0,0
g014875,0.5,258:2,2,2,2,0,0,2,1,0,0
g014877,0.5,258:2,2,2,2,0,0,2,1,0,0
g014878,0.5,258:2,2,2,2,0,0,2,1,0,0
g014888,0.25,252:8,4,4,4,0,0,8,2,0,0
g014892,1,257:3,1,1,1,0,0,3,1,0,1
g014897,0.5,254:6,2,2,2,0,0,6,1,0,0
g014901,0.5,257:3,2,2,2,0,0,3,0,0,0
g014902,0.5,258:2,2,2,2,0,0,2,2,0,0
g014907,0.5,258:2,2,2,2,0,0,2,1,0,0
g014921,0.25,252:8,4,4,4,1,0,8,0,0,0
g014922,0.2,243:17,5,5,4,1,0,17,0,0,0
g014927,0.5,257:3,2,2,2,0,0,3,0,0,0
g014932,0.5,258:2,2,2,2,0,0,2,0,0,0
g014933,0.5,258:2,2,2,2,0,0,2,1,0,0
g014937,0.333333333333333,256:4,3,3,3,0,0,4,2,0,0
g014939,0.333333333333333,257:3,3,3,3,0,0,3,1,0,0
g014948,0.5,258:2,2,2,2,0,0,2,2,0,0
g014953,0.166666666666667,243:17,6,6,4,2,0,17,1,0,0
g014954,0.2,255:5,5,5,5,0,0,5,0,0,0
g014955,0.5,258:2,2,2,2,0,0,2,1,0,0
g014956,1,258:2,1,1,1,0,0,2,0,0,1
g014957,1,257:3,1,1,1,0,0,3,1,0,1
g014961,0.333333333333333,256:4,3,3,3,0,0,4,2,0,0
g014965,1,258:2,1,1,1,0,0,2,0,0,1
g014966,0.5,249:11,2,2,2,0,0,11,0,0,0
g014967,0.5,257:3,2,2,2,0,0,3,0,0,0
g014971,0.333333333333333,257:3,3,3,3,0,0,3,1,0,0
g014972,0.25,256:4,4,4,4,1,0,4,0,0,0
g014978,0.5,257:3,2,2,2,0,0,3,2,0,0
g014982,0.142857142857143,167:93,7,7,7,1,0,93,1,0,0
g014983,1,208:52,1,1,1,0,0,52,0,0,1
g014984,0.5,257:3,2,2,2,0,0,3,0,0,0
g014986,0.5,249:11,2,2,1,1,0,11,1,0,1
g014987,0.166666666666667,250:10,6,6,6,0,0,10,2,0,0
g014988,1,258:2,1,1,1,0,0,2,0,0,1
g014993,1,258:2,1,1,1,0,0,2,1,0,1
g014994,0.5,258:2,2,2,2,0,0,2,2,0,0
g014997,0.5,256:4,2,2,2,0,0,4,1,0,0
g015017,0.5,257:3,2,2,2,0,0,3,0,0,0
g015018,0.5,254:6,2,2,2,0,0,6,1,0,0
g015021,0.5,258:2,2,2,2,0,0,2,1,0,0
g015022,0.5,258:2,2,2,2,0,0,2,1,0,0
g015027,0.333333333333333,254:6,3,3,3,0,0,6,1,0,0
g015029,1,258:2,1,1,1,0,0,2,0,0,1
g015031,1,256:4,1,1,1,0,0,4,0,0,1
g015035,1,258:2,1,1,1,0,0,2,1,0,1
g015036,0.5,258:2,2,2,2,0,0,2,1,0,0
g015039,0.5,258:2,2,2,2,0,0,2,1,0,0
g015049,1,256:4,1,1,1,0,0,4,1,0,1
g015051,1,234:26,1,1,1,0,0,26,0,0,1
g015052,1,258:2,1,1,1,0,0,2,1,0,1
g015053,1,258:2,1,1,1,0,0,2,1,0,1
g015054,1,258:2,1,1,1,0,0,2,1,0,1
g015056,1,254:6,1,1,1,0,0,6,1,0,1
g015070,0.25,252:8,4,4,4,1,0,8,0,0,0
g015074,0.5,258:2,2,2,2,0,0,2,0,0,0
g015080,1,255:5,1,1,1,0,0,5,1,0,1
g015081,0.5,257:3,2,2,1,1,0,3,1,0,1
g015082,1,256:4,1,1,1,0,0,4,1,0,1
g015084,0.5,258:2,2,2,2,0,0,2,2,0,0
g015086,0.5,257:3,2,2,2,1,0,3,0,0,0
g015091,0.5,258:2,2,2,2,0,0,2,1,0,0
g015093,0.5,258:2,2,2,2,0,0,2,0,0,0
g015094,0.5,258:2,2,2,2,0,0,2,0,0,0
g015098,0.5,258:2,2,2,2,0,0,2,0,0,0
g015101,1,208:52,1,1,1,0,0,52,1,0,1
g015102,0.5,258:2,2,2,2,0,0,2,2,0,0
g015104,0.25,242:18,4,4,4,0,0,18,0,0,0
g015111,0.5,258:2,2,2,2,0,0,2,1,0,0
g015120,0.5,256:4,2,2,2,0,0,4,1,0,0
g015123,1,258:2,1,1,1,0,0,2,0,0,1
g015124,0.5,258:2,2,2,2,0,0,2,1,0,0
g015125,0.5,258:2,2,2,2,0,0,2,1,0,0
g015126,0.333333333333333,257:3,3,3,3,0,0,3,2,0,0
g015128,1,258:2,1,1,1,0,0,2,1,0,1
g015129,0.5,258:2,2,2,1,1,0,2,1,0,1
g015141,0.333333333333333,206:54,3,3,3,0,0,54,1,0,0
g015142,1,236:24,1,1,1,0,0,24,1,0,1
g015143,1,258:2,1,1,1,0,0,2,1,0,1
g015144,0.0666666666666667,243:17,15,15,15,0,0,17,0,0,0
g015148,0.333333333333333,257:3,3,3,3,0,0,3,1,0,0
g015151,0.25,256:4,4,4,4,0,0,4,1,0,0
g015158,0.5,258:2,2,2,2,0,0,2,1,0,0
g015169,1,258:2,1,1,1,0,0,2,1,0,1
g015170,1,258:2,1,1,1,0,0,2,1,0,1
g015174,0.25,255:5,4,4,1,3,0,5,0,0,1
g015175,0.5,258:2,2,2,2,0,0,2,2,0,0
g015186,0.5,258:2,2,2,2,0,0,2,0,0,0
g015190,1,208:52,1,1,1,0,0,52,1,0,1
g015192,0.5,256:4,2,2,2,0,0,4,2,0,0
g015195,0.142857142857143,249:11,7,7,5,3,0,11,0,0,0
g015203,0.5,257:3,2,2,2,0,0,3,0,0,0
g015205,0.5,258:2,2,2,2,1,0,2,1,0,0
g015206,1,256:4,1,1,1,0,0,4,0,0,1
g015209,0.5,258:2,2,2,2,0,0,2,1,0,0
g015214,1,257:3,1,1,1,0,0,3,1,0,1
g015216,0.25,242:18,4,4,4,0,0,18,0,0,0
g015217,1,258:2,1,1,1,0,0,2,0,0,1
g015220,0.25,256:4,4,4,4,0,0,4,1,0,0
g015233,0.5,258:2,2,2,2,0,0,2,1,0,0
g015234,0.142857142857143,245:15,7,7,7,1,0,15,1,0,0
g015237,1,256:4,1,1,1,0,0,4,1,0,1
g015239,1,257:3,1,1,1,0,0,3,1,0,1
g015240,0.333333333333333,257:3,3,3,3,0,0,3,0,0,0
g015242,0.25,255:5,4,4,4,1,0,5,1,0,0
g015262,0.125,243:17,8,8,8,0,0,17,1,0,0
g015263,1,244:16,1,1,1,0,0,16,0,0,1
g015264,0.5,256:4,2,2,2,0,0,4,2,0,0
g015265,0.142857142857143,249:11,7,7,5,3,0,11,0,0,0
g015268,1,256:4,1,1,1,0,0,4,1,0,1
g015279,1,208:52,1,1,1,0,0,52,0,0,1
g015280,0.5,257:3,2,2,2,0,0,3,0,0,0
g015281,1,258:2,1,1,1,0,0,2,1,0,1
g015282,1,258:2,1,1,1,0,0,2,1,0,1
g015287,0.5,254:6,2,2,2,0,0,6,1,0,0
g015291,0.25,256:4,4,4,4,0,0,4,2,0,0
g015292,0.333333333333333,257:3,3,3,3,1,0,3,1,0,0
g015293,0.25,256:4,4,4,3,1,0,4,1,0,0
g015294,0.25,242:18,4,4,4,0,0,18,0,0,0
g015303,0.25,250:10,4,4,2,2,0,10,2,0,0
g015305,0.5,258:2,2,2,2,0,0,2,2,0,0
g015306,1,256:4,1,1,1,0,0,4,1,0,1
g015324,0.5,258:2,2,2,2,0,0,2,2,0,0
g015325,1,257:3,1,1,1,0,0,3,1,0,1
g015338,0.0909090909090909,224:36,11,11,9,2,0,36,2,0,0
g015339,1,258:2,1,1,1,0,0,2,1,0,1
g015341,0.333333333333333,257:3,3,3,3,0,0,3,1,0,0
g015343,0.5,258:2,2,2,2,0,0,2,1,0,0
g015346,0.5,257:3,2,2,2,0,0,3,2,0,0
g015348,0.125,191:69,8,8,8,1,0,69,1,0,0
g015350,1,236:24,1,1,1,0,0,24,1,0,1
g015351,0.5,255:5,2,2,2,0,0,5,1,0,0
g015352,0.333333333333333,250:10,3,3,3,0,0,10,1,0,0
g015353,0.333333333333333,255:5,3,3,3,0,0,5,1,0,0
g015354,1,258:2,1,1,1,0,0,2,1,0,1
g015356,0.333333333333333,256:4,3,3,3,0,0,4,1,0,0
g015357,0.333333333333333,257:3,3,3,3,0,0,3,1,0,0
g015373,1,258:2,1,1,1,0,0,2,1,0,1
g015381,1,258:2,1,1,1,0,0,2,1,0,1
g015384,0.125,249:11,8,8,8,0,0,11,2,0,0
g015385,0.333333333333333,257:3,3,3,3,0,0,3,1,0,0
g015386,0.333333333333333,256:4,3,3,3,0,0,4,0,0,0
g015387,0.5,258:2,2,2,2,0,0,2,1,0,0
g015388,0.5,254:6,2,2,2,0,0,6,1,0,0
g015391,0.5,258:2,2,2,2,0,0,2,0,0,0
g015402,0.5,257:3,2,2,2,0,0,3,2,0,0
g015405,1,234:26,1,1,1,0,0,26,1,0,1
g015408,1,256:4,1,1,1,0,0,4,1,0,1
g015411,0.2,254:6,5,5,5,0,0,6,1,0,0
g015412,1,258:2,1,1,1,0,0,2,0,0,1
g015413,1,258:2,1,1,1,0,0,2,0,0,1
g015415,0.25,250:10,4,4,3,1,0,10,1,0,0
g015419,0.5,258:2,2,2,2,0,0,2,0,0,0
g015429,1,258:2,1,1,1,0,0,2,0,0,1
g015436,1,244:16,1,1,1,0,0,16,1,0,1
g015445,0.5,255:5,2,2,2,0,0,5,1,0,0
g015446,0.5,258:2,2,2,2,0,0,2,1,0,0
g015447,0.333333333333333,256:4,3,3,3,0,0,4,1,0,0
g015448,1,258:2,1,1,1,0,0,2,1,0,1
g015452,0.5,258:2,2,2,2,0,0,2,1,0,0
g015456,0.5,258:2,2,2,2,0,0,2,1,0,0
g015464,0.333333333333333,234:26,3,3,2,1,0,26,0,0,0
g015465,1,258:2,1,1,1,0,0,2,1,0,1
g015466,0.5,255:5,2,2,2,0,0,5,1,0,0
g015468,1,257:3,1,1,1,0,0,3,0,0,1
g015471,0.333333333333333,251:9,3,3,2,1,0,9,1,0,0
g015473,1,258:2,1,1,1,0,0,2,0,0,1
g015487,1,257:3,1,1,1,0,0,3,1,0,1
g015498,0.5,243:17,2,2,2,0,0,17,0,0,0
g015499,0.166666666666667,230:30,6,6,4,2,0,30,1,0,0
g015500,0.333333333333333,256:4,3,3,3,0,0,4,2,0,0
g015501,1,257:3,1,1,1,0,0,3,0,0,1
g015502,0.142857142857143,251:9,7,7,6,1,0,9,2,0,0
g015507,0.333333333333333,257:3,3,3,3,0,0,3,1,0,0
g015511,0.25,255:5,4,4,3,1,0,5,2,0,0
g015512,0.5,258:2,2,2,2,0,0,2,2,0,0
g015513,1,258:2,1,1,1,0,0,2,1,0,1
g015515,1,258:2,1,1,1,0,0,2,1,0,1
g015516,0.5,258:2,2,2,2,0,0,2,1,0,0
g015519,0.5,257:3,2,2,2,0,0,3,2,0,0
g015521,1,244:16,1,1,1,0,0,16,0,0,1
g015522,0.333333333333333,257:3,3,3,3,0,0,3,2,0,0
g015525,1,257:3,1,1,1,0,0,3,0,0,1
g015526,0.5,257:3,2,2,2,1,0,3,1,0,0
g015527,0.5,257:3,2,2,2,0,0,3,1,0,0
g015529,0.5,258:2,2,2,2,0,0,2,1,0,0
g015537,0.5,258:2,2,2,2,0,0,2,0,0,0
g015542,0.5,258:2,2,2,2,0,0,2,1,0,0
g015544,0.5,258:2,2,2,2,0,0,2,1,0,0
g015557,0.5,258:2,2,2,2,0,0,2,0,0,0
g015570,0.5,243:17,2,2,2,1,0,17,0,0,0
g015571,0.333333333333333,234:26,3,3,2,1,0,26,0,0,0
g015572,0.333333333333333,253:7,3,3,3,0,0,7,2,0,0
g015573,0.2,254:6,5,5,5,1,0,6,2,0,0
g015579,1,258:2,1,1,1,0,0,2,1,0,1
g015580,0.5,258:2,2,2,1,1,0,2,1,0,1
g015591,0.25,4:256,4,4,0,4,1,256,1,0,1
g015592,0.333333333333333,256:4,3,3,3,0,0,4,0,0,0
g015593,1,258:2,1,1,1,0,0,2,0,0,1
g015594,1,257:3,1,1,1,0,0,3,0,0,1
g015595,0.333333333333333,257:3,3,3,3,0,0,3,0,0,0
g015596,0.25,255:5,4,4,4,0,0,5,2,0,0
g015600,0.5,257:3,2,2,2,0,0,3,0,0,0
g015602,0.5,258:2,2,2,2,0,0,2,0,0,0
g015604,0.5,258:2,2,2,2,0,0,2,2,0,0
g015607,0.5,257:3,2,2,2,0,0,3,0,0,0
g015608,0.5,258:2,2,2,2,0,0,2,2,0,0
g015615,0.5,258:2,2,2,2,0,0,2,2,0,0
g015624,1,258:2,1,1,1,0,0,2,1,0,1
g015628,0.25,256:4,4,4,4,0,0,4,1,0,0
g015632,0.25,251:9,4,4,4,0,0,9,1,0,0
g015633,0.5,253:7,2,2,2,0,0,7,1,0,0
g015635,1,256:4,1,1,1,0,0,4,1,0,1
g015643,0.5,258:2,2,2,2,0,0,2,2,0,0
g015647,0.5,258:2,2,2,2,0,0,2,0,0,0
g015653,0.25,250:10,4,4,2,2,0,10,2,0,0
g015654,0.5,257:3,2,2,2,0,0,3,2,0,0
g015655,1,258:2,1,1,1,0,0,2,1,0,1
g015657,0.5,256:4,2,2,2,0,0,4,1,0,0
g015661,0.333333333333333,256:4,3,3,3,0,0,4,0,0,0
g015665,0.5,258:2,2,2,2,0,0,2,2,0,0
g015666,0.5,258:2,2,2,2,0,0,2,1,0,0
g015667,0.5,258:2,2,2,2,0,0,2,1,0,0
g015669,1,256:4,1,1,1,0,0,4,1,0,1
g015672,0.333333333333333,257:3,3,3,3,0,0,3,2,0,0
g015682,0.5,258:2,2,2,2,0,0,2,1,0,0
g015683,1,257:3,1,1,1,0,0,3,1,0,1
g015684,0.5,258:2,2,2,2,0,0,2,2,0,0
g015685,0.5,258:2,2,2,2,0,0,2,2,0,0
g015689,0.5,258:2,2,2,2,0,0,2,0,0,0
g015692,0.166666666666667,253:7,6,6,4,3,0,7,0,0,0
g015694,0.333333333333333,257:3,3,3,2,1,0,3,1,0,0
g015695,0.5,257:3,2,2,1,1,0,3,1,0,1
g015708,1,258:2,1,1,1,0,0,2,0,0,1
g015711,1,208:52,1,1,1,0,0,52,0,0,1
g015712,0.166666666666667,229:31,6,6,2,4,0,31,1,0,0
g015714,1,258:2,1,1,1,0,0,2,0,0,1
g015715,1,257:3,1,1,1,0,0,3,1,0,1
g015718,1,256:4,1,1,1,0,0,4,1,0,1
g015722,0.5,258:2,2,2,2,0,0,2,2,0,0
g015724,0.333333333333333,257:3,3,3,3,0,0,3,0,0,0
g015728,0.5,258:2,2,2,2,0,0,2,0,0,0
g015734,0.5,258:2,2,2,2,0,0,2,0,0,0
g015736,1,258:2,1,1,1,0,0,2,0,0,1
g015741,0.2,254:6,5,5,5,1,0,6,2,0,0
g015744,0.2,254:6,5,5,5,0,0,6,1,0,0
g015745,1,258:2,1,1,1,0,0,2,0,0,1
g015750,0.333333333333333,257:3,3,3,3,0,0,3,1,0,0
g015753,0.5,257:3,2,2,1,1,0,3,1,0,1
g015767,0.125,217:43,8,8,8,1,0,43,1,0,0
g015769,0.5,252:8,2,2,2,0,0,8,1,0,0
g015770,1,258:2,1,1,1,0,0,2,1,0,1
g015773,0.5,258:2,2,2,2,0,0,2,1,0,0
g015783,1,257:3,1,1,1,0,0,3,1,0,1
g015788,0.333333333333333,256:4,3,3,2,2,0,4,1,0,0
g015789,0.5,258:2,2,2,2,0,0,2,2,0,0
g015792,1,258:2,1,1,1,0,0,2,0,0,1
g015793,0.25,256:4,4,4,4,0,0,4,2,0,0
g015803,1,257:3,1,1,1,0,0,3,0,0,1
g015808,0.5,258:2,2,2,2,0,0,2,1,0,0
g015809,1,258:2,1,1,1,0,0,2,0,0,1
g015810,0.5,257:3,2,2,2,1,0,3,0,0,0
g015811,0.5,258:2,2,2,2,0,0,2,2,0,0
g015821,0.0185185185185185,169:91,54,54,35,24,1,91,1,0,0
g015822,0.25,254:6,4,4,4,0,0,6,0,0,0
g015823,0.5,256:4,2,2,2,0,0,4,1,0,0
g015825,0.333333333333333,257:3,3,3,3,0,0,3,1,0,0
g015826,0.333333333333333,256:4,3,3,3,0,0,4,2,0,0
g015827,0.5,258:2,2,2,2,0,0,2,1,0,0
g015828,0.25,256:4,4,4,4,0,0,4,2,0,0
g015832,0.5,256:4,2,2,2,0,0,4,1,0,0
g015833,0.5,258:2,2,2,2,0,0,2,1,0,0
g015837,0.5,258:2,2,2,2,0,0,2,2,0,0
g015839,0.5,257:3,2,2,2,0,0,3,2,0,0
g015845,0.5,235:25,2,2,1,1,0,25,0,0,1
g015846,0.5,257:3,2,2,2,1,0,3,1,0,0
g015847,0.333333333333333,254:6,3,3,3,0,0,6,1,0,0
g015848,1,254:6,1,1,1,0,0,6,1,0,1
g015849,1,258:2,1,1,1,0,0,2,0,0,1
g015850,0.5,249:11,2,2,2,1,0,11,0,0,0
g015851,0.5,257:3,2,2,2,0,0,3,1,0,0
g015855,0.5,258:2,2,2,2,0,0,2,1,0,0
g015864,0.142857142857143,222:38,7,7,1,6,0,38,1,0,1
g015865,0.0714285714285714,194:66,14,14,10,4,0,66,1,0,0
g015867,0.5,237:23,2,2,1,1,0,23,1,0,1
g015868,0.142857142857143,245:15,7,7,7,1,0,15,2,0,0
g015871,1,258:2,1,1,1,0,0,2,0,0,1
g015873,1,258:2,1,1,1,0,0,2,1,0,1
g015876,1,258:2,1,1,1,0,0,2,1,0,1
g015891,1,258:2,1,1,1,0,0,2,1,0,1
g015895,0.25,202:58,4,4,4,0,0,58,1,0,0
g015897,1,258:2,1,1,1,0,0,2,1,0,1
g015898,0.142857142857143,247:13,7,7,4,4,0,13,1,0,0
g015899,0.25,252:8,4,4,3,1,0,8,0,0,0
g015909,0.5,258:2,2,2,2,0,0,2,2,0,0
g015916,0.5,257:3,2,2,2,0,0,3,2,0,0
g015923,0.0769230769230769,244:16,13,13,13,0,0,16,1,0,0
g015925,1,254:6,1,1,1,0,0,6,0,0,1
g015926,0.5,257:3,2,2,2,0,0,3,1,0,0
g015938,0.02,66:194,50,50,13,40,1,194,1,0,0
g015939,1,256:4,1,1,1,0,0,4,1,0,1
g015941,0.333333333333333,256:4,3,3,3,0,0,4,1,0,0
g015944,0.5,258:2,2,2,2,0,0,2,2,0,0
g015946,0.5,257:3,2,2,1,1,0,3,0,0,1
g015957,1,236:24,1,1,1,0,0,24,1,0,1
g015958,1,255:5,1,1,1,0,0,5,1,0,1
g015959,1,258:2,1,1,1,0,0,2,1,0,1
g015961,0.5,256:4,2,2,2,0,0,4,1,0,0
g015966,0.333333333333333,257:3,3,3,3,0,0,3,0,0,0
g015971,1,256:4,1,1,1,0,0,4,1,0,1
g015972,0.5,258:2,2,2,2,0,0,2,1,0,0
g015988,0.333333333333333,255:5,3,3,3,0,0,5,1,0,0
g015989,1,258:2,1,1,1,0,0,2,0,0,1
g015991,0.5,257:3,2,2,2,0,0,3,0,0,0
g015999,0.5,258:2,2,2,2,0,0,2,2,0,0
g016000,0.5,258:2,2,2,2,0,0,2,2,0,0
g016003,0.5,257:3,2,2,2,0,0,3,2,0,0
g016006,0.125,246:14,8,8,8,0,0,14,1,0,0
g016007,0.166666666666667,248:12,6,6,5,2,0,12,1,0,0
g016008,0.333333333333333,250:10,3,3,3,0,0,10,1,0,0
g016009,0.0909090909090909,247:13,11,11,10,2,0,13,1,0,0
g016012,1,258:2,1,1,1,0,0,2,1,0,1
g016018,1,255:5,1,1,1,0,0,5,0,0,1
g016019,0.333333333333333,257:3,3,3,3,0,0,3,0,0,0
g016021,0.5,258:2,2,2,2,0,0,2,2,0,0
g016022,0.5,255:5,2,2,2,0,0,5,1,0,0
g016033,0.125,217:43,8,8,7,1,0,43,1,0,0
g016037,1,258:2,1,1,1,0,0,2,1,0,1
g016038,0.0833333333333333,247:13,12,12,10,2,0,13,1,0,0
g016040,1,256:4,1,1,1,0,0,4,1,0,1
g016041,0.25,250:10,4,4,3,1,0,10,1,0,0
g016042,0.2,255:5,5,5,5,0,0,5,1,0,0
g016043,1,258:2,1,1,1,0,0,2,1,0,1
g016044,1,257:3,1,1,1,0,0,3,1,0,1
g016047,0.5,258:2,2,2,2,0,0,2,2,0,0
g016049,1,252:8,1,1,1,0,0,8,1,0,1
g016050,0.5,258:2,2,2,2,0,0,2,1,0,0
g016054,0.5,258:2,2,2,2,0,0,2,1,0,0
g016055,0.5,258:2,2,2,2,0,0,2,2,0,0
g016060,0.5,258:2,2,2,2,0,0,2,0,0,0
g016064,0.333333333333333,257:3,3,3,3,0,0,3,0,0,0
g016066,1,258:2,1,1,1,0,0,2,1,0,1
g016067,1,257:3,1,1,1,0,0,3,1,0,1
g016068,0.5,258:2,2,2,2,0,0,2,1,0,0
g016071,0.5,254:6,2,2,2,0,0,6,1,0,0
g016072,0.5,258:2,2,2,2,0,0,2,0,0,0
g016090,0.166666666666667,229:31,6,6,2,4,0,31,1,0,0
g016093,0.5,256:4,2,2,2,0,0,4,2,0,0
g016094,1,258:2,1,1,1,0,0,2,1,0,1
g016096,0.142857142857143,253:7,7,7,7,0,0,7,1,0,0
g016099,0.333333333333333,256:4,3,3,3,1,0,4,0,0,0
g016106,1,256:4,1,1,1,0,0,4,0,0,1
g016108,0.5,258:2,2,2,2,0,0,2,1,0,0
g016109,0.5,258:2,2,2,2,0,0,2,1,0,0
g016110,0.5,257:3,2,2,1,1,0,3,1,0,1
g016112,0.5,256:4,2,2,2,0,0,4,1,0,0
g016124,0.5,252:8,2,2,2,0,0,8,0,0,0
g016125,1,256:4,1,1,1,0,0,4,1,0,1
g016126,1,256:4,1,1,1,0,0,4,1,0,1
g016132,1,257:3,1,1,1,0,0,3,1,0,1
g016133,1,258:2,1,1,1,0,0,2,0,0,1
g016135,0.5,249:11,2,2,2,1,0,11,0,0,0
g016137,0.5,258:2,2,2,2,0,0,2,1,0,0
g016138,0.5,257:3,2,2,1,1,0,3,1,0,1
g016141,1,258:2,1,1,1,0,0,2,1,0,1
g016142,0.333333333333333,257:3,3,3,3,1,0,3,1,0,0
g016145,1,258:2,1,1,1,0,0,2,0,0,1
g016146,0.5,258:2,2,2,2,0,0,2,0,0,0
g016163,1,258:2,1,1,1,0,0,2,1,0,1
g016165,1,257:3,1,1,1,0,0,3,1,0,1
g016166,1,257:3,1,1,1,0,0,3,1,0,1
g016168,1,258:2,1,1,1,0,0,2,1,0,1
g016170,1,256:4,1,1,1,0,0,4,1,0,1
g016172,0.2,253:7,5,5,4,1,0,7,1,0,0
g016174,1,258:2,1,1,1,0,0,2,1,0,1
g016184,0.5,258:2,2,2,2,0,0,2,1,0,0
g016185,0.5,256:4,2,2,2,0,0,4,1,0,0
g016189,0.5,258:2,2,2,2,0,0,2,2,0,0
g016196,0.0416666666666667,107:153,24,24,14,12,1,153,1,0,0
g016198,0.5,254:6,2,2,2,0,0,6,1,0,0
g016199,0.25,253:7,4,4,4,0,0,7,2,0,0
g016201,0.333333333333333,257:3,3,3,3,0,0,3,0,0,0
g016204,0.5,258:2,2,2,2,0,0,2,1,0,0
g016205,1,256:4,1,1,1,0,0,4,1,0,1
g016212,0.5,256:4,2,2,2,0,0,4,1,0,0
g016215,1,258:2,1,1,1,0,0,2,0,0,1
g016216,0.5,258:2,2,2,2,0,0,2,1,0,0
g016221,0.142857142857143,230:30,7,7,6,1,0,30,2,0,0
g016223,0.5,258:2,2,2,2,0,0,2,2,0,0
g016224,1,258:2,1,1,1,0,0,2,1,0,1
g016225,0.1,239:21,10,10,9,1,0,21,0,0,0
g016226,1,257:3,1,1,1,0,0,3,0,0,1
g016227,0.333333333333333,257:3,3,3,3,0,0,3,1,0,0
g016229,1,256:4,1,1,1,0,0,4,1,0,1
g016230,0.0714285714285714,245:15,14,14,14,0,0,15,2,0,0
g016235,0.25,256:4,4,4,4,0,0,4,1,0,0
g016239,0.5,258:2,2,2,2,0,0,2,1,0,0
g016240,1,256:4,1,1,1,0,0,4,0,0,1
g016242,0.5,258:2,2,2,2,0,0,2,1,0,0
g016243,0.5,255:5,2,2,2,0,0,5,0,0,0
g016251,0.5,258:2,2,2,2,0,0,2,2,0,0
g016255,0.333333333333333,252:8,3,3,3,0,0,8,1,0,0
g016256,1,258:2,1,1,1,0,0,2,0,0,1
g016257,0.5,256:4,2,2,2,0,0,4,1,0,0
g016261,0.5,258:2,2,2,2,0,0,2,1,0,0
g016267,0.2,254:6,5,5,5,0,0,6,2,0,0
g016272,0.5,258:2,2,2,2,0,0,2,1,0,0
g016274,0.5,258:2,2,2,2,0,0,2,0,0,0
g016281,0.125,220:40,8,8,2,6,0,40,1,0,0
g016284,1,258:2,1,1,1,0,0,2,1,0,1
g016285,0.25,253:7,4,4,4,0,0,7,2,0,0
g016286,0.333333333333333,256:4,3,3,3,1,0,4,0,0,0
g016289,0.25,255:5,4,4,4,0,0,5,1,0,0
g016290,1,257:3,1,1,1,0,0,3,1,0,1
g016291,1,258:2,1,1,1,0,0,2,0,0,1
g016293,0.25,256:4,4,4,4,0,0,4,1,0,0
g016296,1,258:2,1,1,1,0,0,2,1,0,1
g016298,0.5,258:2,2,2,2,0,0,2,1,0,0
g016300,0.125,249:11,8,8,8,0,0,11,2,0,0
g016301,1,254:6,1,1,1,0,0,6,1,0,1
g016302,0.5,258:2,2,2,2,0,0,2,1,0,0
g016306,1,256:4,1,1,1,0,0,4,1,0,1
g016307,1,256:4,1,1,1,0,0,4,1,0,1
g016308,0.5,257:3,2,2,2,0,0,3,1,0,0
g016310,0.5,258:2,2,2,2,0,0,2,2,0,0
g016314,0.5,258:2,2,2,2,0,0,2,1,0,0
g016317,0.5,258:2,2,2,2,0,0,2,2,0,0
g016320,0.5,257:3,2,2,1,1,0,3,0,0,1
g016333,1,208:52,1,1,1,0,0,52,1,0,1
g016334,0.0666666666666667,15:245,15,15,1,15,1,245,1,0,0
g016336,1,256:4,1,1,1,0,0,4,1,0,1
g016339,1,257:3,1,1,1,0,0,3,1,0,1
g016341,1,256:4,1,1,1,0,0,4,1,0,1
g016344,0.5,258:2,2,2,2,0,0,2,1,0,0
g016345,0.5,258:2,2,2,2,0,0,2,1,0,0
g016348,0.2,255:5,5,5,5,0,0,5,2,0,0
g016349,0.5,258:2,2,2,2,0,0,2,1,0,0
g016350,1,256:4,1,1,1,0,0,4,1,0,1
g016354,0.25,255:5,4,4,3,1,0,5,1,0,0
g016361,0.5,258:2,2,2,2,0,0,2,2,0,0
g016371,0.5,253:7,2,2,2,0,0,7,2,0,0
g016373,0.2,253:7,5,5,5,0,0,7,1,0,0
g016382,0.25,255:5,4,4,4,1,0,5,1,0,0
g016383,1,254:6,1,1,1,0,0,6,1,0,1
g016385,1,258:2,1,1,1,0,0,2,0,0,1
g016389,0.5,254:6,2,2,2,0,0,6,1,0,0
g016396,0.5,257:3,2,2,2,0,0,3,2,0,0
g016405,1,208:52,1,1,1,0,0,52,0,0,1
g016407,0.333333333333333,256:4,3,3,3,1,0,4,1,0,0
g016412,0.333333333333333,256:4,3,3,3,1,0,4,0,0,0
g016413,0.5,257:3,2,2,1,1,0,3,0,0,1
g016415,0.5,258:2,2,2,2,0,0,2,1,0,0
g016424,0.5,258:2,2,2,2,0,0,2,2,0,0
g016425,0.333333333333333,257:3,3,3,3,0,0,3,2,0,0
g016430,0.5,254:6,2,2,2,0,0,6,1,0,0
g016432,0.166666666666667,229:31,6,6,2,4,0,31,1,0,0
g016433,1,258:2,1,1,1,0,0,2,1,0,1
g016434,0.333333333333333,256:4,3,3,3,1,0,4,0,0,0
g016435,0.166666666666667,254:6,6,6,6,1,0,6,0,0,0
g016437,0.125,240:20,8,8,8,1,0,20,2,0,0
g016438,0.5,258:2,2,2,2,0,0,2,0,0,0
g016439,0.5,258:2,2,2,2,0,0,2,2,0,0
g016442,0.25,255:5,4,4,4,0,0,5,1,0,0
g016444,0.5,256:4,2,2,2,0,0,4,1,0,0
g016459,0.142857142857143,186:74,7,7,4,3,0,74,1,0,0
g016462,0.5,258:2,2,2,2,0,0,2,0,0,0
g016464,0.333333333333333,256:4,3,3,3,0,0,4,0,0,0
g016465,0.333333333333333,257:3,3,3,3,0,0,3,2,0,0
g016466,1,257:3,1,1,1,0,0,3,1,0,1
g016467,0.5,258:2,2,2,2,0,0,2,2,0,0
g016473,1,255:5,1,1,1,0,0,5,0,0,1
g016480,0.5,258:2,2,2,2,0,0,2,2,0,0
g016485,0.5,258:2,2,2,2,0,0,2,1,0,0
g016494,1,244:16,1,1,1,0,0,16,1,0,1
g016495,0.5,254:6,2,2,2,0,0,6,1,0,0
g016497,0.5,256:4,2,2,2,0,0,4,1,0,0
g016500,0.5,258:2,2,2,2,0,0,2,2,0,0
g016501,0.2,254:6,5,5,5,0,0,6,0,0,0
g016502,0.5,257:3,2,2,2,0,0,3,0,0,0
g016505,0.333333333333333,257:3,3,3,3,0,0,3,2,0,0
g016508,0.5,258:2,2,2,2,0,0,2,2,0,0
g016511,0.25,255:5,4,4,4,0,0,5,1,0,0
g016524,0.5,257:3,2,2,2,0,0,3,2,0,0
g016531,1,258:2,1,1,1,0,0,2,1,0,1
g016535,1,240:20,1,1,1,0,0,20,1,0,1
g016538,0.5,258:2,2,2,2,0,0,2,1,0,0
g016540,1,256:4,1,1,1,0,0,4,1,0,1
g016542,0.5,258:2,2,2,2,0,0,2,2,0,0
g016543,1,258:2,1,1,1,0,0,2,1,0,1
g016544,0.5,256:4,2,2,2,0,0,4,1,0,0
g016545,0.5,258:2,2,2,2,0,0,2,0,0,0
g016550,0.5,257:3,2,2,2,0,0,3,2,0,0
g016551,0.5,257:3,2,2,2,0,0,3,2,0,0
g016555,0.333333333333333,252:8,3,3,1,2,0,8,0,0,1
g016557,0.333333333333333,257:3,3,3,3,0,0,3,2,0,0
g016558,0.25,256:4,4,4,4,0,0,4,2,0,0
g016560,0.25,255:5,4,4,3,1,0,5,0,0,0
g016561,0.333333333333333,257:3,3,3,3,0,0,3,2,0,0
g016562,0.5,254:6,2,2,2,0,0,6,1,0,0
g016565,0.5,258:2,2,2,2,0,0,2,2,0,0
g016572,0.5,257:3,2,2,2,0,0,3,2,0,0
g016576,0.5,258:2,2,2,2,0,0,2,1,0,0
g016577,1,257:3,1,1,1,0,0,3,0,0,1
g016580,0.333333333333333,257:3,3,3,3,0,0,3,2,0,0
g016587,0.111111111111111,237:23,9,9,9,0,0,23,1,0,0
g016593,0.5,256:4,2,2,1,1,0,4,1,0,1
g016597,0.25,251:9,4,4,4,1,0,9,1,0,0
g016605,0.5,258:2,2,2,2,0,0,2,1,0,0
g016619,0.5,257:3,2,2,2,0,0,3,0,0,0
g016620,0.25,256:4,4,4,4,0,0,4,2,0,0
g016621,1,258:2,1,1,1,0,0,2,1,0,1
g016625,0.5,257:3,2,2,2,0,0,3,1,0,0
g016627,0.333333333333333,257:3,3,3,3,0,0,3,1,0,0
g016629,0.5,258:2,2,2,2,0,0,2,1,0,0
g016631,0.5,258:2,2,2,2,0,0,2,2,0,0
g016632,1,256:4,1,1,1,0,0,4,0,0,1
g016633,0.5,258:2,2,2,2,0,0,2,2,0,0
g016636,0.5,258:2,2,2,2,1,0,2,1,0,0
g016639,1,257:3,1,1,1,0,0,3,1,0,1
g016640,0.333333333333333,257:3,3,3,3,0,0,3,1,0,0
g016647,0.25,255:5,4,4,4,0,0,5,0,0,0
g016648,0.5,256:4,2,2,2,0,0,4,1,0,0
g016653,0.5,258:2,2,2,2,0,0,2,1,0,0
g016657,0.5,257:3,2,2,2,1,0,3,1,0,0
g016658,0.5,258:2,2,2,2,0,0,2,1,0,0
g016660,1,258:2,1,1,1,0,0,2,0,0,1
g016662,0.25,256:4,4,4,4,0,0,4,0,0,0
g016663,0.5,258:2,2,2,2,0,0,2,2,0,0
g016676,1,208:52,1,1,1,0,0,52,0,0,1
g016679,1,258:2,1,1,1,0,0,2,1,0,1
g016681,0.333333333333333,253:7,3,3,3,0,0,7,2,0,0
g016687,0.5,258:2,2,2,2,0,0,2,2,0,0
g016688,1,258:2,1,1,1,0,0,2,0,0,1
g016689,1,258:2,1,1,1,0,0,2,0,0,1
g016690,1,258:2,1,1,1,0,0,2,0,0,1
g016692,0.5,257:3,2,2,2,0,0,3,1,0,0
g016693,0.5,258:2,2,2,2,0,0,2,1,0,0
g016700,0.333333333333333,256:4,3,3,3,0,0,4,1,0,0
g016706,0.5,258:2,2,2,2,0,0,2,1,0,0
g016708,1,258:2,1,1,1,0,0,2,0,0,1
g016713,0.142857142857143,228:32,7,7,3,4,0,32,1,0,0
g016714,1,258:2,1,1,1,0,0,2,1,0,1
g016715,1,258:2,1,1,1,0,0,2,0,0,1
g016716,1,257:3,1,1,1,0,0,3,1,0,1
g016717,0.333333333333333,257:3,3,3,3,0,0,3,0,0,0
g016718,0.333333333333333,257:3,3,3,3,0,0,3,0,0,0
g016720,1,257:3,1,1,1,0,0,3,1,0,1
g016724,1,257:3,1,1,1,0,0,3,1,0,1
g016726,0.25,255:5,4,4,4,0,0,5,1,0,0
g016738,1,258:2,1,1,1,0,0,2,0,0,1
g016742,0.0294117647058824,177:83,34,34,31,5,0,83,2,0,0
g016745,0.333333333333333,241:19,3,3,2,1,0,19,0,0,0
g016746,0.5,257:3,2,2,2,0,0,3,1,0,0
g016748,0.5,257:3,2,2,2,0,0,3,0,0,0
g016749,0.5,257:3,2,2,2,0,0,3,0,0,0
g016752,0.25,256:4,4,4,4,0,0,4,2,0,0
g016754,0.5,258:2,2,2,2,0,0,2,2,0,0
g016755,0.2,255:5,5,5,5,0,0,5,1,0,0
g016757,0.2,243:17,5,5,5,1,0,17,0,0,0
g016759,0.5,258:2,2,2,2,0,0,2,1,0,0
g016763,0.5,258:2,2,2,2,0,0,2,0,0,0
g016770,0.5,258:2,2,2,2,0,0,2,0,0,0
g016776,0.5,258:2,2,2,2,1,0,2,1,0,0
g016791,0.5,258:2,2,2,2,0,0,2,1,0,0
g016800,0.25,253:7,4,4,4,0,0,7,1,0,0
g016801,0.5,257:3,2,2,2,0,0,3,0,0,0
g016804,1,258:2,1,1,1,0,0,2,0,0,1
g016805,0.333333333333333,257:3,3,3,3,0,0,3,1,0,0
g016806,0.5,258:2,2,2,2,0,0,2,2,0,0
g016808,0.0625,230:30,16,16,14,2,0,30,1,0,0
g016814,0.333333333333333,257:3,3,3,3,0,0,3,1,0,0
g016815,1,257:3,1,1,1,0,0,3,1,0,1
g016817,0.333333333333333,256:4,3,3,3,0,0,4,0,0,0
g016818,0.333333333333333,256:4,3,3,2,1,0,4,0,0,0
g016819,0.5,256:4,2,2,2,0,0,4,0,0,0
g016820,0.5,258:2,2,2,2,0,0,2,2,0,0
g016822,0.333333333333333,257:3,3,3,2,1,0,3,1,0,0
g016826,0.5,258:2,2,2,2,0,0,2,0,0,0
g016828,0.333333333333333,257:3,3,3,3,0,0,3,1,0,0
g016834,0.5,258:2,2,2,2,0,0,2,0,0,0
g016838,0.5,257:3,2,2,2,0,0,3,2,0,0
g016839,0.5,257:3,2,2,2,0,0,3,2,0,0
g016841,0.5,207:53,2,2,2,0,0,53,0,0,0
g016845,1,258:2,1,1,1,0,0,2,1,0,1
g016846,0.333333333333333,256:4,3,3,3,0,0,4,2,0,0
g016847,0.125,226:34,8,8,7,1,0,34,2,0,0
g016848,1,234:26,1,1,1,0,0,26,0,0,1
g016849,0.5,255:5,2,2,2,0,0,5,1,0,0
g016851,1,255:5,1,1,1,0,0,5,1,0,1
g016852,1,257:3,1,1,1,0,0,3,1,0,1
g016853,0.333333333333333,257:3,3,3,3,0,0,3,0,0,0
g016860,0.5,257:3,2,2,2,0,0,3,0,0,0
g016864,0.333333333333333,254:6,3,3,3,0,0,6,1,0,0
g016867,0.5,258:2,2,2,2,0,0,2,1,0,0
g016869,0.5,258:2,2,2,2,0,0,2,0,0,0
g016877,0.333333333333333,257:3,3,3,3,0,0,3,1,0,0
g016884,0.5,257:3,2,2,2,0,0,3,2,0,0
g016888,1,208:52,1,1,1,0,0,52,0,0,1
g016892,1,258:2,1,1,1,0,0,2,1,0,1
g016895,0.25,256:4,4,4,4,0,0,4,2,0,0
g016896,0.333333333333333,257:3,3,3,3,0,0,3,2,0,0
g016897,0.5,258:2,2,2,2,0,0,2,1,0,0
g016903,0.333333333333333,256:4,3,3,3,0,0,4,2,0,0
g016904,1,258:2,1,1,1,0,0,2,0,0,1
g016911,0.2,253:7,5,5,4,1,0,7,1,0,0
g016912,0.5,258:2,2,2,2,0,0,2,1,0,0
g016915,0.333333333333333,257:3,3,3,3,0,0,3,2,0,0
g016918,0.5,258:2,2,2,2,0,0,2,2,0,0
g016921,0.5,258:2,2,2,2,0,0,2,1,0,0
g016932,0.5,258:2,2,2,2,0,0,2,0,0,0
g016940,0.333333333333333,257:3,3,3,3,0,0,3,1,0,0
g016950,0.0769230769230769,224:36,13,13,11,2,0,36,2,0,0
g016951,0.5,255:5,2,2,2,0,0,5,1,0,0
g016954,1,258:2,1,1,1,0,0,2,1,0,1
g016955,1,257:3,1,1,1,0,0,3,1,0,1
g016956,1,257:3,1,1,1,0,0,3,1,0,1
g016962,0.5,258:2,2,2,2,0,0,2,2,0,0
g016963,0.2,255:5,5,5,5,0,0,5,0,0,0
g016966,1,258:2,1,1,1,0,0,2,1,0,1
g016968,0.333333333333333,255:5,3,3,3,0,0,5,0,0,0
g016975,0.5,258:2,2,2,2,0,0,2,1,0,0
g016978,0.333333333333333,257:3,3,3,3,0,0,3,2,0,0
g016979,0.333333333333333,257:3,3,3,3,0,0,3,2,0,0
g017019,0.2,232:28,5,5,5,0,0,28,2,0,0
g017021,0.2,252:8,5,5,5,0,0,8,1,0,0
g017022,0.2,250:10,5,5,4,1,0,10,0,0,0
g017023,0.333333333333333,255:5,3,3,3,0,0,5,0,0,0
g017025,0.166666666666667,253:7,6,6,5,1,0,7,1,0,0
g017026,0.333333333333333,257:3,3,3,3,0,0,3,2,0,0
g017028,1,258:2,1,1,1,0,0,2,2,1,1
g017029,0.25,255:5,4,4,4,0,0,5,2,0,0
g017030,0.5,255:5,2,2,2,0,0,5,1,0,0
g017031,0.5,258:2,2,2,2,0,0,2,1,0,0
g017033,0.333333333333333,257:3,3,3,3,0,0,3,0,0,0
g017034,0.25,256:4,4,4,4,0,0,4,1,0,0
g017036,0.25,256:4,4,4,4,0,0,4,1,0,0
g017038,0.333333333333333,257:3,3,3,3,0,0,3,0,0,0
g017040,0.5,256:4,2,2,2,0,0,4,0,0,0
g017044,0.333333333333333,257:3,3,3,3,1,0,3,1,0,0
g017065,0.2,251:9,5,5,4,1,0,9,0,0,0
g017067,0.333333333333333,257:3,3,3,3,0,0,3,1,1,0
g017069,0.125,252:8,8,8,8,0,0,8,1,0,0
g017071,0.2,254:6,5,5,5,0,0,6,1,0,0
g017074,0.5,258:2,2,2,2,0,0,2,0,0,0
g017082,0.5,258:2,2,2,2,0,0,2,2,0,0
g017097,0.5,258:2,2,2,2,0,0,2,1,0,0
g017098,1,236:24,1,1,1,0,0,24,1,0,1
g017099,1,258:2,1,1,1,0,0,2,1,0,1
g017100,1,255:5,1,1,1,0,0,5,1,0,1
g017101,0.2,254:6,5,5,5,0,0,6,2,0,0
g017103,0.5,258:2,2,2,2,0,0,2,0,1,0
g017104,0.25,256:4,4,4,4,0,0,4,2,0,0
g017105,0.25,256:4,4,4,4,0,0,4,1,0,0
g017107,0.25,252:8,4,4,3,1,0,8,0,0,0
g017109,0.5,258:2,2,2,2,0,0,2,0,0,0
g017112,0.125,249:11,8,8,8,0,0,11,2,0,0
g017113,0.5,258:2,2,2,2,0,0,2,2,0,0
g017114,0.25,256:4,4,4,4,0,0,4,1,0,0
g017115,1,257:3,1,1,1,0,0,3,1,0,1
g017118,0.5,250:10,2,2,2,0,0,10,1,0,0
g017120,1,257:3,1,1,1,0,0,3,1,0,1
g017122,1,258:2,1,1,1,0,0,2,1,0,1
g017132,0.5,258:2,2,2,2,0,0,2,0,0,0
g017141,1,258:2,1,1,1,0,0,2,1,0,1
g017145,0.166666666666667,254:6,6,6,6,1,0,6,2,0,0
g017146,0.111111111111111,224:36,9,9,9,0,0,36,1,0,0
g017147,0.5,256:4,2,2,2,0,0,4,2,0,0
g017148,1,258:2,1,1,1,0,0,2,1,0,1
g017150,0.5,258:2,2,2,2,0,0,2,2,0,0
g017151,1,258:2,1,1,1,0,0,2,1,0,1
g017153,0.5,257:3,2,2,2,0,0,3,1,0,0
g017159,0.5,258:2,2,2,2,0,0,2,2,0,0
g017160,0.333333333333333,257:3,3,3,3,0,0,3,0,0,0
g017167,0.5,258:2,2,2,2,0,0,2,2,0,0
g017168,0.333333333333333,257:3,3,3,3,0,0,3,0,0,0
g017193,0.5,258:2,2,2,2,0,0,2,2,0,0
g017194,0.2,255:5,5,5,5,0,0,5,1,0,0
g017195,1,258:2,1,1,1,0,0,2,1,0,1
g017196,0.166666666666667,248:12,6,6,4,2,0,12,1,0,0
g017198,0.5,258:2,2,2,2,0,0,2,0,0,0
g017199,1,254:6,1,1,1,0,0,6,1,0,1
g017201,0.333333333333333,256:4,3,3,3,0,0,4,0,0,0
g017202,0.25,255:5,4,4,4,0,0,5,2,0,0
g017203,1,257:3,1,1,1,0,0,3,1,0,1
g017204,1,258:2,1,1,1,0,0,2,0,0,1
g017205,0.5,258:2,2,2,2,0,0,2,0,0,0
g017206,0.5,257:3,2,2,2,0,0,3,0,0,0
g017208,0.333333333333333,256:4,3,3,3,0,0,4,0,0,0
g017209,1,258:2,1,1,1,0,0,2,1,0,1
g017210,0.5,258:2,2,2,2,0,0,2,0,0,0
g017212,0.142857142857143,253:7,7,7,7,0,0,7,2,0,0
g017213,1,258:2,1,1,1,0,0,2,0,0,1
g017220,0.5,258:2,2,2,2,0,0,2,2,0,0
g017221,1,254:6,1,1,1,0,0,6,0,0,1
g017230,1,258:2,1,1,1,0,0,2,1,0,1
g017232,0.333333333333333,257:3,3,3,3,1,0,3,1,0,0
g017237,1,257:3,1,1,1,0,0,3,1,0,1
g017238,0.5,258:2,2,2,2,0,0,2,1,0,0
g017242,0.5,258:2,2,2,2,0,0,2,2,0,0
g017256,0.166666666666667,246:14,6,6,5,1,0,14,1,0,0
g017257,0.5,236:24,2,2,1,1,0,24,1,0,1
g017258,1,233:27,1,1,1,0,0,27,2,0,1
g017259,0.25,250:10,4,4,4,0,0,10,1,0,0
g017262,0.333333333333333,245:15,3,3,3,0,0,15,1,0,0
g017263,0.333333333333333,255:5,3,3,3,0,0,5,1,0,0
g017275,0.333333333333333,257:3,3,3,3,0,0,3,2,0,0
g017276,0.5,258:2,2,2,2,0,0,2,2,0,0
g017277,0.5,258:2,2,2,2,0,0,2,1,0,0
g017283,0.333333333333333,257:3,3,3,3,1,0,3,0,0,0
g017286,0.5,258:2,2,2,2,0,0,2,2,0,0
g017288,0.333333333333333,256:4,3,3,2,1,0,4,1,0,0
g017313,0.5,257:3,2,2,2,0,0,3,2,0,0
g017318,1,258:2,1,1,1,0,0,2,1,0,1
g017319,1,258:2,1,1,1,0,0,2,1,0,1
g017320,0.166666666666667,253:7,6,6,6,0,0,7,1,0,0
g017321,0.333333333333333,257:3,3,3,3,0,0,3,0,0,0
g017322,0.166666666666667,254:6,6,6,6,1,0,6,2,0,0
g017323,0.333333333333333,256:4,3,3,2,1,0,4,1,0,0
g017325,0.333333333333333,257:3,3,3,3,0,0,3,1,0,0
g017327,0.25,252:8,4,4,4,0,0,8,0,0,0
g017328,0.333333333333333,257:3,3,3,3,0,0,3,1,0,0
g017334,1,254:6,1,1,1,0,0,6,1,0,1
g017336,0.5,258:2,2,2,2,0,0,2,1,0,0
g017337,0.5,257:3,2,2,2,1,0,3,1,0,0
g017343,1,256:4,1,1,1,0,0,4,0,0,1
g017347,0.5,258:2,2,2,2,0,0,2,2,0,0
g017348,0.5,258:2,2,2,2,0,0,2,1,0,0
g017359,0.5,258:2,2,2,2,0,0,2,2,0,0
g017363,0.142857142857143,253:7,7,7,7,0,0,7,2,0,0
g017365,1,257:3,1,1,1,0,0,3,1,0,1
g017367,0.25,255:5,4,4,4,0,0,5,2,0,0
g017368,0.333333333333333,257:3,3,3,3,0,0,3,2,0,0
g017369,0.166666666666667,252:8,6,6,6,0,0,8,2,0,0
g017370,0.333333333333333,257:3,3,3,3,0,0,3,0,0,0
g017374,1,258:2,1,1,1,0,0,2,0,0,1
g017375,0.5,258:2,2,2,2,0,0,2,1,0,0
g017377,1,258:2,1,1,1,0,0,2,1,0,1
g017378,0.5,257:3,2,2,2,0,0,3,1,0,0
g017393,0.5,257:3,2,2,2,0,0,3,2,0,0
g017403,0.333333333333333,256:4,3,3,3,0,0,4,1,0,0
g017412,0.5,258:2,2,2,2,0,0,2,1,0,0
g017413,1,258:2,1,1,1,0,0,2,0,0,1
g017415,1,208:52,1,1,1,0,0,52,0,0,1
g017417,0.5,258:2,2,2,2,0,0,2,0,0,0
g017423,0.5,258:2,2,2,2,0,0,2,1,0,0
g017425,0.25,252:8,4,4,4,0,0,8,0,0,0
g017427,1,257:3,1,1,1,0,0,3,0,0,1
g017428,0.333333333333333,257:3,3,3,3,0,0,3,1,0,0
g017429,0.5,257:3,2,2,1,1,0,3,1,0,1
g017434,0.5,258:2,2,2,2,0,0,2,1,0,0
g017440,0.5,257:3,2,2,2,0,0,3,1,0,0
g017441,0.5,255:5,2,2,2,0,0,5,1,0,0
g017443,1,239:21,1,1,1,0,0,21,1,0,1
g017445,0.5,257:3,2,2,2,0,0,3,0,0,0
g017447,0.5,256:4,2,2,2,0,0,4,1,0,0
g017454,0.5,258:2,2,2,2,0,0,2,1,0,0
g017457,0.5,258:2,2,2,2,0,0,2,1,0,0
g017461,1,256:4,1,1,1,0,0,4,0,0,1
g017464,0.5,258:2,2,2,2,0,0,2,2,1,0
g017465,0.5,258:2,2,2,2,0,0,2,2,0,0
g017470,1,256:4,1,1,1,0,0,4,0,0,1
g017479,0.333333333333333,257:3,3,3,3,0,0,3,1,0,0
g017481,0.5,258:2,2,2,2,0,0,2,2,0,0
g017488,0.2,255:5,5,5,5,1,0,5,0,0,0
g017491,1,258:2,1,1,1,0,0,2,0,0,1
g017492,0.333333333333333,257:3,3,3,3,0,0,3,1,0,0
g017499,0.5,258:2,2,2,2,0,0,2,0,0,0
g017502,1,256:4,1,1,1,0,0,4,1,0,1
g017506,0.166666666666667,252:8,6,6,6,0,0,8,2,0,0
g017508,0.5,258:2,2,2,2,0,0,2,0,0,0
g017510,0.333333333333333,252:8,3,3,3,0,0,8,0,0,0
g017512,0.5,258:2,2,2,2,0,0,2,1,0,0
g017516,0.5,258:2,2,2,2,0,0,2,2,0,0
g017518,1,258:2,1,1,1,0,0,2,1,0,1
g017519,0.5,258:2,2,2,2,0,0,2,2,0,0
g017520,1,254:6,1,1,1,0,0,6,1,0,1
g017524,1,258:2,1,1,1,0,0,2,0,0,1
g017525,1,257:3,1,1,1,0,0,3,1,0,1
g017529,1,258:2,1,1,1,0,0,2,1,0,1
g017530,1,258:2,1,1,1,0,0,2,1,0,1
g017540,0.5,258:2,2,2,2,0,0,2,2,0,0
g017554,0.5,255:5,2,2,2,0,0,5,1,0,0
g017555,0.5,255:5,2,2,2,0,0,5,1,0,0
g017556,0.5,255:5,2,2,2,0,0,5,1,0,0
g017558,1,258:2,1,1,1,0,0,2,1,0,1
g017559,1,257:3,1,1,1,0,0,3,1,0,1
g017560,0.5,258:2,2,2,2,0,0,2,1,0,0
g017565,0.5,258:2,2,2,2,0,0,2,2,0,0
g017566,0.333333333333333,257:3,3,3,3,0,0,3,2,0,0
g017568,1,256:4,1,1,1,0,0,4,0,0,1
g017575,0.333333333333333,243:17,3,3,3,0,0,17,1,0,0
g017577,1,258:2,1,1,1,0,0,2,0,0,1
g017578,1,256:4,1,1,1,0,0,4,1,0,1
g017579,0.25,255:5,4,4,4,0,0,5,2,0,0
g017580,0.5,258:2,2,2,2,0,0,2,1,0,0
g017584,0.5,249:11,2,2,2,1,0,11,0,0,0
g017585,0.5,249:11,2,2,2,0,0,11,0,0,0
g017603,0.5,243:17,2,2,1,1,0,17,0,0,1
g017604,1,234:26,1,1,1,0,0,26,1,0,1
g017606,1,258:2,1,1,1,0,0,2,1,0,1
g017615,0.5,258:2,2,2,2,0,0,2,0,0,0
g017624,0.142857142857143,222:38,7,7,7,0,0,38,1,0,0
g017626,1,255:5,1,1,1,0,0,5,1,0,1
g017627,1,258:2,1,1,1,0,0,2,0,0,1
g017628,1,257:3,1,1,1,0,0,3,0,0,1
g017630,0.5,258:2,2,2,2,0,0,2,2,0,0
g017631,0.5,258:2,2,2,2,0,0,2,1,0,0
g017633,1,258:2,1,1,1,0,0,2,1,0,1
g017636,1,257:3,1,1,1,0,0,3,0,0,1
g017652,1,208:52,1,1,1,0,0,52,0,0,1
g017654,0.2,232:28,5,5,4,1,0,28,0,0,0
g017655,0.5,254:6,2,2,2,0,0,6,1,0,0
g017658,0.25,255:5,4,4,4,0,0,5,2,0,0
g017659,1,258:2,1,1,1,0,0,2,1,0,1
g017662,0.333333333333333,257:3,3,3,3,0,0,3,1,0,0
g017666,0.5,258:2,2,2,2,0,0,2,1,0,0
g017680,1,258:2,1,1,1,0,0,2,0,0,1
g017698,0.2,255:5,5,5,5,0,0,5,2,0,0
g017699,0.05,61:199,20,20,7,13,0,199,1,0,0
g017700,1,236:24,1,1,1,0,0,24,1,0,1
g017701,1,258:2,1,1,1,0,0,2,1,0,1
g017702,1,258:2,1,1,1,0,0,2,1,0,1
g017703,0.5,256:4,2,2,2,0,0,4,1,0,0
g017707,0.5,255:5,2,2,2,0,0,5,0,0,0
g017721,0.5,258:2,2,2,2,0,0,2,1,0,0
g017724,1,257:3,1,1,1,0,0,3,0,0,1
g017732,0.333333333333333,257:3,3,3,3,0,0,3,1,0,0
g017743,0.1,233:27,10,10,10,1,0,27,2,0,0
g017744,0.166666666666667,230:30,6,6,4,2,0,30,1,0,0
g017745,1,258:2,1,1,1,0,0,2,1,0,1
g017746,0.333333333333333,245:15,3,3,3,1,0,15,1,0,0
g017747,1,258:2,1,1,1,0,0,2,0,0,1
g017748,0.333333333333333,252:8,3,3,1,2,0,8,0,0,1
g017753,0.5,258:2,2,2,2,0,0,2,1,0,0
g017754,1,254:6,1,1,1,0,0,6,0,0,1
g017755,0.5,258:2,2,2,2,0,0,2,1,0,0
g017761,0.2,253:7,5,5,5,0,0,7,0,0,0
g017763,0.5,258:2,2,2,2,0,0,2,1,0,0
g017764,1,258:2,1,1,1,0,0,2,1,0,1
g017765,0.5,258:2,2,2,2,0,0,2,2,0,0
g017766,0.333333333333333,257:3,3,3,3,0,0,3,0,0,0
g017769,1,258:2,1,1,1,0,0,2,0,0,1
g017781,1,208:52,1,1,1,0,0,52,1,0,1
g017782,0.5,257:3,2,2,2,0,0,3,2,0,0
g017784,0.5,258:2,2,2,2,0,0,2,2,0,0
g017786,1,258:2,1,1,1,0,0,2,1,0,1
g017787,1,257:3,1,1,1,0,0,3,1,0,1
g017793,0.333333333333333,251:9,3,3,2,1,0,9,1,0,0
g017796,1,258:2,1,1,1,0,0,2,0,0,1
g017808,0.5,253:7,2,2,2,0,0,7,2,0,0
g017818,0.5,257:3,2,2,2,0,0,3,2,0,0
g017819,0.5,257:3,2,2,2,0,0,3,2,0,0
g017820,0.5,257:3,2,2,2,0,0,3,2,0,0
g017822,1,236:24,1,1,1,0,0,24,1,0,1
g017823,0.25,255:5,4,4,4,0,0,5,2,0,0
g017824,1,257:3,1,1,1,0,0,3,1,0,1
g017828,0.5,258:2,2,2,2,0,0,2,2,0,0
g017840,1,258:2,1,1,1,0,0,2,1,0,1
g017841,0.333333333333333,255:5,3,3,3,0,0,5,1,0,0
g017842,0.333333333333333,257:3,3,3,3,0,0,3,2,0,0
g017845,0.5,253:7,2,2,2,0,0,7,1,0,0
g017859,0.5,258:2,2,2,2,0,0,2,1,0,0
g017866,0.5,258:2,2,2,1,1,0,2,1,0,1
g017874,0.333333333333333,257:3,3,3,3,0,0,3,1,0,0
g017890,1,236:24,1,1,1,0,0,24,1,0,1
g017891,0.333333333333333,253:7,3,3,3,0,0,7,2,0,0
g017892,0.333333333333333,257:3,3,3,3,0,0,3,0,0,0
g017894,1,258:2,1,1,1,0,0,2,1,0,1
g017897,0.5,257:3,2,2,1,1,0,3,0,0,1
g017898,0.5,257:3,2,2,2,0,0,3,0,0,0
g017899,0.5,258:2,2,2,2,0,0,2,1,0,0
g017908,0.5,258:2,2,2,2,0,0,2,2,0,0
g017914,1,258:2,1,1,1,0,0,2,1,0,1
g017917,0.5,258:2,2,2,2,0,0,2,2,0,0
g017919,1,258:2,1,1,1,0,0,2,1,0,1
g017928,0.2,251:9,5,5,5,0,0,9,2,0,0
g017931,0.333333333333333,254:6,3,3,3,0,0,6,2,0,0
g017932,0.5,257:3,2,2,2,0,0,3,1,0,0
g017946,0.5,257:3,2,2,2,0,0,3,2,0,0
g017956,0.5,258:2,2,2,2,0,0,2,1,0,0
g017957,0.5,258:2,2,2,2,0,0,2,0,0,0
g017959,1,256:4,1,1,1,0,0,4,1,0,1
g017961,0.5,258:2,2,2,2,0,0,2,1,0,0
g017966,1,236:24,1,1,1,0,0,24,1,0,1
g017967,0.125,250:10,8,8,8,0,0,10,2,0,0
g017972,0.333333333333333,257:3,3,3,3,0,0,3,1,0,0
g017973,1,258:2,1,1,1,0,0,2,1,0,1
g017974,1,257:3,1,1,1,0,0,3,1,0,1
g017975,0.5,258:2,2,2,2,0,0,2,1,0,0
g017979,0.5,258:2,2,2,2,0,0,2,1,0,0
g017990,1,258:2,1,1,1,0,0,2,0,0,1
g017991,1,257:3,1,1,1,0,0,3,1,0,1
g017992,1,258:2,1,1,1,0,0,2,0,0,1
g017995,0.5,258:2,2,2,2,0,0,2,2,0,0
g017996,0.2,249:11,5,5,4,1,0,11,1,0,0
g017998,1,257:3,1,1,1,0,0,3,1,0,1
g017999,1,258:2,1,1,1,0,0,2,0,0,1
g018000,0.5,258:2,2,2,2,0,0,2,1,0,0
g018011,0.333333333333333,257:3,3,3,3,0,0,3,1,0,0
g018013,1,258:2,1,1,1,0,0,2,1,0,1
g018017,0.0555555555555556,193:67,18,18,14,5,0,67,1,0,0
g018021,0.2,254:6,5,5,5,0,0,6,2,0,0
g018024,0.5,258:2,2,2,2,0,0,2,0,0,0
g018031,0.0526315789473684,236:24,19,19,19,1,0,24,2,0,0
g018033,1,256:4,1,1,1,0,0,4,1,0,1
g018035,0.333333333333333,257:3,3,3,3,0,0,3,1,0,0
g018041,1,258:2,1,1,1,0,0,2,0,0,1
g018047,0.2,255:5,5,5,5,0,0,5,2,0,0
g018048,1,254:6,1,1,1,0,0,6,0,0,1
g018049,1,257:3,1,1,1,0,0,3,1,0,1
g018055,0.5,256:4,2,2,2,0,0,4,1,0,0
g018063,0.142857142857143,222:38,7,7,1,6,0,38,1,0,1
g018064,0.333333333333333,257:3,3,3,3,0,0,3,0,0,0
g018065,1,258:2,1,1,1,0,0,2,1,0,1
g018066,1,254:6,1,1,1,0,0,6,1,0,1
g018073,0.5,258:2,2,2,2,0,0,2,0,0,0
g018088,0.0454545454545455,200:60,22,22,15,9,0,60,1,0,0
g018089,0.0714285714285714,246:14,14,14,14,0,0,14,2,0,0
g018090,0.25,255:5,4,4,4,0,0,5,2,0,0
g018093,1,256:4,1,1,1,0,0,4,1,0,1
g018094,0.5,257:3,2,2,2,0,0,3,0,0,0
g018096,0.333333333333333,257:3,3,3,3,0,0,3,1,0,0
g018106,0.5,255:5,2,2,2,0,0,5,1,0,0
g018109,1,256:4,1,1,1,0,0,4,1,0,1
g018113,1,258:2,1,1,1,0,0,2,1,0,1
g018114,0.5,258:2,2,2,2,0,0,2,0,0,0
g018116,0.5,258:2,2,2,2,0,0,2,1,0,0
g018118,0.5,258:2,2,2,2,0,0,2,2,0,0
g018122,0.5,255:5,2,2,2,0,0,5,1,0,0
g018123,0.5,254:6,2,2,2,0,0,6,1,0,0
g018125,0.333333333333333,256:4,3,3,2,1,0,4,1,0,0
g018126,0.5,258:2,2,2,2,1,0,2,1,0,0
g018136,0.2,254:6,5,5,5,0,0,6,1,0,0
g018138,0.25,250:10,4,4,4,1,0,10,1,0,0
g018142,0.5,254:6,2,2,2,0,0,6,1,0,0
g018148,0.5,256:4,2,2,2,0,0,4,1,0,0
g018153,0.142857142857143,228:32,7,7,4,3,0,32,1,0,0
g018154,1,258:2,1,1,1,0,0,2,1,0,1
g018156,0.5,258:2,2,2,2,0,0,2,2,0,0
g018163,0.5,253:7,2,2,2,0,0,7,1,0,0
g018164,0.5,255:5,2,2,2,0,0,5,1,0,0
g018168,0.25,177:83,4,4,4,0,0,83,1,0,0
g018169,0.333333333333333,250:10,3,3,3,0,0,10,1,0,0
g018170,0.5,255:5,2,2,2,0,0,5,1,0,0
g018172,0.2,254:6,5,5,5,1,0,6,1,0,0
g018174,0.5,258:2,2,2,2,0,0,2,1,0,0
g018175,0.333333333333333,256:4,3,3,3,1,0,4,1,0,0
g018181,0.5,258:2,2,2,2,0,0,2,0,0,0
g018182,0.5,258:2,2,2,2,0,0,2,2,0,0
g018183,0.25,255:5,4,4,3,1,0,5,1,0,0
g018191,0.5,257:3,2,2,2,0,0,3,2,0,0
g018197,0.125,214:46,8,8,8,1,0,46,1,0,0
g018198,1,257:3,1,1,1,0,0,3,1,0,1
g018200,0.2,243:17,5,5,4,2,0,17,1,0,0
g018204,0.5,254:6,2,2,2,0,0,6,1,0,0
